# Alias OBJ Model File
# Exported from SketchUp, (c) 2000-2012 Trimble Navigation Limited
# File units = meters

mtllib MODELO VILLA ALEMANA.mtl

g Mesh1 Group1 new_block_dwg1 Model

usemtl FrontColor
v 268.068 16 -0
vt 10553.9 0
vn 0 1 -0
v 269.571 16 -0
vt 10613 0
v 269.275 16 -0.206231
vt 10601.4 8.11933
v 268.88 16 -0.242084
vt 10585.8 9.53086
f 1/1/1 2/2/1 3/3/1 4/4/1 

g Mesh2 Group1 new_block_dwg1 Model

usemtl D04_Dandelion_Burst
v 145.835 17.5 -49.6678
vt 5741.54 1955.43
vn -6.29826e-16 1 2.25408e-15
v 152.497 17.5 -47.3372
vt 6003.8 1863.67
v 160.667 17.5 -45.4239
vt 6325.46 1788.34
v 157.938 17.5 -48.7506
vt 6218.02 1919.31
v 151.053 17.5 -54.5047
vt 5946.99 2145.85
v 140.811 17.5 -57.9649
vt 5543.75 2282.08
v 128.937 17.5 -57.7273
vt 5076.27 2272.73
v 118.223 17.5 -55.3633
vt 4654.46 2179.66
v 132.351 17.5 -52.0549
vt 5210.67 2049.41
v 133.243 17.5 -52.127
vt 5245.78 2052.24
f 5/5/2 6/6/2 7/7/2 8/8/2 9/9/2 10/10/2 11/11/2 12/12/2 13/13/2 14/14/2 

usemtl FrontColor
v 145.835 18 -49.6678
vt -4773.69 787.402
vn 0.330233 -1.00104e-16 -0.943899
v 152.497 18 -47.3372
vt -5051.54 787.402
vt -5051.54 767.717
vt -4773.69 767.717
f 15/15/3 16/16/3 6/17/3 5/18/3 

usemtl D04_Dandelion_Burst
v 133.243 18 -52.127
v 132.351 18 -52.0549
f 17/14/1 18/13/1 16/6/1 15/5/1 

usemtl FrontColor
vt -5358.79 787.402
vn -0.0805349 -1.31443e-18 -0.996752
vt -5394.02 787.402
vt -5394.02 767.717
vt -5358.79 767.717
f 18/19/4 17/20/4 14/21/4 13/22/4 

usemtl D04_Dandelion_Burst
vt -4755.16 787.402
vn 0.19167 0 -0.981459
vt -5260.29 787.402
vt -5260.29 767.717
vt -4755.16 767.717
f 17/23/5 15/24/5 5/25/5 14/26/5 

usemtl FrontColor
v 119.172 18 -50.9901
vt -4838.26 787.402
vn -0.0805349 3.40064e-17 -0.996752
v 119.172 17.5 -50.9901
vt -4838.26 767.717
f 19/27/6 18/19/6 13/22/6 20/28/6 

v 169.617 18 -0
vt 6677.85 5.22839e-13
vn -1.45474e-16 1 6.64006e-16
v 170.888 18 -0
vt 6727.85 5.22839e-13
v 170.888 18 -11.9102
vt 6727.85 468.906
v 168.529 18 -16.1847
vt 6635.02 637.193
v 162.882 18 -33.6227
vt 6412.67 1323.73
v 160.743 18 -37.9411
vt 6328.48 1493.74
v 157.814 18 -43.2855
vt 6213.14 1704.15
v 153.136 18 -47.1134
vt 6028.99 1854.86
vt 4691.82 2007.48
v 106.706 18 -48.1501
vt 4201.03 1895.67
v 88.5566 18 -40.8309
vt 3486.48 1607.52
v 75.4947 18 -29.5513
vt 2972.23 1163.44
v 63.3405 18 -0
vt 2493.72 5.22839e-13
v 64.7142 18 -0
vt 2547.8 5.22839e-13
v 78.1547 18 -27.3315
vt 3076.96 1076.04
v 91.7466 18 -37.3383
vt 3612.07 1470.01
v 100.557 18 -40.6376
vt 3958.95 1599.9
v 112.353 18 -44.9401
vt 4423.33 1769.3
v 123.167 18 -46.4977
vt 4849.09 1830.62
v 132.947 18 -46.016
vt 5234.15 1811.65
v 145.631 18 -42.7907
vt 5733.52 1684.67
v 152.688 18 -37.5716
vt 6011.32 1479.2
v 157.609 18 -30.2749
vt 6205.07 1191.92
v 161.703 18 -15.2749
vt 6366.28 601.374
v 164.471 18 -7.57639
vt 6475.22 298.283
f 21/29/7 22/30/7 23/31/7 24/32/7 25/33/7 26/34/7 27/35/7 28/36/7 16/6/7 18/13/7 19/37/7 29/38/7 30/39/7 31/40/7 32/41/7 33/42/7 34/43/7 35/44/7 36/45/7 37/46/7 38/47/7 39/48/7 40/49/7 41/50/7 42/51/7 43/52/7 44/53/7 

v 185.299 17.5 -0
vt 7295.22 767.717
vn 1.06347e-17 -2.70284e-16 1
v 177.458 17.5 -0
vt 6986.53 767.717
v 177.458 17 4.09389e-17
vt 6986.53 748.031
v 170.888 17 4.09389e-17
vt 6727.85 748.031
v 170.888 17.5 2.04694e-17
vt 6727.85 767.717
vt 6727.85 787.402
vt 6677.85 787.402
v 169.617 18.5 -0
vt 6677.85 807.087
v 161.777 18.5 -0
vt 6369.17 807.087
v 161.777 19 -0
vt 6369.17 826.772
v 153.936 19 -0
vt 6060.49 826.772
v 153.936 19.5 -0
vt 6060.49 846.457
v 147.728 19.5 -0
vt 5816.08 846.457
v 147.728 20 -0
vt 5816.08 866.142
v 141.565 20 -0
vt 5573.43 866.142
v 141.565 20.5 -0
vt 5573.43 885.827
v 135.402 20.5 -0
vt 5330.78 885.827
v 135.402 21 -0
vt 5330.78 905.512
v 129.238 21 -0
vt 5088.13 905.512
v 129.238 21.5 -0
vt 5088.13 925.197
v 123.075 21.5 -0
vt 4845.48 925.197
v 123.075 22 -0
vt 4845.48 944.882
v 116.912 22 -0
vt 4602.83 944.882
v 116.912 22.5 -0
vt 4602.83 964.567
v 75.7038 22.5 -0
vt 2980.47 964.567
v 75.7038 22 -0
vt 2980.47 944.882
v 74.3301 22 -0
vt 2926.38 944.882
v 74.3301 21.5 -0
vt 2926.38 925.197
v 72.9564 21.5 -0
vt 2872.3 925.197
v 72.9564 21 -0
vt 2872.3 905.512
v 71.5827 21 -0
vt 2818.22 905.512
v 71.5827 20.5 -0
vt 2818.22 885.827
v 70.209 20.5 -0
vt 2764.13 885.827
v 70.209 20 -0
vt 2764.13 866.142
v 68.8353 20 -0
vt 2710.05 866.142
v 68.8353 19.5 -0
vt 2710.05 846.457
v 67.4616 19.5 -0
vt 2655.97 846.457
v 67.4616 19 -0
vt 2655.97 826.772
v 66.0879 19 -0
vt 2601.89 826.772
v 66.0879 18.5 -0
vt 2601.89 807.087
v 64.7142 18.5 -0
vt 2547.8 807.087
vt 2547.8 787.402
vt 2493.72 787.402
v 63.3405 17.5 -0
vt 2493.72 767.717
v 61.9668 17.5 -0
vt 2439.64 767.717
v 61.9668 17 -0
vt 2439.64 748.031
v 60.5931 17 -0
vt 2385.56 748.031
v 60.5931 16.5 -9.33398e-33
vt 2385.56 728.346
v 59.2194 16.5 -0
vt 2331.47 728.346
v 59.2194 16 -7.17538e-33
vt 2331.47 708.661
v 57.8457 16 -0
vt 2277.39 708.661
v 57.8457 15.5 -0
vt 2277.39 688.976
v 56.472 15.5 -0
vt 2223.31 688.976
v 56.472 15 -0
vt 2223.31 669.291
v 55.0983 15 -0
vt 2169.23 669.291
v 55.0983 14.5 -0
vt 2169.23 649.606
v 53.7246 14.5 -0
vt 2115.14 649.606
v 53.7246 14 -0
vt 2115.14 629.921
v 52.3509 14 -0
vt 2061.06 629.921
v 52.3509 13.5 -2.17512e-32
vt 2061.06 610.236
v 50.9772 13.5 -0
vt 2006.98 610.236
v 50.9772 13 6.2392e-33
vt 2006.98 590.551
v 49.6035 13 -0
vt 1952.89 590.551
v 49.6035 12.5 -1.56251e-32
vt 1952.89 570.866
v 48.2298 12.5 -0
vt 1898.81 570.866
v 48.2298 12 -1.16661e-32
vt 1898.81 551.181
v 46.8561 12 -0
vt 1844.73 551.181
v 46.8561 11.5 -1.5731e-32
vt 1844.73 531.496
v 45.4824 11.5 -0
vt 1790.65 531.496
v 45.4824 11 -2.10687e-33
vt 1790.65 511.811
v 44.1087 11 -0
vt 1736.56 511.811
v 44.1087 10.5 1.0889e-32
vt 1736.56 492.126
v 42.735 10.5 -0
vt 1682.48 492.126
v 42.735 10 -0
vt 1682.48 472.441
v 41.3613 10 -0
vt 1628.4 472.441
v 41.3613 9.5 1.89263e-17
vt 1628.4 452.756
v 39.9876 9.5 -0
vt 1574.32 452.756
v 39.9876 9 -1.53669e-32
vt 1574.32 433.071
v 38.6139 9 -0
vt 1520.23 433.071
v 38.6139 8.5 3.8766e-17
vt 1520.23 413.386
v 35.2188 8.5 -0
vt 1386.57 413.386
v 35.2188 8 4.54388e-17
vt 1386.57 393.701
v 31.5152 8 -0
vt 1240.75 393.701
v 31.5152 7.5 4.37197e-17
vt 1240.75 374.016
v 27.8115 7.5 -0
vt 1094.94 374.016
v 27.8115 7 4.6335e-17
vt 1094.94 354.331
v 24.1079 7 -0
vt 949.128 354.331
v 24.1079 6.5 4.79248e-17
vt 949.128 334.646
v 20.4042 6.5 -0
vt 803.315 334.646
v 20.4042 6 5.15212e-17
vt 803.315 314.961
v 16.7006 6 -0
vt 657.502 314.961
v 16.7006 5.5 3.11948e-17
vt 657.502 295.276
v 12.9969 5.5 -0
vt 511.689 295.276
v 12.9969 5 3.00789e-17
vt 511.689 275.591
v 9.29326 5 -0
vt 365.876 275.591
v 9.29326 4.5 3.34293e-17
vt 365.876 255.906
v 5.58961 4.5 -0
vt 220.063 255.906
v 5.58961 4 3.59243e-17
vt 220.063 236.22
v 1.88596 4 -0
vt 74.2504 236.22
v 1.88596 3.5 3.62683e-17
vt 74.2504 216.535
v 1.44382e-15 3.5 -1.15506e-14
vt 5.68434e-14 216.535
v 2.88765e-15 -12.1671 -0
vt 1.13687e-13 -400.278
v 307.456 -12.1671 -4.02059e-14
vt 12104.6 -400.278
v 307.456 10.5 -0
vt 12104.6 492.126
v 305.898 10.5 1.0889e-32
vt 12043.2 492.126
v 305.898 11 -0
vt 12043.2 511.811
v 302.265 11 -2.10687e-33
vt 11900.2 511.811
v 302.265 11.5 -0
vt 11900.2 531.496
v 298.632 11.5 -1.5731e-32
vt 11757.2 531.496
v 298.632 12 -0
vt 11757.2 551.181
v 294.999 12 -1.16661e-32
vt 11614.2 551.181
v 294.999 12.5 -0
vt 11614.2 570.866
v 291.367 12.5 -1.56251e-32
vt 11471.1 570.866
v 291.367 13 -0
vt 11471.1 590.551
v 226.307 13 6.2392e-33
vt 8909.74 590.551
v 226.307 13.5 -0
vt 8909.74 610.236
v 221.515 13.5 -2.17512e-32
vt 8721.05 610.236
v 221.515 14 -0
vt 8721.05 629.921
v 216.722 14 -0
vt 8532.36 629.921
v 216.722 14.5 -0
vt 8532.36 649.606
v 211.929 14.5 -0
vt 8343.67 649.606
v 211.929 15 -0
vt 8343.67 669.291
v 207.137 15 -0
vt 8154.99 669.291
v 207.137 15.5 -0
vt 8154.99 688.976
v 202.344 15.5 -0
vt 7966.3 688.976
v 202.344 16 -0
vt 7966.3 708.661
v 197.551 16 -7.17538e-33
vt 7777.61 708.661
v 197.551 16.5 -0
vt 7777.61 728.346
v 192.759 16.5 -9.33398e-33
vt 7588.92 728.346
v 192.759 17 -0
vt 7588.92 748.031
v 190.888 17 -5.77529e-15
vt 7515.26 748.031
v 185.299 17 -0
vt 7295.22 748.031
f 45/54/8 46/55/8 47/56/8 48/57/8 49/58/8 22/59/8 21/60/8 50/61/8 51/62/8 52/63/8 53/64/8 54/65/8 55/66/8 56/67/8 57/68/8 58/69/8 59/70/8 60/71/8 61/72/8 62/73/8 63/74/8 64/75/8 65/76/8 66/77/8 67/78/8 68/79/8 69/80/8 70/81/8 71/82/8 72/83/8 73/84/8 74/85/8 75/86/8 76/87/8 77/88/8 78/89/8 79/90/8 80/91/8 81/92/8 82/93/8 83/94/8 33/95/8 32/96/8 84/97/8 85/98/8 86/99/8 87/100/8 88/101/8 89/102/8 90/103/8 91/104/8 92/105/8 93/106/8 94/107/8 95/108/8 96/109/8 97/110/8 98/111/8 99/112/8 100/113/8 101/114/8 102/115/8 103/116/8 104/117/8 105/118/8 106/119/8 107/120/8 108/121/8 109/122/8 110/123/8 111/124/8 112/125/8 113/126/8 114/127/8 115/128/8 116/129/8 117/130/8 118/131/8 119/132/8 120/133/8 121/134/8 122/135/8 123/136/8 124/137/8 125/138/8 126/139/8 127/140/8 128/141/8 129/142/8 130/143/8 131/144/8 132/145/8 133/146/8 134/147/8 135/148/8 136/149/8 137/150/8 138/151/8 139/152/8 140/153/8 141/154/8 142/155/8 143/156/8 144/157/8 145/158/8 146/159/8 147/160/8 148/161/8 149/162/8 150/163/8 151/164/8 152/165/8 153/166/8 154/167/8 155/168/8 156/169/8 157/170/8 158/171/8 159/172/8 160/173/8 161/174/8 162/175/8 163/176/8 164/177/8 165/178/8 166/179/8 167/180/8 168/181/8 169/182/8 170/183/8 171/184/8 172/185/8 

usemtl A06_Ruby_Spark
v 171.512 17.5 -22.752
vt 6752.44 895.749
vn -4.24422e-15 1 2.7694e-15
v 170.888 17.5 -24.4638
vt 6727.85 963.142
v 170.888 17.5 -11.9102
vt 6986.53 2.12611e-12
vt 7295.22 2.12611e-12
v 175.072 17.5 -15.0535
vt 6892.6 592.658
f 173/186/9 174/187/9 175/31/9 46/188/9 45/189/9 176/190/9 

usemtl FrontColor
vt -1400.84 767.717
vn 0.939444 2.95445e-16 -0.342703
vt -1472.57 767.717
v 171.512 17 -22.752
vt -1472.57 748.031
v 170.888 17 -24.4638
vt -1400.84 748.031
v 167.107 17 -34.8279
vt -966.5 748.031
v 167.107 17.5 -34.8279
vt -966.5 767.717
f 174/191/10 173/192/10 177/193/10 178/194/10 179/195/10 180/196/10 

vt -2021.25 767.717
vn 0.907644 0 -0.41974
vt -2355.18 767.717
v 175.072 17 -15.0535
vt -2355.18 748.031
vt -2021.25 748.031
f 173/197/11 176/198/11 181/199/11 177/200/11 

vt -3382.96 767.717
vn 0.827182 4.41437e-28 -0.561935
vt -4099.44 767.717
vt -4099.44 748.031
vt -3382.96 748.031
f 176/201/12 45/202/12 172/203/12 181/204/12 

usemtl A06_Ruby_Spark
v 171.8 17 -37.182
vt 6763.79 1463.86
vn -1.41905e-14 1 8.33696e-15
v 170.888 17 -38.6501
vt 6727.85 1521.66
vt 7295.22 6.23631e-12
vt 7515.26 6.46369e-12
v 190.888 17 -3.14841
vt 7515.26 123.953
v 189.258 17 -5.65669
vt 7451.12 222.704
v 181.339 17 -18.2786
vt 7139.35 719.628
v 176.63 17 -26.8493
vt 6953.96 1057.06
f 182/205/13 183/206/13 178/187/13 177/186/13 181/190/13 172/207/13 171/208/13 184/209/13 185/210/13 186/211/13 187/212/13 

usemtl D04_Dandelion_Burst
vt -2259.69 748.031
vn 0.849274 -2.4268e-17 -0.527953
vt -2327.75 748.031
v 171.8 16.5 -37.182
vt -2327.75 728.346
v 170.888 16.5 -38.6501
vt -2259.69 728.346
f 183/213/14 182/214/14 188/215/14 189/216/14 

usemtl FrontColor
vt -1538.27 748.031
vn 0.905902 -2.825e-29 -0.423488
vt -1987.32 748.031
v 176.63 16.5 -26.8493
vt -1987.32 728.346
vt -1538.27 728.346
f 182/217/15 187/218/15 190/219/15 188/220/15 

vt -2422.09 748.031
vn 0.87643 -2.57131e-16 -0.481529
vt -2807.1 748.031
v 181.339 16.5 -18.2786
vt -2807.1 728.346
vt -2422.09 728.346
f 187/221/16 186/222/16 191/223/16 190/224/16 

vt -3184.71 748.031
vn 0.847082 -8.86319e-30 -0.531462
vt -3771.34 748.031
v 189.258 16.5 -5.65669
vt -3771.34 728.346
vt -3184.71 728.346
f 186/225/17 185/226/17 192/227/17 191/228/17 

usemtl D04_Dandelion_Burst
vt -3871.73 748.031
vn 0.838642 -2.94055e-16 -0.544683
vt -3989.48 748.031
v 190.888 16.5 -3.14841
vt -3989.48 728.346
vt -3871.73 728.346
f 185/229/18 184/230/18 193/231/18 192/232/18 

usemtl FrontColor
vn 0.838642 -1.80942e-16 -0.544683
v 192.562 17 -0.570533
vt -4110.5 748.031
v 192.562 16.5 -0.570533
vt -4110.5 728.346
f 184/230/19 194/233/19 195/234/19 193/231/19 

vt 7581.17 22.4619
vn -2.19201e-14 1 5.55245e-15
vt 7515.26 4.38078e-12
vt 7588.92 4.15341e-12
f 194/235/20 184/209/20 171/236/20 170/237/20 

vt -2450.64 748.031
vn 0.945351 0 -0.326055
vt -2474.4 748.031
vt -2474.4 728.346
vt -2450.64 728.346
f 194/238/21 170/239/21 169/240/21 195/241/21 

v 195.547 16.5 -5.98834
vt 7698.69 235.761
vn -8.40861e-15 1 2.51052e-15
v 190.888 16.5 -13.9697
vt 7515.26 549.986
vt 7588.92 1.82853e-12
vt 7777.61 1.82853e-12
v 196.625 16.5 -3.39186
vt 7741.14 133.538
f 196/242/22 197/243/22 193/209/22 195/235/22 169/244/22 168/245/22 198/246/22 

vt -3313.86 728.346
vn 0.863615 -1.98995e-16 -0.504152
vt -3677.7 728.346
v 195.547 16 -5.98834
vt -3677.7 708.661
v 190.888 16 -13.9697
vt -3313.86 708.661
f 197/247/23 196/248/23 199/249/23 200/250/23 

vt -2734.76 728.346
vn 0.923538 4.48336e-33 -0.383506
vt -2845.45 728.346
v 196.625 16 -3.39186
vt -2845.45 708.661
vt -2734.76 708.661
f 196/251/24 198/252/24 201/253/24 199/254/24 

vt -1910.56 728.346
vn 0.964674 0 -0.263447
vt -2048.99 728.346
vt -2048.99 708.661
vt -1910.56 708.661
f 198/255/25 168/256/25 167/257/25 201/258/25 

v 192.865 16 -22.0632
vt 7593.11 868.631
vn -2.46349e-14 1 9.82323e-15
v 190.888 16 -25.6175
vt 7515.26 1008.56
vt 7777.61 6.96135e-12
vt 7966.3 6.96135e-12
v 200.594 16 -6.40726
vt 7897.41 252.254
v 198.557 16 -11.312
vt 7817.22 445.356
f 202/259/26 203/260/26 200/243/26 199/242/26 201/246/26 167/261/26 166/262/26 204/263/26 205/264/26 

vt -2772.53 708.661
vn 0.873852 3.09436e-17 -0.486193
vt -2932.66 708.661
v 192.865 15.5 -22.0632
vt -2932.66 688.976
v 190.888 15.5 -25.6175
vt -2772.53 688.976
f 203/265/27 202/266/27 206/267/27 207/268/27 

vt -2785.33 708.661
vn 0.883769 0 -0.467924
vt -3264.27 708.661
v 198.557 15.5 -11.312
vt -3264.27 688.976
vt -2785.33 688.976
f 202/269/28 205/270/28 208/271/28 206/272/28 

vt -2586.65 708.661
vn 0.923538 0 -0.383506
vt -2795.74 708.661
v 200.594 15.5 -6.40726
vt -2795.74 688.976
vt -2586.65 688.976
f 205/273/29 204/274/29 209/275/29 208/276/29 

vt -1837.21 708.661
vt -2098.7 708.661
vt -2098.7 688.976
vt -1837.21 688.976
f 204/277/25 166/278/25 165/279/25 209/280/25 

v 191.398 15.5 -37.3712
vt 7535.36 1471.31
vn -1.10904e-14 1 3.74981e-15
v 190.888 15.5 -38.0586
vt 7515.26 1498.37
vt 7966.3 2.58353e-12
vt 8154.99 2.58353e-12
v 202.211 15.5 -14.2801
vt 7961.08 562.207
v 194.512 15.5 -31.2079
vt 7657.96 1228.66
v 193.017 15.5 -34.1682
vt 7599.09 1345.21
f 210/281/30 211/282/30 207/260/30 206/259/30 208/264/30 209/263/30 165/283/30 164/284/30 212/285/30 213/286/30 214/287/30 

vt -3279.28 688.976
vn 0.802696 1.30357e-16 -0.596389
vt -3312.99 688.976
v 191.398 15 -37.3712
vt -3312.99 669.291
v 190.888 15 -38.0586
vt -3279.28 669.291
f 211/288/31 210/289/31 215/290/31 216/291/31 

vt -2085.43 688.976
vn 0.892514 0 -0.45102
vt -2226.72 688.976
v 193.017 15 -34.1682
vt -2226.72 669.291
vt -2085.43 669.291
f 210/292/32 214/293/32 217/294/32 215/295/32 

vt -2225.66 688.976
vn 0.892579 0 -0.450892
vt -2356.24 688.976
v 194.512 15 -31.2079
vt -2356.24 669.291
vt -2225.66 669.291
f 214/296/33 213/297/33 218/298/33 217/299/33 

vt -2052.08 688.976
vn 0.910271 0 -0.414013
vt -2784.23 688.976
v 202.211 15 -14.2801
vt -2784.23 669.291
vt -2052.08 669.291
f 213/300/34 212/301/34 219/302/34 218/303/34 

vt -2064.26 688.976
vn 0.945351 -5.045e-28 -0.326055
vt -2658.97 688.976
vt -2658.97 669.291
vt -2064.26 669.291
f 212/304/35 164/305/35 163/306/35 219/307/35 

v 195.691 15 -38.9332
vt 7704.36 1532.8
vn -9.20017e-15 1 2.09138e-15
v 192.236 15 -43.8033
vt 7568.34 1724.54
v 190.888 15 -42.5753
vt 7515.26 1676.19
vt 8154.99 1.39974e-12
vt 8343.67 1.39974e-12
v 208.533 15 -12.4381
vt 8209.94 489.687
v 205.461 15 -20.1366
vt 8089.03 792.778
v 199.13 15 -32.7036
vt 7839.77 1287.54
f 220/308/36 221/309/36 222/310/36 216/282/36 215/281/36 217/287/36 218/286/36 219/285/36 163/311/36 162/312/36 223/313/36 224/314/36 225/315/36 

vt -2972.52 669.291
vn 0.815608 2.40494e-16 -0.578604
vt -3207.61 669.291
v 195.691 14.5 -38.9332
vt -3207.61 649.606
v 192.236 14.5 -43.8033
vt -2972.52 649.606
f 221/316/37 220/317/37 226/318/37 227/319/37 

vt -2381.97 669.291
vn 0.875432 0 -0.483342
vt -2662.13 669.291
v 199.13 14.5 -32.7036
vt -2662.13 649.606
vt -2381.97 649.606
f 220/320/38 225/321/38 228/322/38 226/323/38 

vt -2377.38 669.291
vn 0.89307 0 -0.449917
vt -2931.39 669.291
v 205.461 14.5 -20.1366
vt -2931.39 649.606
vt -2377.38 649.606
f 225/324/39 224/325/39 229/326/39 228/327/39 

vt -2260.93 669.291
vn 0.928818 0 -0.370536
vt -2587.25 669.291
v 208.533 14.5 -12.4381
vt -2587.25 649.606
vt -2260.93 649.606
f 224/328/40 223/329/40 230/330/40 229/331/40 

vt -1690.5 669.291
vn 0.964674 5.14812e-28 -0.263447
vt -2198.12 669.291
vt -2198.12 649.606
vt -1690.5 649.606
f 223/332/41 162/333/41 161/334/41 230/335/41 

v 197.644 14.5 -44.6913
vt 7781.25 1759.5
vn -2.67899e-14 1 1.08543e-14
v 195.688 14.5 -46.947
vt 7704.23 1848.31
vt 8343.67 7.05105e-12
vt 8532.36 7.05105e-12
v 210.645 14.5 -19.2886
vt 8293.1 759.393
v 204.019 14.5 -34.6574
vt 8032.24 1364.46
v 201.331 14.5 -39.0557
vt 7926.43 1537.63
f 231/336/42 232/337/42 227/309/42 226/308/42 228/315/42 229/314/42 230/313/42 161/338/42 160/339/42 233/340/42 234/341/42 235/342/42 

vt -3651.09 649.606
vn 0.755494 1.24609e-16 -0.655156
vt -3768.63 649.606
v 197.644 14 -44.6913
vt -3768.63 629.921
v 195.688 14 -46.947
vt -3651.09 629.921
f 232/343/43 231/344/43 236/345/43 237/346/43 

vt -2788.23 649.606
vn 0.83678 0 -0.54754
vt -3053.38 649.606
v 201.331 14 -39.0557
vt -3053.38 629.921
vt -2788.23 629.921
f 231/347/44 235/348/44 238/349/44 236/350/44 

vt -2820.73 649.606
vn 0.853315 0 -0.521396
vt -3023.66 649.606
v 204.019 14 -34.6574
vt -3023.66 629.921
vt -2820.73 629.921
f 235/351/45 234/352/45 239/353/45 238/354/45 

vt -1927.04 649.606
vn 0.918291 0 -0.395907
vt -2585.95 649.606
v 210.645 14 -19.2886
vt -2585.95 629.921
vt -1927.04 629.921
f 234/355/46 233/356/46 240/357/46 239/358/46 

vt -1767.84 649.606
vn 0.95378 -5.59649e-16 -0.300506
vt -2564.03 649.606
vt -2564.03 629.921
vt -1767.84 629.921
f 233/359/47 160/360/47 159/361/47 240/362/47 

v 203.389 14 -44.6952
vt 8007.43 1759.65
vn -2.23609e-14 1 8.69993e-15
v 199.302 14 -50.2393
vt 7846.55 1977.93
vt 8532.36 5.48027e-12
vt 8721.05 5.48027e-12
v 216.471 14 -18.4688
vt 8522.48 727.12
v 213.718 14 -26.1673
vt 8414.1 1030.21
v 208.214 14 -36.7779
vt 8197.4 1447.95
f 241/363/48 242/364/48 237/337/48 236/336/48 238/342/48 239/341/48 240/340/48 159/365/48 158/366/48 243/367/48 244/368/48 245/369/48 

vt -3063.16 629.921
vn 0.804982 8.37908e-17 -0.5933
vt -3334.32 629.921
v 203.389 13.5 -44.6952
vt -3334.32 610.236
v 199.302 13.5 -50.2393
vt -3063.16 610.236
f 242/370/49 241/371/49 246/372/49 247/373/49 

vt -2664.63 629.921
vn 0.853911 2.76679e-32 -0.520419
vt -3029.66 629.921
v 208.214 13.5 -36.7779
vt -3029.66 610.236
vt -2664.63 610.236
f 241/374/50 245/375/50 248/376/50 246/377/50 

vt -2489.4 629.921
vn 0.887672 2.5259e-32 -0.460475
vt -2960 629.921
v 213.718 13.5 -26.1673
vt -2960 610.236
vt -2489.4 610.236
f 245/378/51 244/379/51 249/380/51 248/381/51 

vt -1863.05 629.921
vn 0.941609 2.01925e-32 -0.336709
vt -2184.93 629.921
v 216.471 13.5 -18.4688
vt -2184.93 610.236
vt -1863.05 610.236
f 244/382/52 243/383/52 250/384/52 249/385/52 

vt -1543.79 629.921
vn 0.964674 2.83021e-16 -0.263447
vt -2297.54 629.921
vt -2297.54 610.236
vt -1543.79 610.236
f 243/386/53 158/387/53 157/388/53 250/389/53 

v 206.964 13.5 -47.8477
vt 8148.18 1883.77
vn -2.27056e-14 1 8.81005e-15
v 202.76 13.5 -53.3886
vt 7982.69 2101.91
vt 8721.05 5.37621e-12
vt 8909.74 5.37621e-12
v 220.44 13.5 -21.4842
vt 8678.75 845.836
v 217.846 13.5 -29.1827
vt 8576.63 1148.93
v 212.619 13.5 -38.9508
vt 8370.82 1533.5
f 251/390/54 252/391/54 247/364/54 246/363/54 248/369/54 249/368/54 250/367/54 157/392/54 156/393/54 253/394/54 254/395/54 255/396/54 

vt -3150.1 610.236
vn 0.796688 5.05018e-16 -0.604391
vt -3423.91 610.236
v 206.964 13 -47.8477
vt -3423.91 590.551
v 202.76 13 -53.3886
vt -3150.1 590.551
f 252/397/55 251/398/55 256/399/55 257/400/55 

vt -2781.09 610.236
vn 0.843947 -5.90433e-33 -0.536426
vt -3196.13 610.236
v 212.619 13 -38.9508
vt -3196.13 590.551
vt -2781.09 590.551
f 251/401/56 255/402/56 258/403/56 256/404/56 

vt -2597.73 610.236
vn 0.881678 -5.06325e-33 -0.471851
vt -3033.91 610.236
v 217.846 13 -29.1827
vt -3033.91 590.551
vt -2597.73 590.551
f 255/405/57 254/406/57 259/407/57 258/408/57 

vt -1649.58 610.236
vn 0.947659 -3.09772e-33 -0.319283
vt -1969.41 610.236
v 220.44 13 -21.4842
vt -1969.41 590.551
vt -1649.58 590.551
f 254/409/58 253/410/58 260/411/58 259/412/58 

vt -1470.43 610.236
vn 0.964674 -5.14812e-28 -0.263447
vt -2347.25 610.236
vt -2347.25 590.551
vt -1470.43 590.551
f 253/413/59 156/414/59 155/415/59 260/416/59 

v 206.835 13 -55.0822
vt 8143.12 2168.59
vn -4.36541e-16 1 -5.06436e-16
v 205.853 13 -56.2057
vt 8104.46 2212.82
vt 8909.74 -2.99076e-13
vt 11471.1 -2.99076e-13
v 279.261 13 -8.43572
vt 10994.5 332.115
v 270.947 13 -12.5611
vt 10667.2 494.533
v 258.525 13 -9.19474
vt 10178.2 361.997
v 242.26 13 -4.68485
vt 9537.81 184.443
v 233.719 13 -5.57694
vt 9201.54 219.564
v 227.889 13 -11.1245
vt 8972.02 437.974
v 223.95 13 -24.3554
vt 8816.95 958.875
v 219.84 13 -34.9195
vt 8655.12 1374.78
v 214.6 13 -44.3448
vt 8448.84 1745.86
f 261/417/60 262/418/60 257/391/60 256/390/60 258/396/60 259/395/60 260/394/60 155/419/60 154/420/60 263/421/60 264/422/60 265/423/60 266/424/60 267/425/60 268/426/60 269/427/60 270/428/60 271/429/60 

vt -3667.21 590.551
vn 0.752951 -3.82108e-16 -0.658077
vt -3725.96 590.551
v 206.835 12.5 -55.0822
vt -3725.96 570.866
v 205.853 12.5 -56.2057
vt -3667.21 570.866
f 262/430/61 261/431/61 272/432/61 273/433/61 

vt -3014.71 590.551
vn 0.810306 1.75484e-32 -0.586007
vt -3536.4 590.551
v 214.6 12.5 -44.3448
vt -3536.4 570.866
vt -3014.71 570.866
f 261/434/62 271/435/62 274/436/62 272/437/62 

vt -2579.15 590.551
vn 0.874028 1.43591e-32 -0.485875
vt -3003.71 590.551
v 219.84 12.5 -34.9195
vt -3003.71 570.866
vt -2579.15 570.866
f 271/438/63 270/439/63 275/440/63 274/441/63 

vt -1857.23 590.551
vn 0.931941 1.04525e-32 -0.362611
vt -2303.51 590.551
v 223.95 12.5 -24.3554
vt -2303.51 570.866
vt -1857.23 570.866
f 270/442/64 269/443/64 276/444/64 275/445/64 

vt -1596.65 590.551
vn 0.958432 8.01216e-33 -0.285321
vt -2140.14 590.551
v 227.889 12.5 -11.1245
vt -2140.14 570.866
vt -1596.65 570.866
f 269/446/65 268/447/65 277/448/65 276/449/65 

vt -6197.68 590.551
vn 0.689349 2.19882e-32 -0.724429
vt -6514.51 590.551
v 233.719 12.5 -5.57694
vt -6514.51 570.866
vt -6197.68 570.866
f 268/450/66 267/451/66 278/452/66 277/453/66 

vt -9128.95 590.551
vn 0.10388 3.09831e-32 -0.99459
vt -9467.05 590.551
v 242.26 12.5 -4.68485
vt -9467.05 570.866
vt -9128.95 570.866
f 267/454/67 266/455/67 279/456/67 278/457/67 

vt -9240.32 590.551
vn -0.267196 3.0366e-32 -0.963642
vt -9904.83 590.551
v 258.525 12.5 -9.19474
vt -9904.83 570.866
vt -9240.32 570.866
f 266/458/68 265/459/68 280/460/68 279/461/68 

vt -9918.48 590.551
vn -0.261574 -2.89213e-15 -0.965183
vt -10425.2 590.551
v 270.947 12.5 -12.5611
vt -10425.2 570.866
v 264.717 12.5 -10.8728
vt -10171.1 570.866
vt -9918.48 570.866
f 265/462/69 264/463/69 281/464/69 282/465/69 280/466/69 

vt -9335.62 590.551
vn 0.444502 -4.73339e-15 -0.895778
vt -9701.01 590.551
v 279.261 12.5 -8.43572
vt -9701.01 570.866
v 272.891 12.5 -11.5966
vt -9421.05 570.866
vt -9335.62 570.866
f 264/467/70 263/468/70 283/469/70 284/470/70 281/471/70 

vt -8830.69 590.551
vn 0.571704 -3.05098e-28 -0.82046
vt -9411.61 590.551
vt -9411.61 570.866
vt -8830.69 570.866
f 263/472/71 154/473/71 153/474/71 283/475/71 

v 277.965 12.5 -12.046
vt 10943.5 474.252
vn -2.02916e-14 1 3.21793e-14
vt 10743.7 456.56
vt 11471.1 1.83701e-11
vt 11614.2 1.83701e-11
v 283.16 12.5 -8.95481
vt 11148 352.552
f 285/476/72 284/477/72 283/421/72 153/478/72 152/479/72 286/480/72 

vt -10742.1 570.866
vn -0.0882111 -4.44642e-16 -0.996102
vt -10942.7 570.866
v 277.965 12 -12.046
vt -10942.7 551.181
v 261.931 12 -10.6261
vt -10309 551.181
v 261.931 12.5 -10.6261
vt -10309 570.866
vt -10419.1 570.866
f 284/481/73 285/482/73 287/483/73 288/484/73 289/485/73 282/486/73 

vt -9162.04 570.866
vn 0.51135 3.09479e-32 -0.859372
vt -9400.04 570.866
v 283.16 12 -8.95481
vt -9400.04 551.181
vt -9162.04 551.181
f 285/487/74 286/488/74 290/489/74 287/490/74 

vt -8678.55 570.866
vn 0.60324 -3.21927e-28 -0.79756
vt -9262.98 570.866
vt -9262.98 551.181
vt -8678.55 551.181
f 286/491/75 152/492/75 151/493/75 290/494/75 

v 218.541 12 -56.4607
vt 8603.97 2222.86
vn -8.21496e-16 1 4.47828e-16
v 213.388 12 -63.0677
vt 8401.09 2482.98
v 209.743 12 -59.7483
vt 8257.6 2352.3
v 214.269 12 -53.9995
vt 8435.77 2125.96
v 221.429 12 -43.2967
vt 8717.66 1704.59
v 225.086 12 -36.1362
vt 8861.67 1422.68
v 227.891 12 -28.7292
vt 8972.07 1131.07
v 230.449 12 -19.1675
vt 9072.78 754.624
v 236.194 12 -11.0382
vt 9298.98 434.574
v 245.407 12 -8.32283
vt 9661.71 327.67
vt 10312.3 418.351
vt 11614.2 2.46834e-13
vt 11757.2 2.46834e-13
v 285.137 12 -10.2072
vt 11225.9 401.857
v 279.215 12 -13.7307
vt 10992.7 540.578
v 263.38 12 -12.9421
vt 10369.3 509.53
v 247.524 12 -12.63
vt 9745.04 497.244
v 238.531 12 -17.1045
vt 9390.98 673.406
v 232.542 12 -28.3327
vt 9155.19 1115.46
v 229.563 12 -37.2525
vt 9037.9 1466.63
v 225.866 12 -45.3492
vt 8892.37 1785.4
f 291/495/76 292/496/76 293/497/76 294/498/76 295/499/76 296/500/76 297/501/76 298/502/76 299/503/76 300/504/76 288/505/76 287/476/76 290/480/76 151/506/76 150/507/76 301/508/76 302/509/76 303/510/76 304/511/76 305/512/76 306/513/76 307/514/76 308/515/76 

vt -3208.74 551.181
vn 0.788529 -3.09488e-16 -0.614997
vt -3538.62 551.181
v 218.541 11.5 -56.4607
vt -3538.62 531.496
v 213.388 11.5 -63.0677
vt -3208.74 531.496
f 292/516/77 291/517/77 309/518/77 310/519/77 

vt -2879.93 551.181
vn 0.83489 2.54981e-32 -0.550417
vt -3403.91 551.181
v 225.866 11.5 -45.3492
vt -3403.91 531.496
vt -2879.93 531.496
f 291/520/78 308/521/78 311/522/78 309/523/78 

vt -2068.9 551.181
vn 0.909682 2.19801e-32 -0.415305
vt -2419.32 551.181
v 229.563 11.5 -37.2525
vt -2419.32 531.496
vt -2068.9 531.496
f 308/524/79 307/525/79 312/526/79 311/527/79 

vt -1471.87 551.181
vn 0.948501 1.92605e-32 -0.316773
vt -1842.11 551.181
v 232.542 11.5 -28.3327
vt -1842.11 531.496
vt -1471.87 531.496
f 307/528/80 306/529/80 313/530/80 312/531/80 

vt -3324.52 551.181
vn 0.88233 2.34528e-32 -0.470632
vt -3825.52 551.181
v 238.531 11.5 -17.1045
vt -3825.52 531.496
vt -3324.52 531.496
f 306/532/81 305/533/81 314/534/81 313/535/81 

vt -8107.81 551.181
vn 0.445454 3.2533e-32 -0.895305
vt -8503.28 551.181
v 247.524 11.5 -12.63
vt -8503.28 531.496
vt -8107.81 531.496
f 305/536/82 304/537/82 315/538/82 314/539/82 

vt -9752.94 551.181
vn -0.019677 3.12631e-32 -0.999806
vt -10377.3 551.181
v 263.38 11.5 -12.9421
vt -10377.3 531.496
vt -9752.94 531.496
f 304/540/83 303/541/83 316/542/83 315/543/83 

vt -10381.8 551.181
vn -0.0497403 3.09356e-32 -0.998762
vt -11006 551.181
v 279.215 11.5 -13.7307
vt -11006 531.496
vt -10381.8 531.496
f 303/544/84 302/545/84 317/546/84 316/547/84 

vt -9170.43 551.181
vn 0.51135 3.20482e-32 -0.859372
vt -9441.71 551.181
v 285.137 11.5 -10.2072
vt -9441.71 531.496
vt -9170.43 531.496
f 302/548/85 301/549/85 318/550/85 317/551/85 

vt -8710.89 551.181
vn 0.60324 0 -0.79756
vt -9377.05 551.181
vt -9377.05 531.496
vt -8710.89 531.496
f 301/552/86 150/553/86 149/554/86 318/555/86 

v 221.753 11.5 -60.5534
vt 8730.44 2383.99
vn -3.11448e-17 1 -4.74131e-16
v 217.127 11.5 -66.4732
vt 8548.3 2617.06
vt 11757.2 -2.51999e-13
vt 11900.2 -2.51999e-13
v 287.114 11.5 -11.4595
vt 11303.7 451.163
v 280.466 11.5 -15.4153
vt 11042 606.903
v 264.83 11.5 -15.258
vt 10426.4 600.709
v 250.007 11.5 -15.3356
vt 9842.8 603.763
v 241.561 11.5 -19.9278
vt 9510.26 784.558
v 236.013 11.5 -30.9059
vt 9291.86 1216.77
v 234.161 11.5 -38.3195
vt 9218.95 1508.64
v 231.639 11.5 -44.6941
vt 9119.63 1759.61
v 228.079 11.5 -50.8655
vt 8979.48 2002.58
f 319/556/87 320/557/87 310/496/87 309/495/87 311/515/87 312/514/87 313/513/87 314/512/87 315/511/87 316/510/87 317/509/87 318/508/87 149/558/87 148/559/87 321/560/87 322/561/87 323/562/87 324/563/87 325/564/87 326/565/87 327/566/87 328/567/87 329/568/87 

vt -3201.57 531.496
vn 0.787939 -1.1578e-16 -0.615754
vt -3497.36 531.496
v 221.753 11 -60.5534
vt -3497.36 511.811
v 217.127 11 -66.4732
vt -3201.57 511.811
f 320/569/88 319/570/88 330/571/88 331/572/88 

vt -2776.87 531.496
vn 0.837321 -3.87683e-33 -0.546712
vt -3232.39 531.496
v 228.079 11 -50.8655
vt -3232.39 511.811
vt -2776.87 511.811
f 319/573/89 329/574/89 332/575/89 330/576/89 

vt -2752.2 531.496
vn 0.866211 -4.28827e-33 -0.499679
vt -3032.69 531.496
v 231.639 11 -44.6941
vt -3032.69 511.811
vt -2752.2 511.811
f 329/577/90 328/578/90 333/579/90 332/580/90 

vt -1719.59 531.496
vn 0.929838 -5.31291e-33 -0.367969
vt -1989.49 531.496
v 234.161 11 -38.3195
vt -1989.49 511.811
vt -1719.59 511.811
f 328/581/91 327/582/91 334/583/91 333/584/91 

vt -770.469 531.496
vn 0.970191 -6.14013e-33 -0.242342
vt -1071.31 531.496
v 236.013 11 -30.9059
vt -1071.31 511.811
vt -770.469 511.811
f 327/585/92 326/586/92 335/587/92 334/588/92 

vt -3104.66 531.496
vn 0.892523 -4.68759e-33 -0.451002
vt -3588.91 531.496
v 241.561 11 -19.9278
vt -3588.91 511.811
vt -3104.66 511.811
f 326/589/93 325/590/93 336/591/93 335/592/93 

vt -7980.51 531.496
vn 0.477647 1.76325e-34 -0.878552
vt -8359.02 531.496
v 250.007 11 -15.3356
vt -8359.02 511.811
vt -7980.51 511.811
f 325/593/94 324/594/94 337/595/94 336/596/94 

vt -9839.5 531.496
vn 0.00523468 4.17504e-33 -0.999986
vt -10423.1 531.496
v 264.83 11 -15.258
vt -10423.1 511.811
vt -9839.5 511.811
f 324/597/95 323/598/95 338/599/95 337/600/95 

vt -10431.9 531.496
vn -0.0100624 4.2878e-33 -0.999949
vt -11047.5 531.496
v 280.466 11 -15.4153
vt -11047.5 511.811
vt -10431.9 511.811
f 323/601/96 322/602/96 339/603/96 338/604/96 

vt -9178.82 531.496
vn 0.51135 -1.5327e-34 -0.859372
vt -9483.39 531.496
v 287.114 11 -11.4595
vt -9483.39 511.811
vt -9178.82 511.811
f 322/605/97 321/606/97 340/607/97 339/608/97 

vt -8743.22 531.496
vn 0.60324 7.07925e-16 -0.79756
vt -9491.12 531.496
vt -9491.12 511.811
vt -8743.22 511.811
f 321/609/98 148/610/98 147/611/98 340/612/98 

v 224.864 11 -64.8023
vt 8852.91 2551.27
vn -1.7039e-16 1 -9.69866e-17
v 220.875 11 -69.8868
vt 8695.87 2751.45
vt 11900.2 -4.96388e-14
vt 12043.2 -4.96388e-14
v 289.091 11 -12.7119
vt 11381.5 500.468
v 281.716 11 -17.1
vt 11091.2 673.229
v 266.279 11 -17.5739
vt 10483.4 691.887
v 252.525 11 -17.8878
vt 9941.94 704.244
v 244.657 11 -22.4404
vt 9632.15 883.481
v 239.598 11 -32.887
vt 9432.97 1294.76
v 237.287 11 -41.5613
vt 9342.01 1636.27
v 234.383 11 -48.8718
vt 9227.67 1924.09
v 230.117 11 -56.57
vt 9059.73 2227.16
f 341/613/99 342/614/99 331/557/99 330/556/99 332/568/99 333/567/99 334/566/99 335/565/99 336/564/99 337/563/99 338/562/99 339/561/99 340/560/99 147/615/99 146/616/99 343/617/99 344/618/99 345/619/99 346/620/99 347/621/99 348/622/99 349/623/99 350/624/99 351/625/99 

vt -3202.7 511.811
vn 0.786773 1.31028e-16 -0.617243
vt -3457.13 511.811
v 224.864 10.5 -64.8023
vt -3457.13 492.126
v 220.875 10.5 -69.8868
vt -3202.7 492.126
f 342/626/100 341/627/100 352/628/100 353/629/100 

vt -2611.48 511.811
vn 0.842994 -4.68727e-33 -0.537923
vt -2995.95 511.811
v 230.117 10.5 -56.57
vt -2995.95 492.126
vt -2611.48 492.126
f 341/630/101 351/631/101 354/632/101 352/633/101 

vt -2443.09 511.811
vn 0.874686 -3.26376e-33 -0.48469
vt -2789.59 511.811
v 234.383 10.5 -48.8718
vt -2789.59 492.126
vt -2443.09 492.126
f 351/634/102 350/635/102 355/636/102 354/637/102 

vt -1618.59 511.811
vn 0.929355 -2.92616e-34 -0.369188
vt -1928.28 511.811
v 237.287 10.5 -41.5613
vt -1928.28 492.126
vt -1618.59 492.126
f 350/638/103 349/639/103 356/640/103 355/641/103 

vt -823.42 511.811
vn 0.966307 2.45013e-33 -0.257392
vt -1176.84 511.811
v 239.598 10.5 -32.887
vt -1176.84 492.126
vt -823.42 492.126
f 349/642/104 348/643/104 357/644/104 356/645/104 

vt -2946.14 511.811
vn 0.900015 -1.98917e-33 -0.435859
vt -3403.12 511.811
v 244.657 10.5 -22.4404
vt -3403.12 492.126
vt -2946.14 492.126
f 348/646/105 347/647/105 358/648/105 357/649/105 

vt -7894.8 511.811
vn 0.500797 -1.46754e-32 -0.865565
vt -8252.71 511.811
v 252.525 10.5 -17.8878
vt -8252.71 492.126
vt -7894.8 492.126
f 347/650/106 346/651/106 359/652/106 358/653/106 

vt -9923.28 511.811
vn 0.0228151 -2.15822e-32 -0.99974
vt -10464.9 511.811
v 266.279 10.5 -17.5739
vt -10464.9 492.126
vt -9923.28 492.126
f 346/654/107 345/655/107 360/656/107 359/657/107 

vt -10457.2 511.811
vn 0.0306843 -2.1512e-32 -0.999529
vt -11065.3 511.811
v 281.716 10.5 -17.1
vt -11065.3 492.126
vt -10457.2 492.126
f 345/658/108 344/659/108 361/660/108 360/661/108 

vt -9187.21 511.811
vn 0.51135 -1.44526e-32 -0.859372
vt -9525.06 511.811
v 289.091 10.5 -12.7119
vt -9525.06 492.126
vt -9187.21 492.126
f 344/662/109 343/663/109 362/664/109 361/665/109 

vt -8775.55 511.811
vt -9605.19 511.811
vt -9605.19 492.126
vt -8775.55 492.126
f 343/666/75 146/667/75 145/668/75 362/669/75 

v 226.102 10.5 -71.6449
vt 8901.64 2820.67
vn -1.6545e-15 1 1.56418e-15
v 224.608 10.5 -73.2865
vt 8842.82 2885.29
vt 12043.2 7.69772e-13
vt 12104.6 7.69772e-13
v 307.456 10.5 -1.56868
vt 12104.6 61.7591
v 287.167 10.5 -15.6074
vt 11305.8 614.463
v 272.51 10.5 -22.7728
vt 10728.7 896.568
v 263.743 10.5 -23.3977
vt 10383.6 921.169
v 252.304 10.5 -25.4616
vt 9933.21 1002.43
v 245.759 10.5 -33.6669
vt 9675.54 1325.47
v 241.216 10.5 -40.9218
vt 9496.7 1611.1
v 237.976 10.5 -50.3752
vt 9369.15 1983.28
v 233.252 10.5 -59.8368
vt 9183.14 2355.78
v 229.766 10.5 -66.1165
vt 9045.89 2603.01
f 363/670/110 364/671/110 353/614/110 352/613/110 354/625/110 355/624/110 356/623/110 357/622/110 358/621/110 359/620/110 360/619/110 361/618/110 362/617/110 145/672/110 144/673/110 365/674/110 366/675/110 367/676/110 368/677/110 369/678/110 370/679/110 371/680/110 372/681/110 373/682/110 374/683/110 

vt -3817.62 492.126
vn 0.739604 -2.74099e-16 -0.673042
vt -3905 492.126
v 226.102 10 -71.6449
vt -3905 472.441
v 224.608 10 -73.2865
vt -3817.62 472.441
f 364/684/111 363/685/111 375/686/111 376/687/111 

vt -2566.64 492.126
vn 0.833541 0 -0.552458
vt -2827.76 492.126
v 229.766 10 -66.1165
vt -2827.76 472.441
vt -2566.64 472.441
f 363/688/112 374/689/112 377/690/112 375/691/112 

vt -2114.72 492.126
vn 0.874311 0 -0.485365
vt -2397.49 492.126
v 233.252 10 -59.8368
vt -2397.49 472.441
vt -2114.72 472.441
f 374/692/113 373/693/113 378/694/113 377/695/113 

vt -1994.97 492.126
vn 0.894658 0 -0.446752
vt -2411.33 492.126
v 237.976 10 -50.3752
vt -2411.33 472.441
vt -1994.97 472.441
f 373/696/114 372/697/114 379/698/114 378/699/114 

vt -1161.15 492.126
vn 0.945994 0 -0.324183
vt -1554.58 492.126
v 241.216 10 -40.9218
vt -1554.58 472.441
vt -1161.15 472.441
f 372/700/115 371/701/115 380/702/115 379/703/115 

vt -3674.29 492.126
vn 0.847566 0 -0.53069
vt -4011.29 492.126
v 245.759 10 -33.6669
vt -4011.29 472.441
vt -3674.29 472.441
f 371/704/116 370/705/116 381/706/116 380/707/116 

vt -4997.2 492.126
vn 0.781765 0 -0.623573
vt -5410.42 492.126
v 252.304 10 -25.4616
vt -5410.42 472.441
vt -4997.2 472.441
f 370/708/117 369/709/117 382/710/117 381/711/117 

vt -9597.42 492.126
vn 0.177546 -5.10585e-16 -0.984113
vt -10055.1 492.126
v 263.743 10 -23.3977
vt -10055.1 472.441
v 254.432 10 -25.0775
vt -9682.59 472.441
vt -9597.42 472.441
f 369/712/118 368/713/118 383/714/118 384/715/118 382/716/118 

vt -10291.8 492.126
vn 0.0711 0 -0.997469
vt -10637.8 492.126
v 272.51 10 -22.7728
vt -10637.8 472.441
vt -10291.8 472.441
f 368/717/119 367/718/119 385/719/119 383/720/119 

vt -9244.88 492.126
vn 0.439188 -4.52086e-15 -0.898395
vt -9887.22 492.126
v 287.167 10 -15.6074
vt -9887.22 472.441
v 275.059 10 -21.5267
vt -9356.59 472.441
vt -9244.88 472.441
f 367/721/120 366/722/120 386/723/120 387/724/120 385/725/120 

vt -8947.52 492.126
vn 0.569005 -3.17371e-28 -0.822334
vt -9918.87 492.126
v 307.456 10 -1.56868
vt -9918.87 472.441
vt -8947.52 472.441
f 366/726/121 365/727/121 388/728/121 386/729/121 

usemtl M00_Soft_Cloud
v 307.456 -12.1671 -192.462
vt 7577.26 -400.278
vn 1 1.37758e-15 -1.02087e-16
v 307.456 -2.5 -192.462
vt 7577.26 -19.685
v 307.456 -2.5 -186.042
vt 7324.48 -19.685
v 307.456 -2 -186.042
vt 7324.48 -1.66751e-11
v 307.456 -2 -175.939
vt 6926.72 -1.65614e-11
v 307.456 -1.5 -175.939
vt 6926.72 19.685
v 307.456 -1.5 -175.794
vt 6921.01 19.685
v 307.456 -1.5 -165.836
vt 6528.96 19.685
v 307.456 -1.5 -155.733
vt 6131.21 19.685
v 307.456 -1.5 -148.838
vt 5859.75 19.685
v 307.456 -1.5 -148.742
vt 5855.98 19.685
v 307.456 -1.95621e-13 -148.742
vt 5855.98 78.7402
v 307.456 0 -142.621
vt 5614.99 78.7402
v 307.456 0.5 -142.621
vt 5614.99 98.4252
v 307.456 0.5 -136.404
vt 5370.23 98.4252
v 307.456 1 -136.404
vt 5370.23 118.11
v 307.456 1 -130.187
vt 5125.47 118.11
v 307.456 1.5 -130.187
vt 5125.47 137.795
v 307.456 1.5 -123.97
vt 4880.71 137.795
v 307.456 2 -123.97
vt 4880.71 157.48
v 307.456 2 -117.753
vt 4635.95 157.48
v 307.456 2.5 -117.753
vt 4635.95 177.165
v 307.456 2.5 -110.007
vt 4330.97 177.165
v 307.456 3 -110.007
vt 4330.97 196.85
v 307.456 3 -101.377
vt 3991.22 196.85
v 307.456 3.5 -101.377
vt 3991.22 216.535
v 307.456 3.5 -92.7475
vt 3651.47 216.535
v 307.456 3.5 -45.9436
vt 1808.8 216.535
v 307.456 3.5 -37.2878
vt 1468.02 216.535
v 307.456 4 -37.2878
vt 1468.02 236.22
v 307.456 4 -34.5402
vt 1359.85 236.22
v 307.456 4.5 -34.5402
vt 1359.85 255.906
v 307.456 4.5 -31.7926
vt 1251.68 255.906
v 307.456 5 -31.7926
vt 1251.68 275.591
v 307.456 5 -29.0449
vt 1143.5 275.591
v 307.456 5.5 -29.0449
vt 1143.5 295.276
v 307.456 5.5 -26.2973
vt 1035.33 295.276
v 307.456 6 -26.2973
vt 1035.33 314.961
v 307.456 6 -23.5497
vt 927.153 314.961
v 307.456 6.5 -23.5497
vt 927.153 334.646
v 307.456 6.5 -20.8021
vt 818.979 334.646
v 307.456 7 -20.8021
vt 818.979 354.331
v 307.456 7 -18.0544
vt 710.804 354.331
v 307.456 7.5 -18.0544
vt 710.804 374.016
v 307.456 7.5 -15.3068
vt 602.63 374.016
v 307.456 8 -15.3068
vt 602.63 393.701
v 307.456 8 -12.5592
vt 494.456 393.701
v 307.456 8.5 -12.5592
vt 494.456 413.386
v 307.456 8.5 -9.81156
vt 386.282 413.386
v 307.456 9 -9.81156
vt 386.282 433.071
v 307.456 9 -7.06393
vt 278.108 433.071
v 307.456 9.5 -7.06393
vt 278.108 452.756
v 307.456 9.5 -4.31631
vt 169.933 452.756
v 307.456 10 -4.31631
vt 169.933 472.441
vt 61.7591 472.441
vt 61.7591 492.126
vt -1.23572e-12 492.126
vt 3.47192e-13 -400.278
f 389/730/122 390/731/122 391/732/122 392/733/122 393/734/122 394/735/122 395/736/122 396/737/122 397/738/122 398/739/122 399/740/122 400/741/122 401/742/122 402/743/122 403/744/122 404/745/122 405/746/122 406/747/122 407/748/122 408/749/122 409/750/122 410/751/122 411/752/122 412/753/122 413/754/122 414/755/122 415/756/122 416/757/122 417/758/122 418/759/122 419/760/122 420/761/122 421/762/122 422/763/122 423/764/122 424/765/122 425/766/122 426/767/122 427/768/122 428/769/122 429/770/122 430/771/122 431/772/122 432/773/122 433/774/122 434/775/122 435/776/122 436/777/122 437/778/122 438/779/122 439/780/122 440/781/122 441/782/122 442/783/122 388/784/122 365/785/122 144/786/122 143/787/122 

v 179.289 6.5 -192.462
vt -7058.61 334.646
vn 3.93765e-14 3.72061e-13 -1
v 189.039 6.5 -192.462
vt -7442.48 334.646
v 189.039 7 -192.462
vt -7442.48 354.331
v 193.696 7 -192.462
vt -7625.83 354.331
v 193.696 6.5 -192.462
vt -7625.83 334.646
v 198.494 6.5 -192.462
vt -7814.72 334.646
v 198.494 6 -192.462
vt -7814.72 314.961
v 203.292 6 -192.462
vt -8003.61 314.961
v 203.292 5.5 -192.462
vt -8003.61 295.276
v 208.09 5.5 -192.462
vt -8192.5 295.276
v 208.09 5 -192.462
vt -8192.5 275.591
v 212.887 5 -192.462
vt -8381.39 275.591
v 212.887 4.5 -192.462
vt -8381.39 255.906
v 217.685 4.5 -192.462
vt -8570.28 255.906
v 217.685 4 -192.462
vt -8570.28 236.22
v 222.483 4 -192.462
vt -8759.18 236.22
v 222.483 3.5 -192.462
vt -8759.18 216.535
v 227.281 3.5 -192.462
vt -8948.07 216.535
v 227.281 3 -192.462
vt -8948.07 196.85
v 232.529 3 -192.462
vt -9154.68 196.85
v 232.529 2.5 -192.462
vt -9154.68 177.165
v 238.78 2.5 -192.462
vt -9400.78 177.165
v 238.78 2 -192.462
vt -9400.78 157.48
v 245.031 2 -192.462
vt -9646.89 157.48
v 245.031 1.5 -192.462
vt -9646.89 137.795
v 251.282 1.5 -192.462
vt -9892.99 137.795
v 251.282 1 -192.462
vt -9892.99 118.11
v 257.533 1 -192.462
vt -10139.1 118.11
v 257.533 0.5 -192.462
vt -10139.1 98.4252
v 263.784 0.5 -192.462
vt -10385.2 98.4252
v 263.784 0 -192.462
vt -10385.2 78.7402
v 270.32 0 -192.462
vt -10642.5 78.7402
v 270.32 -0.5 -192.462
vt -10642.5 59.0551
v 278.331 -0.5 -192.462
vt -10957.9 59.0551
v 278.331 -1 -192.462
vt -10957.9 39.3701
v 286.342 -1 -192.462
vt -11273.3 39.3701
v 286.342 -1.5 -192.462
vt -11273.3 19.685
v 294.354 -1.5 -192.462
vt -11588.7 19.685
v 294.354 -2 -192.462
vt -11588.7 -2.81909e-09
v 302.365 -2 -192.462
vt -11904.1 -2.8192e-09
v 302.365 -2.5 -192.462
vt -11904.1 -19.685
vt -12104.6 -19.685
vt -12104.6 -400.278
v 2.0358e-14 -12.1671 -192.462
vt 2.97564e-10 -400.278
v 2.02135e-14 -1 -192.462
vt 2.9757e-10 39.3701
v 48.6998 -1 -192.462
vt -1917.32 39.3701
v 55.6048 -1 -192.462
vt -2189.16 39.3701
v 61.7739 -1 -192.462
vt -2432.05 39.3701
v 87.5078 -1 -192.462
vt -3445.19 39.3701
v 87.5078 -0.5 -192.462
vt -3445.19 59.0551
v 98.4662 -0.5 -192.462
vt -3876.62 59.0551
v 98.4662 0 -192.462
vt -3876.62 78.7402
v 109.425 0 -192.462
vt -4308.06 78.7402
v 109.425 0.5 -192.462
vt -4308.06 98.4252
v 117.314 0.5 -192.462
vt -4618.65 98.4252
v 117.314 1 -192.462
vt -4618.65 118.11
v 121.66 1 -192.462
vt -4789.76 118.11
v 121.66 1.5 -192.462
vt -4789.76 137.795
v 126.006 1.5 -192.462
vt -4960.87 137.795
v 126.006 2 -192.462
vt -4960.87 157.48
v 130.352 2 -192.462
vt -5131.98 157.48
v 130.352 2.5 -192.462
vt -5131.98 177.165
v 134.698 2.5 -192.462
vt -5303.09 177.165
v 134.698 3 -192.462
vt -5303.09 196.85
v 139.045 3 -192.462
vt -5474.2 196.85
v 139.045 3.5 -192.462
vt -5474.2 216.535
v 143.391 3.5 -192.462
vt -5645.31 216.535
v 143.391 4 -192.462
vt -5645.31 236.22
v 147.737 4 -192.462
vt -5816.42 236.22
v 147.737 4.5 -192.462
vt -5816.42 255.906
v 152.083 4.5 -192.462
vt -5987.53 255.906
v 152.083 5 -192.462
vt -5987.53 275.591
v 159.788 5 -192.462
vt -6290.87 275.591
v 159.788 5.5 -192.462
vt -6290.87 295.276
v 169.538 5.5 -192.462
vt -6674.74 295.276
v 169.538 6 -192.462
vt -6674.74 314.961
v 179.289 6 -192.462
vt -7058.61 314.961
f 443/788/123 444/789/123 445/790/123 446/791/123 447/792/123 448/793/123 449/794/123 450/795/123 451/796/123 452/797/123 453/798/123 454/799/123 455/800/123 456/801/123 457/802/123 458/803/123 459/804/123 460/805/123 461/806/123 462/807/123 463/808/123 464/809/123 465/810/123 466/811/123 467/812/123 468/813/123 469/814/123 470/815/123 471/816/123 472/817/123 473/818/123 474/819/123 475/820/123 476/821/123 477/822/123 478/823/123 479/824/123 480/825/123 481/826/123 482/827/123 483/828/123 390/829/123 389/830/123 484/831/123 485/832/123 486/833/123 487/834/123 488/835/123 489/836/123 490/837/123 491/838/123 492/839/123 493/840/123 494/841/123 495/842/123 496/843/123 497/844/123 498/845/123 499/846/123 500/847/123 501/848/123 502/849/123 503/850/123 504/851/123 505/852/123 506/853/123 507/854/123 508/855/123 509/856/123 510/857/123 511/858/123 512/859/123 513/860/123 514/861/123 515/862/123 516/863/123 517/864/123 

usemtl FrontColor
vt 7442.48 7577.26
vt 7058.61 7577.26
v 174.275 6.5 -174.658
vt 6861.24 6876.29
v 187.057 6.5 -177.47
vt 7364.44 6987.01
v 193.427 6.5 -182.582
vt 7615.23 7188.25
vt 7814.72 7577.26
vt 7625.83 7577.26
v 191.23 6.5 -189.426
vt 7528.73 7457.71
v 187.823 6.5 -188.145
vt 7394.61 7407.28
f 444/865/1 443/866/1 518/867/1 519/868/1 520/869/1 448/870/1 447/871/1 521/872/1 522/873/1 

vt -8478.51 334.646
vn -0.962571 0 -0.271029
vt -9206.74 334.646
vt -9206.74 314.961
v 174.275 6 -174.658
vt -8478.51 314.961
f 518/874/124 443/875/124 517/876/124 523/877/124 

vt 6674.74 7577.26
vn -4.28342e-16 1 1.8485e-14
v 158.522 6 -170.104
vt 6241.03 6697.02
v 194.844 6 -175.988
vt 7671.01 6928.67
vt 8003.61 7577.26
v 193.427 6 -182.582
v 187.057 6 -177.47
f 516/878/125 524/879/125 525/880/125 450/881/125 449/870/125 526/869/125 527/868/125 523/867/125 517/866/125 

vt -8765.81 314.961
vn -0.897025 -5.87426e-15 -0.441979
vt -9747.09 314.961
vt -9747.09 295.276
v 158.522 5.5 -170.104
vt -8765.81 295.276
f 524/882/126 516/883/126 515/884/126 528/885/126 

v 151.356 5.5 -174.966
vt 5958.89 6888.43
vn 2.51172e-14 1 3.36195e-14
v 145.122 5.5 -167.934
vt 5713.45 6611.56
vt 6290.87 7577.26
v 154.94 5.5 -182.665
vt 6100.01 7191.52
f 529/886/127 530/887/127 528/879/127 515/878/127 514/888/127 531/889/127 

vt -8737.51 295.276
vn -0.748305 -9.49942e-15 -0.663355
vt -9107.5 295.276
v 151.356 5 -174.966
vt -9107.5 275.591
v 145.122 5 -167.934
vt -8737.51 275.591
f 530/890/128 529/891/128 532/892/128 533/893/128 

vt -8759.92 295.276
vn -0.906554 -4.02466e-17 -0.422091
vt -9094.25 295.276
v 154.94 5 -182.665
vt -9094.25 275.591
vt -8759.92 275.591
f 529/894/129 531/895/129 534/896/129 532/897/129 

vt -9150.88 295.276
vn -0.896283 0 -0.443482
vt -9581.26 295.276
vt -9581.26 275.591
vt -9150.88 275.591
f 531/898/130 514/899/130 513/900/130 534/901/130 

v 145.55 5 -181.063
vt 5730.32 7128.46
vn -1.76716e-15 1 1.12336e-14
v 138.926 5 -166.93
vt 5469.53 6572.05
vt 5987.53 7577.26
f 535/902/131 536/903/131 533/887/131 532/886/131 534/889/131 513/888/131 512/904/131 

vt -8272.09 275.591
vn -0.905474 -6.67556e-15 -0.424401
vt -8886.59 275.591
v 145.55 4.5 -181.063
vt -8886.59 255.906
v 138.926 4.5 -166.93
vt -8272.09 255.906
f 536/905/132 535/906/132 537/907/132 538/908/132 

vt -9034.07 275.591
vn -0.867621 0 -0.497227
vt -9551.35 275.591
vt -9551.35 255.906
vt -9034.07 255.906
f 535/909/133 512/910/133 511/911/133 537/912/133 

v 133.136 4.5 -171.284
vt 5241.58 6743.46
vn 1.37376e-14 1 1.65875e-14
v 129.998 4.5 -165.484
vt 5118.02 6515.1
vt 5816.42 7577.26
f 539/913/134 540/914/134 538/903/134 537/902/134 511/904/134 510/915/134 

vt -8165.67 255.906
vn -0.879508 -7.75673e-15 -0.475884
vt -8425.31 255.906
v 133.136 4 -171.284
vt -8425.31 236.22
v 129.998 4 -165.484
vt -8165.67 236.22
f 540/916/135 539/917/135 541/918/135 542/919/135 

vt -8527.04 255.906
vn -0.823303 0 -0.567602
vt -9539.79 255.906
vt -9539.79 236.22
vt -8527.04 236.22
f 539/920/136 510/921/136 509/922/136 541/923/136 

vt 5645.31 7577.26
vn -5.87868e-16 1 6.00461e-15
v 122.776 4 -164.314
vt 4833.7 6469.05
f 508/924/137 543/925/137 542/914/137 541/913/137 509/915/137 

vt -8075.1 236.22
vn -0.806781 -8.35062e-15 -0.590851
vt -9448.72 236.22
vt -9448.72 216.535
v 122.776 3.5 -164.314
vt -8075.1 216.535
f 543/926/138 508/927/138 507/928/138 544/929/138 

v 118.054 3.5 -165.292
vt 4647.81 6507.55
vn 1.57437e-14 1 1.73193e-14
v 115.823 3.5 -163.187
vt 4559.97 6424.7
vt 5474.2 7577.26
f 545/930/139 546/931/139 544/925/139 507/924/139 506/932/139 

vt -7725.43 216.535
vn -0.686114 -1.09677e-14 -0.727494
vt -7846.17 216.535
v 118.054 3 -165.292
vt -7846.17 196.85
v 115.823 3 -163.187
vt -7725.43 196.85
f 546/933/140 545/934/140 547/935/140 548/936/140 

vt -7991.25 216.535
vn -0.791361 0 -0.611349
vt -9343 216.535
vt -9343 196.85
vt -7991.25 196.85
f 545/937/141 506/938/141 505/939/141 547/940/141 

v 115.227 3 -168.855
vt 4536.48 6647.85
vn -1.84299e-16 1 3.85933e-15
v 106.105 3 -161.613
vt 4177.37 6362.72
vt 5303.09 7577.26
f 549/941/142 550/942/142 548/931/142 547/930/142 505/932/142 504/943/142 

vt -7227.99 196.85
vn -0.621811 -1.17861e-14 -0.783167
vt -7686.52 196.85
v 115.227 2.5 -168.855
vt -7686.52 177.165
v 106.105 2.5 -161.613
vt -7227.99 177.165
f 550/944/143 549/945/143 551/946/143 552/947/143 

vt -8014.98 196.85
vn -0.771437 0 -0.636305
vt -9219.77 196.85
vt -9219.77 177.165
vt -8014.98 177.165
f 549/948/144 504/949/144 503/950/144 551/951/144 

v 112.399 2.5 -172.419
vt 4425.14 6788.14
vn -1.26848e-15 1 2.9298e-15
v 94.761 2.5 -159.776
vt 3730.75 6290.37
vt 5131.98 7577.26
f 553/952/145 554/953/145 552/942/145 551/941/145 503/943/145 502/954/145 

vt -6697.02 177.165
vn -0.582612 -1.15981e-14 -0.81275
vt -7551.39 177.165
v 112.399 2 -172.419
vt -7551.39 157.48
v 94.761 2 -159.776
vt -6697.02 157.48
f 554/955/146 553/956/146 555/957/146 556/958/146 

vt -8008.79 177.165
vn -0.744873 0 -0.667206
vt -9068.19 177.165
vt -9068.19 157.48
vt -8008.79 157.48
f 553/959/147 502/960/147 501/961/147 555/962/147 

v 55.205 2 -164.283
vt 2173.43 6467.83
vn 9.2855e-16 1 4.08974e-15
v 50.1539 2 -165.593
vt 1974.56 6519.42
v 48.2488 2 -161.188
vt 1899.56 6345.99
v 50.0189 2 -160.827
vt 1969.25 6331.78
v 59.7333 2 -156.452
vt 2351.71 6159.53
v 63.8473 2 -154.768
vt 2513.67 6093.22
vt 4960.87 7577.26
v 117.438 2 -180.754
vt 4623.55 7116.29
v 107.888 2 -173.334
vt 4247.54 6824.16
v 88.9493 2 -161.859
vt 3501.94 6372.42
v 78.4527 2 -158.299
vt 3088.69 6232.23
v 68.0951 2 -158.715
vt 2680.91 6248.63
f 557/963/148 558/964/148 559/965/148 560/966/148 561/967/148 562/968/148 556/953/148 555/952/148 501/954/148 500/969/148 563/970/148 564/971/148 565/972/148 566/973/148 567/974/148 

vt -274.056 157.48
vn 0.251131 -1.70747e-16 -0.967953
vt -479.502 157.48
v 55.205 1.5 -164.283
vt -479.502 137.795
v 50.1539 1.5 -165.593
vt -274.056 137.795
f 558/975/149 557/976/149 568/977/149 569/978/149 

vt 569.347 157.48
vn 0.396518 -7.73016e-18 -0.918027
vt 16.5503 157.48
v 68.0951 1.5 -158.715
vt 16.5503 137.795
vt 569.347 137.795
f 557/979/150 567/980/150 570/981/150 568/982/150 

vt -2427.67 157.48
vn 0.0401808 -8.20957e-18 -0.999192
vt -2835.78 157.48
v 78.4527 1.5 -158.299
vt -2835.78 137.795
vt -2427.67 137.795
f 567/983/151 566/984/151 571/985/151 570/986/151 

vt -4927.06 157.48
vn -0.321246 -7.59338e-18 -0.946996
vt -5363.44 157.48
v 88.9493 1.5 -161.859
vt -5363.44 137.795
vt -4927.06 137.795
f 566/987/152 565/988/152 572/989/152 571/990/152 

vt -6297.19 157.48
vn -0.518184 -6.73899e-18 -0.855269
vt -7168.96 157.48
v 107.888 1.5 -173.334
vt -7168.96 137.795
vt -6297.19 137.795
f 565/991/153 564/992/153 573/993/153 572/994/153 

vt -7540.98 157.48
vn -0.613529 -6.1517e-18 -0.789672
vt -8017.14 157.48
v 117.438 1.5 -180.754
vt -8017.14 137.795
vt -7540.98 137.795
f 564/995/154 563/996/154 574/997/154 573/998/154 

vt -8473.3 157.48
vn -0.807009 0 -0.590539
vt -9044.5 157.48
vt -9044.5 137.795
vt -8473.3 137.795
f 563/999/155 500/1000/155 499/1001/155 574/1002/155 

v 56.9014 1.5 -169.467
vt 2240.21 6671.92
vn 2.18834e-17 1 3.38578e-17
v 52.3446 1.5 -170.659
vt 2060.81 6718.85
vt 4789.76 7577.26
v 116.569 1.5 -185.505
vt 4589.33 7303.36
v 110.894 1.5 -181.096
vt 4365.91 7129.77
v 94.9623 1.5 -171.568
vt 3738.67 6754.65
v 81.8833 1.5 -166.137
vt 3223.75 6540.85
v 70.4465 1.5 -165.406
vt 2773.48 6512.05
f 575/1003/156 576/1004/156 569/964/156 568/963/156 570/974/156 571/973/156 572/972/156 573/971/156 574/970/156 499/969/156 498/1005/156 577/1006/156 578/1007/156 579/1008/156 580/1009/156 581/1010/156 

vt -293.37 137.795
vn 0.253072 3.52868e-17 -0.967447
vt -478.809 137.795
v 56.9014 1 -169.467
vt -478.809 118.11
v 52.3446 1 -170.659
vt -293.37 118.11
f 576/1011/157 575/1012/157 582/1013/157 583/1014/157 

vt -229.924 137.795
vn 0.287164 -1.58137e-17 -0.957882
vt -786.645 137.795
v 70.4465 1 -165.406
vt -786.645 118.11
vt -229.924 118.11
f 575/1015/158 581/1016/158 584/1017/158 582/1018/158 

vt -3183.45 137.795
vn -0.0638237 -1.60194e-17 -0.997961
vt -3634.64 137.795
v 81.8833 1 -166.137
vt -3634.64 118.11
vt -3183.45 118.11
f 581/1019/159 580/1020/159 585/1021/159 584/1022/159 

vt -5485.55 137.795
vn -0.383475 -1.44175e-17 -0.923551
vt -6043.1 137.795
v 94.9623 1 -171.568
vt -6043.1 118.11
vt -5485.55 118.11
f 580/1023/160 579/1024/160 586/1025/160 585/1026/160 

vt -6675.6 137.795
vn -0.513273 -1.32005e-17 -0.858225
vt -7406.45 137.795
v 110.894 1 -181.096
vt -7406.45 118.11
vt -6675.6 118.11
f 579/1027/161 578/1028/161 587/1029/161 586/1030/161 

vt -7821.96 137.795
vn -0.613529 -1.19687e-17 -0.789672
vt -8104.89 137.795
v 116.569 1 -185.505
vt -8104.89 118.11
vt -7821.96 118.11
f 578/1031/162 577/1032/162 588/1033/162 587/1034/162 

vt -8604.05 137.795
vt -8943.46 137.795
vt -8943.46 118.11
vt -8604.05 118.11
f 577/1035/155 498/1036/155 497/1037/155 588/1038/155 

v 58.5977 1 -174.651
vt 2307 6876.01
vn 3.26409e-16 1 5.21831e-16
v 54.5343 1 -175.722
vt 2147.02 6918.19
vt 4618.65 7577.26
v 115.7 1 -190.257
vt 4555.1 7490.42
v 113.901 1 -188.859
vt 4484.27 7435.39
v 100.975 1 -181.277
vt 3975.4 7136.88
v 85.3139 1 -173.976
vt 3358.81 6849.46
v 72.7979 1 -172.097
vt 2866.06 6775.47
f 589/1039/163 590/1040/163 583/1004/163 582/1003/163 584/1010/163 585/1009/163 586/1008/163 587/1007/163 588/1006/163 497/1005/163 496/1041/163 591/1042/163 592/1043/163 593/1044/163 594/1045/163 595/1046/163 

vt -312.309 118.11
vn 0.254946 8.40012e-17 -0.966955
vt -477.755 118.11
v 58.5977 0.5 -174.651
vt -477.755 98.4252
v 54.5343 0.5 -175.722
vt -312.309 98.4252
f 590/1047/164 589/1048/164 596/1049/164 597/1050/164 

vt -1053.46 118.11
vn 0.177008 -3.14459e-17 -0.984209
vt -1621.49 118.11
v 72.7979 0.5 -172.097
vt -1621.49 98.4252
vt -1053.46 98.4252
f 589/1051/165 595/1052/165 598/1053/165 596/1054/165 

vt -3840.4 118.11
vn -0.148494 -3.08469e-17 -0.988913
vt -4338.68 118.11
v 85.3139 0.5 -173.976
vt -4338.68 98.4252
vt -3840.4 98.4252
f 595/1055/166 594/1056/166 599/1057/166 598/1058/166 

vt -5938.21 118.11
vn -0.422501 -2.76143e-17 -0.906363
vt -6618.5 118.11
v 100.975 0.5 -181.277
vt -6618.5 98.4252
vt -5938.21 98.4252
f 594/1059/167 593/1060/167 600/1061/167 599/1062/167 

vt -7040.11 118.11
vn -0.505986 -2.60406e-17 -0.862542
vt -7630.08 118.11
v 113.901 0.5 -188.859
vt -7630.08 98.4252
vt -7040.11 98.4252
f 593/1063/168 592/1064/168 601/1065/168 600/1066/168 

vt -8102.94 118.11
vn -0.613529 -2.34955e-17 -0.789672
vt -8192.63 118.11
v 115.7 0.5 -190.257
vt -8192.63 98.4252
vt -8102.94 98.4252
f 592/1067/169 591/1068/169 602/1069/169 601/1070/169 

vt -8734.81 118.11
vt -8842.41 118.11
vt -8842.41 98.4252
vt -8734.81 98.4252
f 591/1071/155 496/1072/155 495/1073/155 602/1074/155 

v 57.0155 0.5 -180.964
vt 2244.7 7124.55
vn 4.93624e-17 1 8.91392e-17
v 56.8214 0.5 -181.011
vt 2237.06 7126.4
vt 4308.06 7577.26
v 80.856 0.5 -178.621
vt 3183.31 7032.33
v 66.7833 0.5 -178.593
vt 2629.27 7031.24
f 603/1075/170 604/1076/170 597/1040/170 596/1039/170 598/1046/170 599/1045/170 600/1044/170 601/1043/170 602/1042/170 495/1041/170 494/1077/170 605/1078/170 606/1079/170 

v 57.0155 0 -180.964
vt -506.189 78.7402
vn 0.235181 -2.79051e-18 -0.971952
v 56.8214 -8.21565e-15 -181.011
vt -498.325 78.7402
vt -498.325 98.4252
vt -506.189 98.4252
f 607/1080/171 608/1081/171 604/1082/171 603/1083/171 

v 60.184 0 -185.826
vt 2369.45 7315.97
vn -7.95704e-17 1 -1.0028e-16
v 59.0289 -2.88658e-15 -186.115
vt 2323.97 7327.37
v 66.7833 0 -178.593
v 80.856 0 -178.621
vt 3876.62 7577.26
v 79.5125 0 -183.28
vt 3130.41 7215.73
v 70.1761 0 -183.261
vt 2762.84 7215.01
f 609/1084/172 610/1085/172 608/1076/172 607/1075/172 611/1079/172 612/1078/172 493/1077/172 492/1086/172 613/1087/172 614/1088/172 

v 60.184 -0.5 -185.826
vt -519.617 59.0551
vn 0.243131 -7.48361e-18 -0.969994
v 59.0289 -0.5 -186.115
vt -472.733 59.0551
vt -472.733 78.7402
vt -519.617 78.7402
f 615/1089/173 616/1090/173 610/1091/173 609/1092/173 

v 70.1407 -0.5 -188.754
vt 2761.45 7431.26
vn -1.63129e-16 1 1.35865e-15
v 61.1609 -0.5 -191.045
vt 2407.91 7521.45
v 70.1761 -0.5 -183.261
v 79.5125 -0.5 -183.28
vt 3445.19 7577.26
v 78.169 -0.5 -187.938
vt 3077.52 7399.13
f 617/1093/174 618/1094/174 616/1085/174 615/1084/174 619/1088/174 620/1087/174 491/1086/174 490/1095/174 621/1096/174 

v 55.6048 -0.5 -192.462
vt -248.063 59.0551
vn 0.247207 -6.52889e-15 -0.968963
vt -473.816 59.0551
vt -838.677 59.0551
v 70.1407 -1 -188.754
vt -838.677 39.3701
vt -248.063 39.3701
f 622/1097/175 618/1098/175 617/1099/175 623/1100/175 487/1101/175 

vt 2189.16 7577.26
vn 2.80845e-15 1 1.4692e-15
v 61.7739 -0.5 -192.462
vt 2432.05 7577.26
f 622/1102/176 618/1094/176 624/1103/176

usemtl F05_Fresh_Green
v 48.6998 -0.5 -192.462
vt -1917.32 7577.26
vn 8.14939e-16 -1 -5.5986e-15
vt -2189.16 7577.26
vt -2407.91 7521.45
vt -2323.97 7327.37
v 47.2334 -0.5 -189.072
vt -1859.58 7443.76
f 625/1104/177 622/1105/177 618/1106/177 616/1107/177 626/1108/177 

usemtl FrontColor
vt -1917.32 59.0551
vn 1.67481e-11 2.43118e-27 -1
vt -2189.16 59.0551
f 625/1109/178 622/1110/178 487/834/178 486/833/178 

vt 2432.05 59.0551
vn 0 0 1
vt 2189.16 59.0551
vt 2189.16 39.3701
vt 2432.05 39.3701
f 624/1111/179 622/1112/179 487/1113/179 488/1114/179 

vn -3.05211e-16 1 -1.82477e-15
v 78.169 -1 -187.938
f 488/1103/180 487/1102/180 623/1093/180 627/1096/180 489/1095/180 

vt -1995.79 59.0551
vn 0.101127 0 -0.994874
vt -2313.49 59.0551
vt -2313.49 39.3701
vt -1995.79 39.3701
f 617/1115/181 621/1116/181 627/1117/181 623/1118/181 

vn -6.81293e-16 1 -2.1023e-15
f 490/1095/182 624/1103/182 618/1094/182 617/1093/182 621/1096/182 

vt -5995.7 59.0551
vn -0.436013 0 -0.899941
vt -6404.25 59.0551
vt -6404.25 39.3701
vt -5995.7 39.3701
f 621/1119/183 490/1120/183 489/1121/183 627/1122/183 

v 0 -0.5 -192.462
vt 6.01366e-08 59.0551
vn 7.93645e-12 -6.20882e-10 -1
vt 6.01358e-08 39.3701
f 628/1123/184 625/1109/184 486/833/184 485/1124/184 

v 44.1776 -0.5 -189.838
vt 1739.28 7473.92
vn 6.73498e-16 1 1.28621e-14
vt 1859.58 7443.76
vt 1917.32 7577.26
vt -3.97735e-14 7577.26
v -2.0967e-18 -0.5 -189.33
vt -3.9856e-14 7453.93
v 29.9391 -0.5 -190.801
vt 1178.7 7511.85
f 629/1125/185 626/1126/185 625/1127/185 628/1128/185 630/1129/185 631/1130/185 

v 44.1776 0 -189.838
vt 130.052 78.7402
vn 0.243131 5.36001e-17 -0.969994
v 47.2334 -1.11022e-15 -189.072
vt 6.02228 78.7402
vt 6.02228 59.0551
vt 130.052 59.0551
f 632/1131/186 633/1132/186 626/1133/186 629/1134/186 

v 42.0814 0 -184.577
vt 1656.75 7266.82
vn 3.97471e-17 1 2.13583e-16
v 44.9858 -4.66294e-15 -183.874
vt 1771.09 7239.15
v 29.9391 0 -190.801
v 0 0 -189.33
vt -3.12969e-15 7453.93
v -1.45229e-18 0 -183.38
vt -3.18687e-15 7219.7
v 26.1951 0 -184.808
vt 1031.3 7275.89
f 634/1135/187 635/1136/187 633/1126/187 632/1125/187 636/1130/187 637/1137/187 638/1138/187 639/1139/187 

v 42.0814 0.5 -184.577
vt 98.7338 98.4252
vn 0.235181 -5.5537e-17 -0.971952
v 44.9858 0.5 -183.874
vt -18.9102 98.4252
vt -18.9102 78.7402
vt 98.7338 78.7402
f 640/1140/188 641/1141/188 635/1142/188 634/1143/188 

v 35.6672 0.5 -180.356
vt 1404.22 7100.63
vn -1.52925e-16 1 -5.12917e-16
v 42.7645 0.5 -178.738
vt 1683.64 7036.93
v 26.1951 0.5 -184.808
v 0 0.5 -183.38
vt 1.50517e-14 7219.7
v -1.14805e-18 0.5 -177.431
vt 1.50065e-14 6985.48
v 22.4512 0.5 -178.814
vt 883.904 7039.94
f 642/1144/189 643/1145/189 641/1136/189 640/1135/189 644/1139/189 645/1146/189 646/1147/189 647/1148/189 

v 35.6672 1 -180.356
vt 209.191 118.11
vn 0.222274 2.30551e-16 -0.974984
v 42.7645 1 -178.738
vt -77.397 118.11
vt -77.397 98.4252
vt 209.191 98.4252
f 648/1149/190 649/1150/190 643/1151/190 642/1152/190 

v 34.4192 1 -174.891
vt 1355.09 6885.49
vn -7.07562e-16 1 -1.96408e-15
v 40.5383 1 -173.59
vt 1596 6834.27
v 22.4512 1 -178.814
v 0 1 -177.431
vt 8.35703e-14 6985.48
v -6.2806e-19 1 -171.482
vt 8.35456e-14 6751.26
v 18.7072 1 -172.821
vt 736.503 6803.98
f 650/1153/191 651/1154/191 649/1145/191 648/1144/191 652/1148/191 653/1155/191 654/1156/191 655/1157/191 

v 34.4192 1.5 -174.891
vt 106.45 137.795
vn 0.207961 7.81126e-17 -0.978137
v 40.5383 1.5 -173.59
vt -139.842 137.795
vt -139.842 118.11
vt 106.45 118.11
f 656/1158/192 657/1159/192 651/1160/192 650/1161/192 

v 33.1712 1.5 -169.427
vt 1305.95 6670.34
vn -5.68802e-16 1 -1.40377e-15
v 38.3017 1.5 -168.419
vt 1507.94 6630.66
v 18.7072 1.5 -172.821
v 0 1.5 -171.482
vt 7.83782e-14 6751.26
v -2.60664e-19 1.5 -165.533
vt 7.8368e-14 6517.04
v 14.9632 1.5 -166.828
vt 589.103 6568.02
f 658/1162/193 659/1163/193 657/1154/193 656/1153/193 660/1157/193 661/1164/193 662/1165/193 663/1166/193 

v 33.1712 2 -169.427
vt 4.573 157.48
vn 0.192798 1.21171e-16 -0.981239
v 38.3017 2 -168.419
vt -201.275 157.48
vt -201.275 137.795
vt 4.573 137.795
f 664/1167/194 665/1168/194 659/1169/194 658/1170/194 

v 31.9232 2 -163.962
vt 1256.82 6455.2
vn -1.95552e-16 1 -4.41502e-16
v 36.1342 2 -163.407
vt 1422.61 6433.33
v 14.9632 2 -166.828
v 0 2 -165.533
vt 3.07957e-14 6517.04
v 2.435e-19 2 -159.584
vt 3.08053e-14 6282.82
v 11.2192 2 -160.834
vt 441.702 6332.06
f 666/1171/195 667/1172/195 665/1163/195 664/1162/195 668/1166/195 669/1173/195 670/1174/195 671/1175/195 

v 31.9232 2.5 -163.962
vt -401.948 177.165
vn 0.13076 -1.90746e-17 -0.991414
v 36.1342 2.5 -163.407
vt -569.168 177.165
vt -569.168 157.48
vt -401.948 157.48
f 672/1176/196 673/1177/196 667/1178/196 666/1179/196 

v 31.1235 2.5 -158.568
vt 1225.33 6242.83
vn 6.69617e-16 1 1.15962e-15
v 33.9953 2.5 -158.461
vt 1338.4 6238.62
v 11.2192 2.5 -160.834
v 0 2.5 -159.584
vt -1.18633e-13 6282.82
v 9.95747e-19 2.5 -152.981
vt -1.18594e-13 6022.88
v 8.81987 2.5 -154.922
vt 347.239 6099.28
f 674/1180/197 675/1181/197 673/1172/197 672/1171/197 676/1175/197 677/1182/197 678/1183/197 679/1184/197 

v 31.1235 3 -158.568
vt -992.051 196.85
vn 0.0372318 1.55524e-17 -0.999307
v 33.9953 3 -158.461
vt -1105.19 196.85
vt -1105.19 177.165
vt -992.051 177.165
f 680/1185/198 681/1186/198 675/1187/198 674/1188/198 

v 28.9179 3 -150.361
vt 1138.5 5919.73
vn 1.66132e-15 1 5.19292e-16
v 30.8649 3 -151.222
vt 1215.15 5953.64
v 8.81987 3 -154.922
v 0 3 -152.981
vt -3.27032e-13 6022.88
v 3.24405e-19 3 -135.447
vt -3.27019e-13 5332.54
f 682/1189/199 683/1190/199 681/1181/199 680/1180/199 684/1184/199 685/1191/199 686/1192/199 

v 30.8649 3.5 -151.222
vt -3519.92 216.535
vn -0.404569 2.72764e-15 -0.914508
v 37.8999 3.5 -154.335
vt -3822.79 216.535
v 37.8999 3 -154.335
vt -3822.79 196.85
vt -3519.92 196.85
vt -3436.1 196.85
v 28.9179 3.5 -150.361
vt -3436.1 216.535
f 687/1193/200 688/1194/200 689/1195/200 683/1196/200 682/1197/200 690/1198/200 

usemtl F05_Fresh_Green
v 40.1981 3.5 -142.572
vt 1582.6 5613.09
vn 5.96218e-14 1 3.4104e-14
v 44.0879 3.5 -151.567
vt 1735.74 5967.2
v 44.1151 3.5 -151.63
vt 1736.81 5969.67
v 41.474 3.5 -152.982
vt 1632.83 6022.91
v 38.4754 3.5 -154.298
vt 1514.78 6074.71
vt 1492.12 6076.17
v 24.5809 3.5 -136.692
vt 967.754 5381.58
v 31.7641 3.5 -142.489
vt 1250.56 5609.82
f 691/1199/201 692/1200/201 693/1201/201 694/1202/201 695/1203/201 688/1204/201 687/1190/201 696/1205/201 697/1206/201 

usemtl FrontColor
vt -6165.95 216.535
vn -0.917845 5.01929e-14 -0.396938
v 44.0879 3 -151.567
vt -6165.95 196.85
v 40.1981 3 -142.572
vt -5780.14 196.85
vt -5780.14 216.535
f 692/1207/202 698/1208/202 699/1209/202 691/1210/202 

vt -2667.62 196.85
vn -0.159909 3.55685e-15 -0.987132
vt -2667.62 216.535
v 44.2017 3.5 -151.585
vt -2672.15 216.535
v 44.2017 3 -151.585
vt -2672.15 196.85
v 54.5021 3 -153.254
vt -3082.97 196.85
v 54.5021 2.5 -153.254
vt -3082.97 177.165
v 63.8473 2.5 -154.768
vt -3455.69 177.165
vt -3455.69 157.48
vt -4688.63 157.48
vt -4688.63 177.165
vt -5141.07 177.165
vt -5141.07 196.85
vt -5528.66 196.85
vt -5528.66 216.535
vt -5805.96 216.535
vt -5805.96 236.22
vt -6093.98 236.22
vt -6093.98 255.906
vt -6450.07 255.906
vt -6450.07 275.591
vt -6697.17 275.591
vt -6697.17 295.276
vt -7231.63 295.276
vt -7231.63 314.961
vt -8680.25 314.961
v 194.844 5.5 -175.988
vt -8680.25 295.276
v 200.076 5.5 -176.836
vt -8888.94 295.276
v 200.076 5 -176.836
vt -8888.94 275.591
v 205.366 5 -177.693
vt -9099.93 275.591
v 205.366 4.5 -177.693
vt -9099.93 255.906
v 210.938 4.5 -178.595
vt -9322.15 255.906
v 210.938 4 -178.595
vt -9322.15 236.22
v 211.9 4 -178.751
vt -9360.53 236.22
v 211.9 -12.1671 -178.751
vt -9360.53 -400.278
v 44.0879 -12.1671 -151.567
vt -2667.62 -400.278
f 698/1211/203 692/1212/203 700/1213/203 701/1214/203 702/1215/203 703/1216/203 704/1217/203 562/1218/203 556/1219/203 554/1220/203 552/1221/203 550/1222/203 548/1223/203 546/1224/203 544/1225/203 543/1226/203 542/1227/203 540/1228/203 538/1229/203 536/1230/203 533/1231/203 530/1232/203 528/1233/203 524/1234/203 525/1235/203 705/1236/203 706/1237/203 707/1238/203 708/1239/203 709/1240/203 710/1241/203 711/1242/203 712/1243/203 713/1244/203 714/1245/203 

vt 1740.22 5967.92
vn -4.69912e-12 1 1.13261e-11
f 700/1246/204 693/1201/204 692/1200/204

vt 1174.64 216.535
vn 0.455738 -2.38881e-14 -0.890114
vt 1170.81 216.535
vt 1170.81 196.85
v 44.1151 3 -151.63
vt 1174.64 196.85
v 41.474 3 -152.982
vt 1291.46 196.85
vt 1291.46 216.535
f 693/1247/205 700/1248/205 701/1249/205 715/1250/205 716/1251/205 694/1252/205 

vn 0.455738 -1.79937e-14 -0.890114
v 46.7462 3.5 -150.282
vt 1058.26 216.535
v 46.7462 3 -150.282
vt 1058.26 196.85
f 700/1248/206 717/1253/206 718/1254/206 701/1249/206 

usemtl D04_Dandelion_Burst
v 120.882 3.5 -161.728
vt 4759.15 6367.25
vn -1.42202e-14 1 -4.96684e-14
v 107.33 3.5 -155.178
vt 4225.61 6109.36
v 96.5265 3.5 -151.789
vt 3800.25 5975.95
v 81.6092 3.5 -147.133
vt 3212.96 5792.63
v 68.3901 3.5 -144.846
vt 2692.53 5702.61
v 58.0114 3.5 -145.643
vt 2283.91 5733.99
vt 1840.4 5916.63
v 43.2254 3.5 -142.602
vt 1701.79 5614.26
v 58.5299 3.5 -142.296
vt 2304.33 5602.2
v 73.4454 3.5 -143.846
vt 2891.55 5663.23
v 86.6598 3.5 -146.16
vt 3411.8 5754.33
v 107.511 3.5 -151.951
vt 4232.73 5982.33
f 719/1255/207 544/925/207 546/931/207 720/1256/207 721/1257/207 722/1258/207 723/1259/207 724/1260/207 717/1261/207 700/1246/207 692/1200/207 691/1199/207 725/1262/207 726/1263/207 727/1264/207 728/1265/207 729/1266/207 

usemtl FrontColor
v 120.882 4 -161.728
vt -7948.92 236.22
vn -0.806781 -1.355e-14 -0.590851
vt -7948.92 216.535
f 730/1267/208 543/926/208 544/929/208 719/1268/208 

usemtl D04_Dandelion_Burst
v 43.2254 4 -142.602
vn -5.69792e-15 1 -1.88694e-14
v 40.1981 4 -142.572
v 37.6215 4 -136.615
vt 1481.16 5378.53
v 42.5376 4 -136.997
vt 1674.71 5393.6
v 56.7885 4 -137.788
vt 2235.77 5424.74
v 72.2422 4 -140.399
vt 2844.18 5527.52
v 85.5595 4 -143.169
vt 3368.48 5636.57
v 103.247 4 -148.169
vt 4064.83 5833.43
v 113.382 4 -150.866
vt 4463.87 5939.61
v 121.802 4 -154.661
vt 4795.34 6089
v 125.502 4 -157.175
vt 4941.03 6188
v 107.511 4 -151.951
v 86.6598 4 -146.16
v 73.4454 4 -143.846
v 58.5299 4 -142.296
f 731/1262/209 732/1199/209 733/1269/209 734/1270/209 735/1271/209 736/1272/209 737/1273/209 738/1274/209 739/1275/209 740/1276/209 741/1277/209 542/914/209 543/925/209 730/1255/209 742/1266/209 743/1265/209 744/1264/209 745/1263/209 

usemtl FrontColor
vt -1637.74 236.22
vn -0.00983665 -2.32124e-14 -0.999952
vt -1756.93 236.22
vt -1756.93 216.535
vt -1637.74 216.535
f 732/1278/210 731/1279/210 725/1280/210 691/1281/210 

usemtl D04_Dandelion_Burst
vt -1589.1 236.22
vn 0.0200119 0 -0.9998
vt -2191.76 236.22
vt -2191.76 216.535
vt -1589.1 216.535
f 731/1282/211 745/1283/211 726/1284/211 725/1285/211 

vt -2871.09 236.22
vn -0.103371 0 -0.994643
vt -3461.48 236.22
vt -3461.48 216.535
vt -2871.09 216.535
f 745/1286/212 744/1287/212 727/1288/212 726/1289/212 

vt -3825.05 236.22
vn -0.172488 0 -0.985012
vt -4353.22 236.22
vt -4353.22 216.535
vt -3825.05 216.535
f 744/1290/213 743/1291/213 728/1292/213 727/1293/213 

vt -4827.23 236.22
vn -0.2676 0 -0.96353
vt -5679.24 236.22
vt -5679.24 216.535
vt -4827.23 216.535
f 743/1294/214 742/1295/214 729/1296/214 728/1297/214 

vt -6947.81 236.22
vn -0.590248 0 -0.807222
vt -7599.94 236.22
vt -7599.94 216.535
vt -6947.81 216.535
f 742/1298/215 730/1299/215 719/1300/215 729/1301/215 

usemtl FrontColor
v 37.6215 4.5 -136.615
vt -5524.59 255.906
vn -0.917845 1.22707e-15 -0.396938
vt -5524.59 236.22
vt -5780.14 236.22
vt -6165.95 -400.278
v 13.1267 -12.1671 -79.9749
vt -3095.08 -400.278
v 13.1267 6.5 -79.9749
vt -3095.08 334.646
v 16.8914 6.5 -88.6799
vt -3468.47 334.646
v 21.8815 6.5 -100.219
vt -3963.42 334.646
v 21.8815 6 -100.219
vt -3963.42 314.961
v 26.7724 6 -111.528
vt -4448.52 314.961
v 26.7724 5.5 -111.528
vt -4448.52 295.276
v 31.4434 5.5 -122.329
vt -4911.81 295.276
v 31.4434 5 -122.329
vt -4911.81 275.591
v 35.2257 5 -131.075
vt -5286.95 275.591
v 35.2257 4.5 -131.075
vt -5286.95 255.906
f 746/1302/216 733/1303/216 732/1304/216 691/1210/216 699/1209/216 698/1208/216 714/1305/216 747/1306/216 748/1307/216 749/1308/216 750/1309/216 751/1310/216 752/1311/216 753/1312/216 754/1313/216 755/1314/216 756/1315/216 757/1316/216 

vt 1894.28 255.906
vn 0.0776398 2.39327e-14 0.996981
v 32.1299 4.5 -136.187
vt 1677.42 255.906
v 32.1299 4 -136.187
vt 1677.42 236.22
vt 1894.28 236.22
f 746/1317/217 758/1318/217 759/1319/217 733/1320/217 

usemtl F05_Fresh_Green
v 20.0445 4.5 -126.202
vt 789.153 4968.6
vn 2.41881e-14 1 1.64605e-14
v 15.4776 4.5 -115.642
vt 609.354 4552.84
v 16.6618 4.5 -116.673
vt 655.978 4593.42
v 33.7374 4.5 -130.904
vt 1328.25 5153.72
vt 1386.84 5160.42
vt 1264.96 5361.69
f 760/1321/218 761/1322/218 762/1323/218 763/1324/218 757/1325/218 746/1269/218 758/1326/218 

usemtl FrontColor
v 8.70728e-18 4.5 -102.171
vt -1.07169e-12 4022.49
vn 4.18917e-15 1 2.8968e-15
v 11.8393 4.5 -119.423
vt 466.115 4701.71
v 0 4.5 -109.321
vt -1.07203e-12 4303.97
f 764/1327/219 761/1322/219 760/1321/219 765/1328/219 766/1329/219 

v 0 5 -102.171
vt -2640.83 275.591
vn -0.656517 3.86136e-15 -0.754311
v 15.4776 5 -115.642
vt -3448.66 275.591
vt -3448.66 255.906
vt -2640.83 255.906
f 767/1330/220 768/1331/220 761/1332/220 764/1333/220 

v 8.19286e-18 5 -95.0218
vt -4.49902e-13 3741.02
vn 1.63367e-15 1 9.35255e-16
v 10.5884 5 -104.337
vt 416.864 4107.75
vt -4.50225e-13 4022.49
f 769/1334/221 770/1335/221 768/1322/221 767/1336/221 

v 0 5.5 -95.0218
vt -2471.01 295.276
vn -0.660517 4.32262e-15 -0.750811
v 10.5884 5.5 -104.337
vt -3026.22 295.276
vt -3026.22 275.591
vt -2471.01 275.591
f 771/1337/222 772/1338/222 770/1339/222 769/1340/222 

v 9.81303e-18 5.5 -87.8724
vt 7.83286e-13 3459.54
vn -2.65142e-15 1 -1.2075e-15
v 5.62104 5.5 -92.8508
vt 221.301 3655.54
vt 7.82899e-13 3741.02
f 773/1341/223 774/1342/223 772/1335/223 771/1343/223 

v 0 6 -87.8724
vt -2293.75 314.961
vn -0.663022 1.20617e-14 -0.7486
v 5.62104 6 -92.8508
vt -2589.37 314.961
vt -2589.37 295.276
vt -2293.75 295.276
f 775/1344/224 776/1345/224 774/1346/224 773/1347/224 

v 1.28033e-17 6 -80.7229
vt -3.03376e-12 3178.07
vn 9.63379e-15 1 5.35028e-15
v 0.611872 6 -81.2681
vt 24.0894 3199.53
vt -3.03426e-12 3459.54
f 777/1348/225 778/1349/225 776/1342/225 775/1350/225 

v 0 6.5 -80.7229
vt -2114.15 334.646
vn -0.665233 7.18733e-15 -0.746636
v 0.611872 6.5 -81.2681
vt -2146.42 334.646
vt -2146.42 314.961
vt -2114.15 314.961
f 779/1351/226 780/1352/226 778/1353/226 777/1354/226 

vt -2.7638e-12 3178.07
vn 8.25889e-15 1 1.82385e-30
v 2.74892e-19 6.5 -79.8532
vt -2.76379e-12 3143.83
f 779/1355/227 781/1356/227 780/1349/227

vt -4.54747e-13 216.535
vn -1 -5.86686e-16 -6.36408e-19
v 1.00148e-17 3.5 -2.73491
vt -107.674 216.535
v 0 4 -2.73491
vt -107.674 236.22
v 9.75775e-18 4 -8.10573
vt -319.123 236.22
v 0 4.5 -8.10573
vt -319.123 255.906
v 8.70728e-18 4.5 -13.4766
vt -530.573 255.906
v 0 5 -13.4766
vt -530.573 275.591
v 8.19286e-18 5 -18.8474
vt -742.023 275.591
v 0 5.5 -18.8474
vt -742.023 295.276
v 9.81303e-18 5.5 -24.2182
vt -953.473 295.276
v 0 6 -24.2182
vt -953.473 314.961
v 1.28033e-17 6 -29.589
vt -1164.92 314.961
v 0 6.5 -29.589
vt -1164.92 334.646
v 1.25941e-17 6.5 -34.9599
vt -1376.37 334.646
v 0 7 -34.9599
vt -1376.37 354.331
v 0 7 -49.6218
vt -1953.62 354.331
v -2.28046e-15 6.5 -49.6218
vt -1953.62 334.646
v 1.25941e-17 6.5 -60.8009
vt -2393.74 334.646
vt -3143.83 334.646
vt -3178.07 334.646
vt -3178.07 314.961
vt -3459.54 314.961
vt -3459.54 295.276
vt -3741.02 295.276
vt -3741.02 275.591
vt -4022.49 275.591
vt -4022.49 255.906
vt -4303.97 255.906
v 9.75775e-18 4 -109.321
vt -4303.97 236.22
v 0 4 -117.912
vt -4642.21 236.22
v 1.00148e-17 3.5 -117.912
vt -4642.21 216.535
v 0 3.5 -135.447
vt -5332.54 216.535
vt -5332.54 196.85
vt -6022.88 196.85
vt -6022.88 177.165
vt -6282.82 177.165
vt -6282.82 157.48
vt -6517.04 157.48
vt -6517.04 137.795
vt -6751.26 137.795
vt -6751.26 118.11
vt -6985.48 118.11
vt -6985.48 98.4252
vt -7219.7 98.4252
vt -7219.7 78.7402
vt -7453.93 78.7402
vt -7453.93 59.0551
vt -7577.26 59.0551
vt -7577.26 39.3701
vt -7577.26 -400.278
vt -7.23512e-32 -400.278
f 141/1357/228 782/1358/228 783/1359/228 784/1360/228 785/1361/228 786/1362/228 787/1363/228 788/1364/228 789/1365/228 790/1366/228 791/1367/228 792/1368/228 793/1369/228 794/1370/228 795/1371/228 796/1372/228 797/1373/228 798/1374/228 781/1375/228 779/1376/228 777/1377/228 775/1378/228 773/1379/228 771/1380/228 769/1381/228 767/1382/228 764/1383/228 766/1384/228 799/1385/228 800/1386/228 801/1387/228 802/1388/228 686/1389/228 685/1390/228 678/1391/228 677/1392/228 670/1393/228 669/1394/228 662/1395/228 661/1396/228 654/1397/228 653/1398/228 646/1399/228 645/1400/228 638/1401/228 637/1402/228 630/1403/228 628/1404/228 485/1405/228 484/1406/228 142/1407/228 

vt 2.15202e-13 5.64865e-13
vn -7.31328e-16 1 5.08544e-16
vt 74.2504 1.0869e-13
v 1.15967 3.5 -1.33069
vt 45.6562 52.3893
vt 1.58753e-13 107.674
f 141/1408/229 140/1409/229 803/1410/229 782/1411/229 

vt 35.5723 236.22
vn -0.877768 0 0.479086
v 1.15967 4 -1.33069
vt -24.1124 236.22
vt -24.1124 216.535
vt 35.5723 216.535
f 139/1412/230 804/1413/230 803/1414/230 140/1415/230 

vt 74.2504 0
vt 220.063 -1.41434e-15
v 3.43703 4 -3.9439
vt 135.316 155.272
vt 3.84163e-16 319.123
vt 0 107.674
f 139/1416/1 138/1417/1 805/1418/1 784/1419/1 783/1420/1 804/1410/1 

vt 105.429 255.906
v 3.43703 4.5 -3.9439
vt -71.4644 255.906
vt -71.4644 236.22
vt 105.429 236.22
f 137/1421/230 806/1422/230 805/1423/230 138/1424/230 

vt 220.063 0
vt 365.876 -1.31612e-15
v 5.71438 4.5 -6.55711
vt 224.976 258.154
vt 3.42806e-16 530.573
vt 0 319.123
f 137/1425/1 136/1426/1 807/1427/1 786/1428/1 785/1429/1 806/1418/1 

vt 175.286 275.591
v 5.71438 5 -6.55711
vt -118.816 275.591
vt -118.816 255.906
vt 175.286 255.906
f 135/1430/230 808/1431/230 807/1432/230 136/1433/230 

vt 365.876 0
vt 511.689 -1.18421e-15
v 7.99174 5 -9.17032
vt 314.636 361.036
vt 3.22554e-16 742.023
vt 0 530.573
f 135/1434/1 134/1435/1 809/1436/1 788/1437/1 787/1438/1 808/1427/1 

vt 245.143 295.276
v 7.99174 5.5 -9.17032
vt -166.168 295.276
vt -166.168 275.591
vt 245.143 275.591
f 133/1439/230 810/1440/230 809/1441/230 134/1442/230 

vt 511.689 0
vt 657.502 -1.22814e-15
v 10.2691 5.5 -11.7835
vt 404.295 463.918
vt 3.8634e-16 953.473
vt 0 742.023
f 133/1443/1 132/1444/1 811/1445/1 790/1446/1 789/1447/1 810/1436/1 

vt 315 314.961
v 10.2691 6 -11.7835
vt -213.52 314.961
vt -213.52 295.276
vt 315 295.276
f 131/1448/230 812/1449/230 811/1450/230 132/1451/230 

vt 657.502 -1.08248e-12
vn 4.9425e-15 1 -3.43687e-15
vt 803.315 -1.08451e-12
v 12.5465 6 -14.3967
vt 493.955 566.801
vt -1.55619e-12 1164.92
vt -1.55669e-12 953.473
f 131/1452/231 130/1453/231 813/1454/231 792/1455/231 791/1456/231 812/1445/231 

vt 384.857 334.646
v 12.5465 6.5 -14.3967
vt -260.872 334.646
vt -260.872 314.961
vt 384.857 314.961
f 129/1457/230 814/1458/230 813/1459/230 130/1460/230 

vt 803.315 0
vt 949.128 -1.8868e-15
v 14.8238 6.5 -17.0099
vt 583.615 669.683
vt 4.95829e-16 1376.37
vt 0 1164.92
f 129/1461/1 128/1462/1 815/1463/1 794/1464/1 793/1465/1 814/1454/1 

vt 454.715 354.331
v 14.8238 7 -17.0099
vt -308.224 354.331
vt -308.224 334.646
vt 454.715 334.646
f 127/1466/230 816/1467/230 815/1468/230 128/1469/230 

v 15.3228 7 -79.4606
vt 603.259 3128.37
vn 1.84286e-14 1 -1.05648e-14
v 13.1267 7 -79.9749
vt 516.8 3148.62
vt -6.52982e-12 1953.62
vt -6.52982e-12 1376.37
vt 949.128 -3.74343e-12
vt 1094.94 -3.74525e-12
v 20.9475 7 -15.4094
vt 824.703 606.668
v 15.7207 7 -23.1079
vt 618.927 909.758
v 7.56743 7 -36.9695
vt 297.93 1455.49
v 5.24288 7 -48.9112
vt 206.413 1925.64
v 8.79018 7 -68.7276
vt 346.07 2705.81
f 817/1470/232 818/1471/232 796/1472/232 795/1473/232 816/1463/232 127/1474/232 126/1475/232 819/1476/232 820/1477/232 821/1478/232 822/1479/232 823/1480/232 

usemtl D04_Dandelion_Burst
v 31.2176 7 -103.809
vt 1229.04 4086.97
vn -1.95719e-16 1 6.64296e-15
v 16.8914 7 -88.6799
vt 665.014 3491.34
v 17.4589 7 -82.9702
vt 687.357 3266.54
v 33.1386 7 -100.106
vt 1304.67 3941.19
v 47.2519 7 -110.72
vt 1860.31 4359.07
v 59.4165 7 -117.897
vt 2339.23 4641.61
v 73.4755 7 -123.596
vt 2892.74 4865.98
v 86.405 7 -127.543
vt 3401.77 5021.37
v 99.3081 7 -131.117
vt 3909.77 5162.08
v 116.028 7 -135.166
vt 4568.03 5321.49
v 132.992 7 -139.725
vt 5235.89 5500.97
v 145.477 7 -141.649
vt 5727.43 5576.74
v 157.326 7 -141.908
vt 6193.94 5586.92
v 170.375 7 -139.487
vt 6707.66 5491.6
v 180.236 7 -136.693
vt 7095.91 5381.62
v 190.754 7 -132.405
vt 7509.99 5212.78
v 199.791 7 -127.527
vt 7865.77 5020.76
v 207.539 7 -123.057
vt 8170.81 4844.75
v 216.829 7 -117.295
vt 8536.58 4617.91
v 223.086 7 -112.978
vt 8782.92 4447.95
v 228.69 7 -109.02
vt 9003.56 4292.14
v 231.684 7 -106.783
vt 9121.43 4204.06
v 234.894 7 -109.706
vt 9247.78 4319.14
v 232.281 7 -112.245
vt 9144.93 4419.08
v 227.089 7 -115.675
vt 8940.5 4554.14
v 221.774 7 -119.024
vt 8731.26 4685.98
v 211.041 7 -125.513
vt 8308.7 4941.46
v 202.529 7 -130.418
vt 7973.6 5134.58
v 192.543 7 -135.992
vt 7580.42 5354.01
v 182.42 7 -140.164
vt 7181.9 5518.28
v 172.7 7 -143.037
vt 6799.22 5631.36
v 156.398 7 -144.659
vt 6157.39 5695.25
v 142.032 7 -143.533
vt 5591.82 5650.9
v 123.3 7 -139.528
vt 4854.35 5493.22
v 110.349 7 -136.163
vt 4344.45 5360.74
v 95.2747 7 -132.577
vt 3750.97 5219.58
v 81.0045 7 -128.65
vt 3189.15 5064.95
v 68.4546 7 -124.293
vt 2695.06 4893.41
v 52.7613 7 -117.783
vt 2077.22 4637.13
v 40.0678 7 -109.916
vt 1577.47 4327.38
f 824/1481/233 825/1482/233 818/1471/233 817/1470/233 826/1483/233 827/1484/233 828/1485/233 829/1486/233 830/1487/233 831/1488/233 832/1489/233 833/1490/233 834/1491/233 835/1492/233 836/1493/233 837/1494/233 838/1495/233 839/1496/233 840/1497/233 841/1498/233 842/1499/233 843/1500/233 844/1501/233 845/1502/233 846/1503/233 847/1504/233 848/1505/233 849/1506/233 850/1507/233 851/1508/233 852/1509/233 853/1510/233 854/1511/233 855/1512/233 856/1513/233 857/1514/233 858/1515/233 859/1516/233 860/1517/233 861/1518/233 862/1519/233 863/1520/233 

usemtl FrontColor
vt -2992.35 354.331
vn -0.726113 5.57579e-16 -0.687576
vt -3812.66 354.331
v 31.2176 6.5 -103.809
vt -3812.66 334.646
vt -2992.35 334.646
f 825/1521/234 824/1522/234 864/1523/234 749/1524/234 

vt -3332.65 354.331
vn -0.567911 0 -0.82309
vt -3755.97 354.331
v 40.0678 6.5 -109.916
vt -3755.97 334.646
vt -3332.65 334.646
f 824/1525/235 863/1526/235 865/1527/235 864/1528/235 

vt -3620.56 354.331
vn -0.526818 0 -0.849978
vt -4208.51 354.331
v 52.7613 6.5 -117.783
vt -4208.51 334.646
vt -3620.56 334.646
f 863/1529/236 862/1530/236 866/1531/236 865/1532/236 

usemtl D04_Dandelion_Burst
vt -3695.42 354.331
vn -0.383152 0 -0.923685
vt -4364.31 354.331
v 68.4546 6.5 -124.293
vt -4364.31 334.646
vt -3695.42 334.646
f 862/1533/237 861/1534/237 867/1535/237 866/1536/237 

vt -4150.93 354.331
vn -0.32798 0 -0.944685
vt -4673.95 354.331
v 81.0045 6.5 -128.65
vt -4673.95 334.646
vt -4150.93 334.646
f 861/1537/238 860/1538/238 868/1539/238 867/1540/238 

vt -4418.87 354.331
vn -0.265363 0 -0.964149
vt -5001.58 354.331
v 95.2747 6.5 -132.577
vt -5001.58 334.646
vt -4418.87 334.646
f 860/1541/239 859/1542/239 869/1543/239 868/1544/239 

vt -4856.95 354.331
vn -0.231393 0 -0.97286
vt -5466.98 354.331
v 110.349 6.5 -136.163
vt -5466.98 334.646
vt -4856.95 334.646
f 859/1545/240 858/1546/240 870/1547/240 869/1548/240 

vt -5552.87 354.331
vn -0.251461 0 -0.967868
vt -6079.69 354.331
v 123.3 6.5 -139.528
vt -6079.69 334.646
vt -5552.87 334.646
f 858/1549/241 857/1550/241 871/1551/241 870/1552/241 

vt -5895.65 354.331
vn -0.209095 0 -0.977895
vt -6649.79 354.331
v 142.032 6.5 -143.533
vt -6649.79 334.646
vt -5895.65 334.646
f 857/1553/242 856/1554/242 872/1555/242 871/1556/242 

vt -6016.44 354.331
vn -0.0781703 0 -0.99694
vt -6583.75 354.331
v 156.398 6.5 -144.659
vt -6583.75 334.646
vt -6016.44 334.646
f 856/1557/243 855/1558/243 873/1559/243 872/1560/243 

vt -5562.99 354.331
vn 0.09905 0 -0.995082
vt -6208 354.331
v 172.7 6.5 -143.037
vt -6208 334.646
vt -5562.99 334.646
f 855/1561/244 854/1562/244 874/1563/244 873/1564/244 

vt -4924.64 354.331
vn 0.283388 0 -0.959005
vt -5323.67 354.331
v 182.42 6.5 -140.164
vt -5323.67 334.646
vt -4924.64 334.646
f 854/1565/245 853/1566/245 875/1567/245 874/1568/245 

vt -4536.97 354.331
vn 0.38109 0 -0.924538
vt -4968.02 354.331
v 192.543 6.5 -135.992
vt -4968.02 334.646
vt -4536.97 334.646
f 853/1569/246 852/1570/246 876/1571/246 875/1572/246 

vt -4010.13 354.331
vn 0.487336 0 -0.873214
vt -4460.4 354.331
v 202.529 6.5 -130.418
vt -4460.4 334.646
vt -4010.13 334.646
f 852/1573/247 851/1574/247 877/1575/247 876/1576/247 

usemtl FrontColor
vt -4344.66 354.331
vn 0.499321 0 -0.866417
vt -4731.42 354.331
v 211.041 6.5 -125.513
vt -4731.42 334.646
vt -4344.66 334.646
f 851/1577/248 850/1578/248 878/1579/248 877/1580/248 

vt -4553.57 354.331
vn 0.517383 0 -0.855754
vt -5047.36 354.331
v 221.774 6.5 -119.024
vt -5047.36 334.646
vt -4553.57 334.646
f 850/1581/249 849/1582/249 879/1583/249 878/1584/249 

vt -4889.08 354.331
vn 0.533092 0 -0.846057
vt -5136.39 354.331
v 227.089 6.5 -115.675
vt -5136.39 334.646
vt -4889.08 334.646
f 849/1585/250 848/1586/250 880/1587/250 879/1588/250 

vt -4948.95 354.331
vn 0.551249 0 -0.834341
vt -5193.97 354.331
v 232.281 6.5 -112.245
vt -5193.97 334.646
vt -4948.95 334.646
f 848/1589/251 847/1590/251 881/1591/251 880/1592/251 

vt -3478.81 354.331
vn 0.696899 2.0006e-16 -0.71717
vt -3622.23 354.331
v 234.894 6.5 -109.706
vt -3622.23 334.646
vt -3478.81 334.646
f 847/1593/252 846/1594/252 882/1595/252 881/1596/252 

vn 0.696899 -3.21671e-16 -0.71717
v 237.831 7 -106.852
vt -3783.48 354.331
v 237.831 6.5 -106.852
vt -3783.48 334.646
f 846/1594/253 883/1597/253 884/1598/253 882/1595/253 

usemtl A06_Ruby_Spark
vt -9121.43 4204.06
vn 1.00497e-14 -1 -5.61602e-15
vt -9247.78 4319.14
vt -9363.42 4206.76
v 248.288 7 -96.618
vt -9775.12 3803.86
v 249.007 7 -95.5079
vt -9803.41 3760.15
v 246.576 7 -93.2939
vt -9707.7 3672.99
v 243.42 7 -97.1985
vt -9583.48 3826.71
v 234.653 7 -104.564
vt -9238.33 4116.7
f 845/1599/254 846/1600/254 883/1601/254 885/1602/254 886/1603/254 887/1604/254 888/1605/254 889/1606/254 

usemtl D04_Dandelion_Burst
v 242.906 -12.1671 -117.004
vt 10172.1 -400.278
vn 0.673349 2.14334e-16 0.739325
v 242.906 6 -117.004
vt 10172.1 314.961
v 239.219 6 -113.646
vt 9975.74 314.961
v 239.219 6.5 -113.646
vt 9975.74 334.646
vt 9745.39 334.646
vt 9745.39 354.331
vt 9574.5 354.331
v 231.684 7.5 -106.783
vt 9574.5 374.016
v 228.01 7.5 -103.437
vt 9378.84 374.016
v 228.01 8 -103.437
vt 9378.84 393.701
v 224.18 8 -99.9486
vt 9174.89 393.701
v 224.18 8.5 -99.9486
vt 9174.89 413.386
v 220.767 8.5 -96.8399
vt 8993.12 413.386
v 220.767 9 -96.8399
vt 8993.12 433.071
v 216.998 9 -93.4075
vt 8792.43 433.071
v 216.998 9.5 -93.4075
vt 8792.43 452.756
v 213.51 9.5 -90.2311
vt 8606.72 452.756
v 213.51 10 -90.2311
vt 8606.72 472.441
v 210.077 10 -87.1043
vt 8423.89 472.441
v 210.077 10.5 -87.1043
vt 8423.89 492.126
v 206.693 10.5 -84.0222
vt 8243.69 492.126
v 206.693 11 -84.0222
vt 8243.69 511.811
v 203.205 11 -80.8454
vt 8057.94 511.811
v 203.205 11.5 -80.8454
vt 8057.94 531.496
v 199.709 11.5 -77.6616
vt 7871.79 531.496
v 199.709 12 -77.6616
vt 7871.79 551.181
v 196.188 12 -74.4549
vt 7684.3 551.181
v 196.188 12.5 -74.4549
vt 7684.3 570.866
v 192.713 12.5 -71.2899
vt 7499.24 570.866
v 192.713 13 -71.2899
vt 7499.24 590.551
v 189.417 13 -68.2878
vt 7323.71 590.551
v 189.417 13.5 -68.2878
vt 7323.71 610.236
v 186.092 13.5 -65.2597
vt 7146.66 610.236
v 186.092 14 -65.2597
vt 7146.66 629.921
v 182.871 14 -62.3259
vt 6975.12 629.921
v 182.871 14.5 -62.3259
vt 6975.12 649.606
v 179.632 14.5 -59.3762
vt 6802.66 649.606
v 179.632 15 -59.3762
vt 6802.66 669.291
v 176.384 15 -56.418
vt 6629.69 669.291
v 176.384 15.5 -56.418
vt 6629.69 688.976
v 172.754 15.5 -53.1115
vt 6436.37 688.976
v 172.754 16 -53.1115
vt 6436.37 708.661
v 170.888 16 -51.4118
vt 6336.99 708.661
v 170.888 -12.1671 -51.4118
vt 6336.99 -400.278
f 890/1607/255 891/1608/255 892/1609/255 893/1610/255 882/1611/255 846/1612/255 845/1613/255 894/1614/255 895/1615/255 896/1616/255 897/1617/255 898/1618/255 899/1619/255 900/1620/255 901/1621/255 902/1622/255 903/1623/255 904/1624/255 905/1625/255 906/1626/255 907/1627/255 908/1628/255 909/1629/255 910/1630/255 911/1631/255 912/1632/255 913/1633/255 914/1634/255 915/1635/255 916/1636/255 917/1637/255 918/1638/255 919/1639/255 920/1640/255 921/1641/255 922/1642/255 923/1643/255 924/1644/255 925/1645/255 926/1646/255 927/1647/255 928/1648/255 929/1649/255 930/1650/255 

vt 2545.47 -400.278
vn 0.893662 9.94714e-16 -0.448741
vt 2545.47 236.22
v 214.409 4 -173.756
vt 2325.38 236.22
v 214.409 3.5 -173.756
vt 2325.38 216.535
v 219.861 3.5 -162.898
vt 1847.04 216.535
v 219.861 3 -162.898
vt 1847.04 196.85
v 226.873 3 -148.932
vt 1231.81 196.85
v 226.873 3.5 -148.932
vt 1231.81 216.535
v 230.136 3.5 -142.436
vt 945.61 216.535
v 230.136 4 -142.436
vt 945.61 236.22
v 233 4 -136.732
vt 694.312 236.22
v 233 4.5 -136.732
vt 694.312 255.906
v 235.844 4.5 -131.067
vt 444.755 255.906
v 235.844 5 -131.067
vt 444.755 275.591
v 238.942 5 -124.897
vt 172.945 275.591
v 238.942 5.5 -124.897
vt 172.945 295.276
v 242.713 5.5 -117.389
vt -157.833 295.276
v 242.713 6 -117.389
vt -157.833 314.961
vt -174.809 314.961
vt -174.809 -400.278
f 713/1651/256 712/1652/256 931/1653/256 932/1654/256 933/1655/256 934/1656/256 935/1657/256 936/1658/256 937/1659/256 938/1660/256 939/1661/256 940/1662/256 941/1663/256 942/1664/256 943/1665/256 944/1666/256 945/1667/256 946/1668/256 891/1669/256 890/1670/256 

usemtl FrontColor
vt 8570.28 7577.26
vn -1.10357e-13 1 -9.99297e-15
vt 8304.64 7031.32
vt 8342.53 7037.45
vt 8441.29 6840.77
v 214.532 4 -174.745
vt 8446.15 6879.71
vt 8759.18 7577.26
f 457/1671/257 711/1672/257 712/1673/257 931/1674/257 947/1675/257 458/1676/257 

vt 10563.2 255.906
vn 0.899205 5.42315e-15 0.437528
vt 9956.11 255.906
vt 9956.11 236.22
vt 10563.2 236.22
f 456/1677/258 710/1678/258 711/1679/258 457/1680/258 

vt 8381.39 7577.26
vn 1.84675e-14 1 4.75892e-14
vt 8085.29 6995.78
f 455/1681/259 709/1682/259 710/1672/259 456/1671/259 

vt 10555.5 275.591
vn 0.891112 -7.78472e-15 0.453782
vt 9902.99 275.591
vt 9902.99 255.906
vt 10555.5 255.906
f 454/1683/260 708/1684/260 709/1685/260 455/1686/260 

vt 8192.5 7577.26
vn -2.44969e-15 1 2.85997e-14
vt 7877.01 6962.04
f 453/1687/261 707/1688/261 708/1682/261 454/1681/261 

vt 10480.7 295.276
vn 0.88982 6.6078e-15 0.456312
vt 9789.34 295.276
vt 9789.34 275.591
vt 10480.7 275.591
f 452/1689/262 706/1690/262 707/1691/262 453/1692/262 

vn -2.18121e-14 1 2.29449e-14
f 451/881/263 705/880/263 706/1688/263 452/1687/263 

vt 10394.5 314.961
vn 0.88982 3.88477e-16 0.456312
vt 9665.64 314.961
vt 9665.64 295.276
vt 10394.5 295.276
f 450/1693/264 525/1694/264 705/1695/264 451/1696/264 

vn 0.88982 2.61227e-18 0.456312
v 194.387 6 -175.097
vt 9626.21 314.961
v 194.387 5.5 -175.097
vt 9626.21 295.276
f 525/1694/265 948/1697/265 949/1698/265 705/1695/265 

usemtl D04_Dandelion_Burst
v 233.121 6 -117.332
vt 9177.98 4619.38
vn 1.04396e-15 1 2.78358e-15
vt 9418.08 4474.24
vt 9563.23 4606.44
vt 9555.61 4621.61
v 235.803 6 -121.229
vt 9283.6 4772.79
v 227.518 6 -125.284
vt 8957.41 4932.45
v 215.626 6 -131.942
vt 8489.2 5194.57
v 206.772 6 -136.933
vt 8140.64 5391.07
v 193.447 6 -143.737
vt 7616.02 5658.95
v 185.285 6 -149.799
vt 7294.67 5897.58
v 178.048 6 -157.059
vt 7009.75 6183.42
v 185.674 6 -167.398
vt 7309.99 6590.49
vt 7653.01 6893.58
v 156.299 6 -165.592
vt 6153.51 6519.38
v 151.364 6 -155.278
vt 5959.19 6113.3
v 139.012 6 -150.93
vt 5472.9 5942.12
v 121.699 6 -145.166
vt 4791.3 5715.21
v 106.521 6 -141.135
vt 4193.73 5556.51
v 91.8441 6 -136.764
vt 3615.91 5384.41
v 73.8262 6 -131.128
vt 2906.54 5162.54
v 54.7957 6 -124.5
vt 2157.31 4901.57
v 43.9396 6 -120.887
vt 1729.91 4759.35
v 37.7539 6 -119.927
vt 1486.37 4721.52
vt 1054.03 4390.86
vt 861.478 3945.62
v 27.6991 6 -105.402
vt 1090.52 4149.69
v 37.4165 6 -114.168
vt 1473.09 4494.79
v 41.8707 6 -116.275
vt 1648.45 4577.76
v 50.1681 6 -119.945
vt 1975.12 4722.23
v 67.5127 6 -126.673
vt 2657.98 4987.12
v 81.0658 6 -131.212
vt 3191.57 5165.82
v 96.694 6 -135.64
vt 3806.85 5340.14
v 111.479 6 -139.272
vt 4388.94 5483.13
v 124.496 6 -142.827
vt 4901.41 5623.11
v 144.031 6 -147.165
vt 5670.52 5793.89
v 158.191 6 -148.285
vt 6227.99 5837.99
v 175.026 6 -146.587
vt 6890.79 5771.12
v 184.604 6 -143.636
vt 7267.88 5654.94
v 194.331 6 -139.579
vt 7650.85 5495.25
v 204.782 6 -133.598
vt 8062.3 5259.75
v 213.591 6 -128.566
vt 8409.1 5061.66
v 224.992 6 -121.943
vt 8857.96 4800.9
f 950/1699/266 892/1700/266 891/1701/266 946/1702/266 951/1703/266 952/1704/266 953/1705/266 954/1706/266 955/1707/266 956/1708/266 957/1709/266 958/1710/266 948/1711/266 525/880/266 524/879/266 959/1712/266 960/1713/266 961/1714/266 962/1715/266 963/1716/266 964/1717/266 965/1718/266 966/1719/266 967/1720/266 968/1721/266 752/1722/266 751/1723/266 969/1724/266 970/1725/266 971/1726/266 972/1727/266 973/1728/266 974/1729/266 975/1730/266 976/1731/266 977/1732/266 978/1733/266 979/1734/266 980/1735/266 981/1736/266 982/1737/266 983/1738/266 984/1739/266 985/1740/266 

usemtl FrontColor
v 233.121 6.5 -117.332
vt -5464.71 334.646
vn 0.517324 -1.31013e-16 -0.85579
vt -5745.26 334.646
vt -5745.26 314.961
vt -5464.71 314.961
f 986/1741/267 893/1742/267 892/1743/267 950/1744/267 

usemtl D04_Dandelion_Burst
v 27.6991 6.5 -105.402
vn 1.59826e-16 1 5.26154e-15
v 224.992 6.5 -121.943
v 213.591 6.5 -128.566
v 204.782 6.5 -133.598
v 194.331 6.5 -139.579
v 184.604 6.5 -143.636
v 175.026 6.5 -146.587
v 158.191 6.5 -148.285
v 144.031 6.5 -147.165
v 124.496 6.5 -142.827
v 111.479 6.5 -139.272
v 96.694 6.5 -135.64
v 81.0658 6.5 -131.212
v 67.5127 6.5 -126.673
v 50.1681 6.5 -119.945
v 41.8707 6.5 -116.275
v 37.4165 6.5 -114.168
f 987/1724/268 750/1723/268 749/1482/268 864/1481/268 865/1520/268 866/1519/268 867/1518/268 868/1517/268 869/1516/268 870/1515/268 871/1514/268 872/1513/268 873/1512/268 874/1511/268 875/1510/268 876/1509/268 877/1508/268 878/1507/268 879/1506/268 880/1505/268 881/1504/268 882/1503/268 893/1700/268 986/1699/268 988/1740/268 989/1739/268 990/1738/268 991/1737/268 992/1736/268 993/1735/268 994/1734/268 995/1733/268 996/1732/268 997/1731/268 998/1730/268 999/1729/268 1000/1728/268 1001/1727/268 1002/1726/268 1003/1725/268 

usemtl FrontColor
vt -3267.97 334.646
vn -0.665233 2.59767e-16 -0.746636
vt -3574.73 334.646
vt -3574.73 314.961
vt -3267.97 314.961
f 750/1745/269 987/1746/269 969/1747/269 751/1748/269 

vt -3589.23 334.646
vn -0.669806 0 -0.742536
vt -4104.46 334.646
vt -4104.46 314.961
vt -3589.23 314.961
f 987/1749/270 1003/1750/270 970/1751/270 969/1752/270 

vt -3253.85 334.646
vn -0.427666 0 -0.903937
vt -3447.85 334.646
vt -3447.85 314.961
vt -3253.85 314.961
f 1003/1753/271 1002/1754/271 971/1755/271 970/1756/271 

vt -3359.13 334.646
vn -0.404463 0 -0.914554
vt -3716.32 334.646
vt -3716.32 314.961
vt -3359.13 314.961
f 1002/1757/272 1001/1758/272 972/1759/272 971/1760/272 

usemtl D04_Dandelion_Burst
vt -3549.27 334.646
vn -0.36166 0 -0.93231
vt -4281.71 334.646
vt -4281.71 314.961
vt -3549.27 314.961
f 1001/1761/273 1000/1762/273 973/1763/273 972/1764/273 

vt -4104.12 334.646
vn -0.317562 0 -0.948238
vt -4666.83 334.646
vt -4666.83 314.961
vt -4104.12 314.961
f 1000/1765/274 999/1766/274 974/1767/274 973/1768/274 

vt -4478.86 334.646
vn -0.272591 0 -0.96213
vt -5118.36 334.646
vt -5118.36 314.961
vt -4478.86 314.961
f 999/1769/275 998/1770/275 975/1771/275 974/1772/275 

vt -4970.88 334.646
vn -0.23856 0 -0.971128
vt -5570.27 334.646
vt -5570.27 314.961
vt -4970.88 314.961
f 998/1773/276 997/1774/276 976/1775/276 975/1776/276 

vt -5678.6 334.646
vn -0.263491 0 -0.964662
vt -6209.85 334.646
vt -6209.85 314.961
vt -5678.6 314.961
f 997/1777/277 996/1778/277 977/1779/277 976/1780/277 

vt -6003.78 334.646
vn -0.216767 0 -0.976223
vt -6791.62 334.646
vt -6791.62 314.961
vt -6003.78 314.961
f 996/1781/278 995/1782/278 978/1783/278 977/1784/278 

vt -6109.77 334.646
vn -0.0788618 0 -0.996886
vt -6668.99 334.646
vt -6668.99 314.961
vt -6109.77 314.961
f 995/1785/279 994/1786/279 979/1787/279 978/1788/279 

vt -5610.57 334.646
vn 0.100372 0 -0.99495
vt -6276.73 334.646
vt -6276.73 314.961
vt -5610.57 314.961
f 994/1789/280 993/1790/280 980/1791/280 979/1792/280 

vt -4886.12 334.646
vn 0.294433 0 -0.955672
vt -5280.71 334.646
vt -5280.71 314.961
vt -4886.12 314.961
f 993/1793/281 992/1794/281 981/1795/281 980/1796/281 

vt -4531.58 334.646
vn 0.384876 0 -0.922968
vt -4946.5 334.646
vt -4946.5 314.961
vt -4531.58 314.961
f 992/1797/282 991/1798/282 982/1799/282 981/1800/282 

vt -3910.43 334.646
vn 0.496743 0 -0.867898
vt -4384.51 334.646
vt -4384.51 314.961
vt -3910.43 314.961
f 991/1801/283 990/1802/283 983/1803/283 982/1804/283 

vt -4391.88 334.646
vn 0.495996 0 -0.868325
vt -4791.27 334.646
vt -4791.27 314.961
vt -4391.88 314.961
f 990/1805/284 989/1806/284 984/1807/284 983/1808/284 

usemtl FrontColor
vt -4728.53 334.646
vn 0.50233 0 -0.864676
vt -5247.63 334.646
vt -5247.63 314.961
vt -4728.53 314.961
f 989/1809/285 988/1810/285 985/1811/285 984/1812/285 

vt -5336.22 334.646
vn 0.493369 0 -0.86982
vt -5704.14 334.646
vt -5704.14 314.961
vt -5336.22 314.961
f 988/1813/286 986/1814/286 950/1815/286 985/1816/286 

vn -0.665233 6.79256e-15 -0.746636
f 780/1352/287 750/1745/287 751/1748/287 778/1353/287 

usemtl F05_Fresh_Green
vn 2.46556e-14 1 2.25758e-15
vt -8.25088e-12 3143.83
vt -8.25039e-12 2393.74
v 9.10219 6.5 -80.4542
vt 358.354 3167.49
f 750/1723/288 780/1349/288 781/1817/288 798/1818/288 1004/1819/288 749/1482/288 

usemtl FrontColor
v 0 7 -60.8009
vt -2172.09 354.331
vn -0.907406 0 -0.420255
v 9.10219 7 -80.4542
vt -3024.8 354.331
vt -3024.8 334.646
vt -2172.09 334.646
f 1005/1820/289 1006/1821/289 1004/1822/289 798/1823/289 

usemtl F05_Fresh_Green
vn 1.15888e-13 1 3.63091e-14
vt -4.10626e-11 2393.74
vt -4.10626e-11 1953.62
f 818/1471/290 825/1482/290 1006/1819/290 1005/1824/290 796/1825/290 

usemtl FrontColor
vt -3468.47 354.331
vn -0.917845 -7.25911e-17 -0.396938
vt -3095.08 354.331
f 825/1826/291 749/1308/291 748/1307/291 818/1827/291 

vt -2546.35 354.331
vn -0.726113 -4.96815e-16 -0.687576
vt -2546.35 334.646
f 1006/1828/292 825/1521/292 749/1524/292 1004/1829/292 

usemtl D04_Dandelion_Burst
vt -516.8 3148.62
vn -2.62516e-14 -1 5.89961e-16
vt 8.87476e-12 1953.62
vt 8.78449e-12 2393.74
vt -358.354 3167.49
vt -665.014 3491.34
f 748/1830/293 797/1831/293 798/1832/293 1004/1833/293 749/1834/293 

vt 1793.12 354.331
vn 0.917845 -2.37284e-15 0.396938
vt 1793.12 334.646
vt 3095.08 334.646
vt 3095.08 354.331
f 796/1835/294 797/1836/294 748/1837/294 818/1838/294 

vn -1 2.26787e-15 -1.0256e-16
vt -2393.74 354.331
f 796/1372/295 1005/1839/295 798/1374/295 797/1373/295 

vt 5420.71 787.402
vn -0.228012 -2.90916e-16 0.973658
vt 4606.12 787.402
vt 4606.12 767.717
vt 4034.87 767.717
v 118.223 17 -55.3633
vt 4034.87 748.031
v 108.263 17 -57.6958
vt 3632.14 748.031
v 108.263 16.5 -57.6958
vt 3632.14 728.346
v 100.423 16.5 -59.5319
vt 3315.1 728.346
v 100.423 16 -59.5319
vt 3315.1 708.661
v 95.651 16 -60.6493
vt 3122.15 708.661
v 95.651 15.5 -60.6493
vt 3122.15 688.976
v 92.809 15.5 -61.3149
vt 3007.23 688.976
v 92.809 15 -61.3149
vt 3007.23 669.291
v 89.935 15 -61.9879
vt 2891.02 669.291
v 89.935 14.5 -61.9879
vt 2891.02 649.606
v 87.0781 14.5 -62.6569
vt 2775.51 649.606
v 87.0781 14 -62.6569
vt 2775.51 629.921
v 84.2395 14 -63.3217
vt 2660.72 629.921
v 84.2395 13.5 -63.3217
vt 2660.72 610.236
v 81.42 13.5 -63.9819
vt 2546.72 610.236
v 81.42 13 -63.9819
vt 2546.72 590.551
v 78.5471 13 -64.6547
vt 2430.55 590.551
v 78.5471 12.5 -64.6547
vt 2430.55 570.866
v 76.2577 12.5 -65.1908
vt 2337.98 570.866
v 76.2577 12 -65.1908
vt 2337.98 551.181
v 74.0398 12 -65.7102
vt 2248.3 551.181
v 74.0398 11.5 -65.7102
vt 2248.3 531.496
v 71.8848 11.5 -66.2149
vt 2161.16 531.496
v 71.8848 11 -66.2149
vt 2161.16 511.811
v 65.3284 11 -67.7503
vt 1896.05 511.811
v 65.3284 10.5 -67.7503
vt 1896.05 492.126
v 36.8316 10.5 -74.4237
vt 743.777 492.126
v 36.8316 10 -74.4237
vt 743.777 472.441
v 33.5139 10 -75.2006
vt 609.624 472.441
v 33.5139 9.5 -75.2006
vt 609.624 452.756
v 30.2477 9.5 -75.9655
vt 477.555 452.756
v 30.2477 9 -75.9655
vt 477.555 433.071
v 26.6217 9 -76.8146
vt 330.938 433.071
v 26.6217 8.5 -76.8146
vt 330.938 413.386
v 22.8864 8.5 -77.6894
vt 179.898 413.386
v 22.8864 8 -77.6894
vt 179.898 393.701
v 19.1177 8 -78.5719
vt 27.5122 393.701
v 19.1177 7.5 -78.5719
vt 27.5122 374.016
v 15.3228 7.5 -79.4606
vt -125.937 374.016
vt -125.937 354.331
vt -214.735 354.331
vt -214.735 334.646
vt -214.735 -400.278
v 170.888 -12.1671 -43.0304
vt 6164.36 -400.278
v 170.888 16.5 -43.0304
vt 6164.36 728.346
v 167.701 16.5 -43.7767
vt 6035.49 728.346
v 167.701 17 -43.7767
vt 6035.49 748.031
v 160.667 17 -45.4239
vt 5751.08 748.031
vt 5751.08 767.717
vt 5420.71 767.717
f 16/1840/296 18/1841/296 13/1842/296 12/1843/296 1007/1844/296 1008/1845/296 1009/1846/296 1010/1847/296 1011/1848/296 1012/1849/296 1013/1850/296 1014/1851/296 1015/1852/296 1016/1853/296 1017/1854/296 1018/1855/296 1019/1856/296 1020/1857/296 1021/1858/296 1022/1859/296 1023/1860/296 1024/1861/296 1025/1862/296 1026/1863/296 1027/1864/296 1028/1865/296 1029/1866/296 1030/1867/296 1031/1868/296 1032/1869/296 1033/1870/296 1034/1871/296 1035/1872/296 1036/1873/296 1037/1874/296 1038/1875/296 1039/1876/296 1040/1877/296 1041/1878/296 1042/1879/296 1043/1880/296 1044/1881/296 1045/1882/296 1046/1883/296 817/1884/296 818/1885/296 748/1886/296 747/1887/296 1047/1888/296 1048/1889/296 1049/1890/296 1050/1891/296 1051/1892/296 7/1893/296 6/1894/296 

usemtl FrontColor
vn 4.03627e-16 1 5.86617e-16
v 111.588 17.5 -53.8993
vt 4393.23 2122.02
v 93.0032 17.5 -47.0183
vt 3661.54 1851.12
v 82.9793 17.5 -43.0376
vt 3266.9 1694.39
v 77.7078 17.5 -40.09
vt 3059.36 1578.35
v 75.8874 17.5 -38.545
vt 2987.69 1517.52
v 73.0457 17.5 -30.2155
vt 2875.81 1189.59
vt 2439.64 4.50356e-13
vt 2493.72 4.50356e-13
v 75.4947 17.5 -29.5513
v 88.5566 17.5 -40.8309
v 106.706 17.5 -48.1501
f 20/37/297 13/13/297 12/12/297 1052/1895/297 1053/1896/297 1054/1897/297 1055/1898/297 1056/1899/297 1057/1900/297 85/1901/297 84/1902/297 1058/40/297 1059/39/297 1060/38/297 

vt -4747.26 767.717
vn -0.215461 -1.41042e-16 -0.976512
vt -5014.77 767.717
vt -5014.77 748.031
v 111.588 17 -53.8993
vt -4747.26 748.031
f 1052/1903/298 12/1904/298 1007/1905/298 1061/1906/298 

vn -0.215461 3.05913e-17 -0.976512
vt -5446.72 767.717
v 128.937 17 -57.7273
vt -5446.72 748.031
f 12/1904/299 11/1907/299 1062/1908/299 1007/1905/299 

vt -5120.71 767.717
vn -0.0200033 -1.33389e-28 -0.9998
vt -5588.29 767.717
v 140.811 17 -57.9649
vt -5588.29 748.031
vt -5120.71 748.031
f 11/1909/300 10/1910/300 1063/1911/300 1062/1912/300 

usemtl D04_Dandelion_Burst
vt -4521.71 767.717
vn 0.320065 0 -0.947396
vt -4947.34 767.717
v 151.053 17 -54.5047
vt -4947.34 748.031
vt -4521.71 748.031
f 10/1913/301 9/1914/301 1064/1915/301 1063/1916/301 

vt -3186.88 767.717
vn 0.641307 -4.50219e-16 -0.767285
vt -3540.13 767.717
v 157.938 17 -48.7506
vt -3540.13 748.031
vt -3186.88 748.031
f 9/1917/302 8/1918/302 1065/1919/302 1064/1920/302 

usemtl FrontColor
vt -2459.75 767.717
vn 0.773145 1.03041e-16 -0.63423
vt -2629.15 767.717
vt -2629.15 748.031
vt -2459.75 748.031
f 8/1921/303 7/1922/303 1051/1923/303 1065/1924/303 

vn 0.773145 -1.46306e-16 -0.63423
v 162.83 17.5 -42.7869
vt -2763.43 767.717
v 162.83 17 -42.7869
vt -2763.43 748.031
f 7/1922/304 1066/1925/304 1067/1926/304 1051/1923/304 

v 168.529 17.5 -16.1847
vn -4.07068e-15 1 2.01805e-15
vt 6579.01 1371.18
vt 6410.63 1684.53
v 153.136 17.5 -47.1134
v 157.814 17.5 -43.2855
v 160.743 17.5 -37.9411
v 162.882 17.5 -33.6227
f 1068/32/305 175/31/305 174/187/305 180/1927/305 1066/1928/305 7/7/305 6/6/305 1069/36/305 1070/35/305 1071/34/305 1072/33/305 

vt -2839.25 767.717
vn 0.875598 -1.72811e-17 -0.48304
vt -2647.05 767.717
vt -2647.05 787.402
vt -2839.25 787.402
f 175/1929/306 1068/1930/306 24/1931/306 23/1932/306 

vt -716.439 787.402
vn 0.951353 0 -0.308104
vt -1438.08 787.402
vt -1438.08 767.717
vt -716.439 767.717
f 25/1933/307 24/1934/307 1068/1935/307 1072/1936/307 

vt -1469.9 787.402
vn 0.896133 0 -0.443786
vt -1659.62 787.402
vt -1659.62 767.717
vt -1469.9 767.717
f 26/1937/308 25/1938/308 1072/1939/308 1071/1940/308 

vt -1492.25 787.402
vn 0.876889 0 -0.480692
vt -1732.2 787.402
vt -1732.2 767.717
vt -1492.25 767.717
f 27/1941/309 26/1942/309 1071/1943/309 1070/1944/309 

vt -3490.96 787.402
vn 0.633334 0 -0.773879
vt -3728.92 787.402
vt -3728.92 767.717
vt -3490.96 767.717
f 28/1945/310 27/1946/310 1070/1947/310 1069/1948/310 

vn 0.330233 1.92638e-16 -0.943899
vt -5078.23 787.402
vt -5078.23 767.717
f 16/16/311 28/1949/311 1069/1950/311 6/17/311 

usemtl D04_Dandelion_Burst
vt -468.906 767.717
vn -1 0 -0
vt 8.05884e-16 767.717
vt 0 787.402
vt -468.906 787.402
f 175/1951/312 49/1952/312 22/1953/312 23/1954/312 

vt -6727.85 468.906
vn 8.78975e-16 -1 -2.18206e-15
vt -6986.53 1.67521e-12
vt -6727.85 1.6744e-12
f 175/1955/313 46/1956/313 49/1957/313

vn 0.875598 3.24631e-16 -0.48304
v 177.458 18 -0
vt -3374.78 787.402
vt -3374.78 767.717
f 23/1932/314 1073/1958/314 46/1959/314 175/1929/314 

usemtl A06_Ruby_Spark
vn -8.78975e-15 1 4.84903e-15
vt 6727.85 3.81813e-12
vt 6986.53 3.81813e-12
f 23/31/315 22/1960/315 1073/1961/315

usemtl D04_Dandelion_Burst
vt 6986.53 787.402
vn 1.55768e-18 2.04694e-17 1
f 1073/1962/316 22/59/316 49/58/316 46/55/316 

usemtl FrontColor
vn 1.55768e-18 6.14083e-17 1
f 46/55/317 49/58/317 48/57/317 47/56/317 

usemtl D04_Dandelion_Burst
vt 3374.78 748.031
vn -0.875598 -8.91497e-16 0.48304
vt 3374.78 767.717
vt 2839.25 767.717
v 170.888 17 -11.9102
vt 2839.25 748.031
f 47/1963/318 46/1964/318 175/1965/318 1074/1966/318 

vt -468.906 748.031
vt -963.142 767.717
v 170.888 17.5 -51.4118
vt -2024.09 767.717
vt -2024.09 708.661
v 170.888 16 -47.6353
vt -1875.4 708.661
v 170.888 16.5 -47.6353
vt -1875.4 728.346
vt -1694.11 728.346
vt -1521.66 728.346
vt -1521.66 748.031
vt -963.142 748.031
f 1074/1967/312 175/1951/312 174/1968/312 1075/1969/312 929/1970/312 1076/1971/312 1077/1972/312 1048/1973/312 189/1974/312 183/1975/312 178/1976/312 

usemtl A06_Ruby_Spark
v 190.336 16 -14.9139
vt 7493.55 587.162
vn -1.94826e-14 1 1.06724e-14
v 188.863 16 -29.2568
vt 7435.54 1151.84
v 185.206 16 -35.4002
vt 7291.59 1393.71
v 181.187 16 -41.8901
vt 7133.35 1649.22
v 173.603 16 -51.9649
vt 6834.74 2045.86
vt 6801.33 2091
vt 6727.85 2024.09
vt 6727.85 1875.4
v 176.494 16 -39.536
vt 6948.57 1556.54
v 180.918 16 -31.1247
vt 7122.77 1225.38
v 185.101 16 -23.7677
vt 7287.44 935.736
f 1078/1977/319 200/243/319 203/260/319 1079/1978/319 1080/1979/319 1081/1980/319 1082/1981/319 928/1982/319 929/1983/319 1076/1984/319 1083/1985/319 1084/1986/319 1085/1987/319 

usemtl D04_Dandelion_Burst
v 190.336 16.5 -14.9139
vt -3270.81 728.346
vn 0.863615 -2.17187e-17 -0.504152
vt -3270.81 708.661
f 1086/1988/320 197/247/320 200/250/320 1078/1989/320 

usemtl A06_Ruby_Spark
vn -6.24307e-15 1 2.65075e-15
vt 6727.85 1694.11
v 185.101 16.5 -23.7677
v 180.918 16.5 -31.1247
v 176.494 16.5 -39.536
f 1077/1984/321 1048/1990/321 189/206/321 188/205/321 190/212/321 191/211/321 192/210/321 193/209/321 197/243/321 1086/1977/321 1087/1987/321 1088/1986/321 1089/1985/321 

usemtl D04_Dandelion_Burst
v 166.369 16.5 -45.9182
vt 6549.97 1807.8
vn -2.40899e-16 1 2.56018e-15
vt 6602.38 1723.49
v 169.909 16.5 -49.0494
vt 6689.32 1931.08
v 164.117 16.5 -56.8048
vt 6461.29 2236.41
v 156.57 16.5 -66.1073
vt 6164.16 2602.65
v 148.675 16.5 -69.9137
vt 5853.35 2752.51
v 137.987 16.5 -70.3783
vt 5432.55 2770.8
v 120.662 16.5 -67.1226
vt 4750.47 2642.62
v 105.126 16.5 -61.785
vt 4138.81 2432.48
vt 3953.65 2343.77
vt 4262.34 2271.49
v 116.125 16.5 -60.511
vt 4571.85 2382.32
v 133.462 16.5 -64.0528
vt 5254.41 2521.76
v 144.743 16.5 -63.9393
vt 5698.55 2517.3
v 153.812 16.5 -60.306
vt 6055.57 2374.25
v 161.027 16.5 -52.7777
vt 6339.66 2077.86
f 1090/1991/322 1049/1992/322 1048/1990/322 1077/1984/322 1091/1993/322 1092/1994/322 1093/1995/322 1094/1996/322 1095/1997/322 1096/1998/322 1097/1999/322 1010/2000/322 1009/2001/322 1098/2002/322 1099/2003/322 1100/2004/322 1101/2005/322 1102/2006/322 

usemtl FrontColor
v 166.369 17 -45.9182
vt -1922.76 748.031
vn 0.849274 7.67102e-17 -0.527953
vt -2022.03 748.031
vt -2022.03 728.346
vt -1922.76 728.346
f 1103/2007/323 1050/2008/323 1049/2009/323 1090/2010/323 

usemtl D04_Dandelion_Burst
v 116.125 17 -60.511
vn -1.16852e-15 1 4.63997e-15
v 161.027 17 -52.7777
v 153.812 17 -60.306
v 144.743 17 -63.9393
v 133.462 17 -64.0528
f 1104/2002/324 1008/2001/324 1007/12/324 1062/11/324 1063/10/324 1064/9/324 1065/8/324 1051/7/324 1050/1992/324 1103/1991/324 1105/2006/324 1106/2005/324 1107/2004/324 1108/2003/324 

usemtl FrontColor
vt -4778.6 748.031
vn -0.337131 -2.48175e-16 -0.941458
vt -5107.36 748.031
vt -5107.36 728.346
vt -4778.6 728.346
f 1008/2011/325 1104/2012/325 1098/2013/325 1009/2014/325 

vt -4956.17 748.031
vn -0.200157 -2.87448e-16 -0.979764
vt -5652.83 748.031
vt -5652.83 728.346
vt -4956.17 728.346
f 1104/2015/326 1108/2016/326 1099/2017/326 1098/2018/326 

usemtl D04_Dandelion_Burst
vt -5228.78 748.031
vn 0.0100584 1.38777e-28 -0.999949
vt -5672.94 748.031
vt -5672.94 728.346
vt -5228.78 728.346
f 1108/2019/327 1107/2020/327 1100/2021/327 1099/2022/327 

vt -4353.56 748.031
vn 0.371914 0 -0.928267
vt -4738.17 748.031
vt -4738.17 728.346
vt -4353.56 728.346
f 1107/2023/328 1106/2024/328 1101/2025/328 1100/2026/328 

vt -2476.17 748.031
vn 0.721934 -9.23187e-29 -0.691962
vt -2886.72 748.031
vt -2886.72 728.346
vt -2476.17 728.346
f 1106/2027/329 1105/2028/329 1102/2029/329 1101/2030/329 

vt -2255.89 748.031
vn 0.788973 -3.60528e-16 -0.614428
vt -2598.18 748.031
vt -2598.18 728.346
vt -2255.89 728.346
f 1105/2031/330 1103/2032/330 1090/2033/330 1102/2034/330 

usemtl FrontColor
v 99.0644 17 -54.4017
vt -4393.92 748.031
vn -0.337131 -2.27954e-16 -0.941458
v 99.0644 16.5 -54.4017
vt -4393.92 728.346
f 1109/2035/331 1008/2011/331 1009/2014/331 1110/2036/331 

vn 1.93516e-15 1 1.5829e-15
vt 3900.17 2141.8
v 88.1411 17 -49.5792
vt 3470.12 1951.94
v 79.5119 17 -44.0351
vt 3130.39 1733.66
v 75.2936 17 -40.2922
vt 2964.31 1586.31
v 72.8131 17 -37.8616
vt 2866.66 1490.61
v 70.8648 17 -28.9012
vt 2789.95 1137.84
vt 2385.56 1.18406e-12
vt 2439.64 1.18406e-12
v 73.0457 17 -30.2155
v 75.8874 17 -38.545
v 77.7078 17 -40.09
v 82.9793 17 -43.0376
v 93.0032 17 -47.0183
f 1061/1895/332 1007/12/332 1008/2001/332 1109/2037/332 1111/2038/332 1112/2039/332 1113/2040/332 1114/2041/332 1115/2042/332 87/2043/332 86/2044/332 1116/1900/332 1117/1899/332 1118/1898/332 1119/1897/332 1120/1896/332 

vt -3962.85 748.031
vn -0.403871 1.15553e-32 -0.914816
vt -4432.95 748.031
vt -4432.95 728.346
v 88.1411 16.5 -49.5792
vt -3962.85 728.346
f 1111/2045/333 1109/2046/333 1110/2047/333 1121/2048/333 

vn 1.30015e-15 1 7.10454e-16
v 93.3029 16.5 -56.1209
vt 3673.34 2209.49
v 81.3505 16.5 -47.8836
vt 3202.78 1885.18
v 74.2031 16.5 -41.5418
vt 2921.38 1635.5
v 70.0002 16.5 -37.4235
vt 2755.91 1473.36
v 68.684 16.5 -27.5869
vt 2704.09 1086.1
vt 2331.47 5.17457e-13
vt 2385.56 5.17457e-13
v 70.8648 16.5 -28.9012
v 72.8131 16.5 -37.8616
v 75.2936 16.5 -40.2922
v 79.5119 16.5 -44.0351
f 1110/2037/334 1009/2001/334 1010/2000/334 1122/2049/334 1123/2050/334 1124/2051/334 1125/2052/334 1126/2053/334 89/2054/334 88/2055/334 1127/2042/334 1128/2041/334 1129/2040/334 1130/2039/334 1121/2038/334 

vt -4267.41 728.346
vn -0.432056 1.06289e-16 -0.901847
vt -4578.23 728.346
vt -4578.23 708.661
v 93.3029 16 -56.1209
vt -4267.41 708.661
f 1122/2056/335 1010/2057/335 1011/2058/335 1131/2059/335 

vn -0.432056 1.11766e-16 -0.901847
vt -4783.54 728.346
v 105.126 16 -61.785
vt -4783.54 708.661
f 1010/2057/336 1097/2060/336 1132/2061/336 1011/2058/336 

vt -4704.6 728.346
vn -0.324919 -5.54932e-16 -0.945742
vt -5351.36 728.346
v 120.662 16 -67.1226
vt -5351.36 708.661
vt -4704.6 708.661
f 1097/2062/337 1096/2063/337 1133/2064/337 1132/2065/337 

vt -5156.8 728.346
vn -0.184683 0 -0.982798
vt -5850.82 728.346
v 137.987 16 -70.3783
vt -5850.82 708.661
vt -5156.8 708.661
f 1096/2066/338 1095/2067/338 1134/2068/338 1133/2069/338 

usemtl D04_Dandelion_Burst
vt -5307.12 728.346
vn 0.0434201 0 -0.999057
vt -5728.31 728.346
v 148.675 16 -69.9137
vt -5728.31 708.661
vt -5307.12 708.661
f 1095/2070/339 1094/2071/339 1135/2072/339 1134/2073/339 

vt -4077.06 728.346
vn 0.434306 0 -0.900765
vt -4422.12 728.346
v 156.57 16 -66.1073
vt -4422.12 708.661
vt -4077.06 708.661
f 1094/2074/340 1093/2075/340 1136/2076/340 1135/2077/340 

vt -1862.46 728.346
vn 0.776572 4.14428e-28 -0.630029
vt -2334.07 728.346
v 164.117 16 -56.8048
vt -2334.07 708.661
vt -1862.46 708.661
f 1093/2078/341 1092/2079/341 1137/2080/341 1136/2081/341 

vt -2074.36 728.346
vn 0.801223 3.51103e-16 -0.598366
vt -2455.43 728.346
v 169.909 16 -49.0494
vt -2455.43 708.661
vt -2074.36 708.661
f 1092/2082/342 1091/2083/342 1138/2084/342 1137/2085/342 

usemtl FrontColor
vt -2219.34 728.346
vn 0.822241 8.15543e-17 -0.56914
vt -2287.05 728.346
vt -2287.05 708.661
vt -2219.34 708.661
f 1091/2086/343 1077/2087/343 1076/2088/343 1138/2089/343 

vn 0.822241 5.83318e-16 -0.56914
vt -2674.86 728.346
vt -2674.86 708.661
f 1077/2087/344 1089/2090/344 1083/2091/344 1076/2088/344 

vt -1857.44 728.346
vn 0.885015 3.10568e-29 -0.465563
vt -2231.61 728.346
vt -2231.61 708.661
vt -1857.44 708.661
f 1089/2092/345 1088/2093/345 1084/2094/345 1083/2095/345 

vt -2455.05 728.346
vn 0.869329 0 -0.494233
vt -2788.23 728.346
vt -2788.23 708.661
vt -2455.05 708.661
f 1088/2096/346 1087/2097/346 1085/2098/346 1084/2099/346 

vt -2903.68 728.346
vn 0.86078 -4.42391e-28 -0.508978
vt -3308.64 728.346
vt -3308.64 708.661
vt -2903.68 708.661
f 1087/2100/347 1086/2101/347 1078/2102/347 1085/2103/347 

usemtl D04_Dandelion_Burst
vt 2024.09 -400.278
vn 1 0 -0
vt 2024.09 708.661
vt 1875.4 708.661
vt 1875.4 728.346
vt 1694.11 728.346
vt 1694.11 -400.278
f 930/2104/348 929/2105/348 1076/2106/348 1077/2107/348 1048/2108/348 1047/2109/348 

v 98.4647 16 -62.6626
vt 3876.56 2467.03
vn 1.08476e-16 1 5.01659e-15
vt 3765.79 2387.77
v 167.425 16 -60.31
vt 6591.54 2374.41
v 159.594 16 -70.8031
vt 6283.24 2787.52
v 155.034 16 -75.3768
vt 6103.71 2967.59
v 150.979 16 -77.5851
vt 5944.06 3054.53
v 143.835 16 -76.8797
vt 5662.8 3026.76
v 135.355 16 -75.5694
vt 5328.92 2975.17
v 121.62 16 -73.2202
vt 4788.2 2882.69
v 109.994 16 -68.9969
vt 4330.47 2716.42
f 1139/2110/349 1012/2111/349 1011/2000/349 1132/1999/349 1133/1998/349 1134/1997/349 1135/1996/349 1136/1995/349 1137/1994/349 1138/1993/349 1076/1984/349 929/1983/349 928/1982/349 1140/2112/349 1141/2113/349 1142/2114/349 1143/2115/349 1144/2116/349 1145/2117/349 1146/2118/349 1147/2119/349 

usemtl FrontColor
vt -4452 708.661
vn -0.581916 -4.78953e-17 -0.813249
vt -4588.22 708.661
v 98.4647 15.5 -62.6626
vt -4588.22 688.976
vt -4452 688.976
f 1012/2120/350 1139/2121/350 1148/2122/350 1013/2123/350 

vt -4585.48 708.661
vn -0.48152 5.14265e-16 -0.876435
vt -5103.39 708.661
v 109.994 15.5 -68.9969
vt -5103.39 688.976
vt -4585.48 688.976
f 1139/2124/351 1147/2125/351 1149/2126/351 1148/2127/351 

vt -4997.7 708.661
vn -0.341425 1.25399e-28 -0.939909
vt -5484.69 708.661
v 121.62 15.5 -73.2202
vt -5484.69 688.976
vt -4997.7 688.976
f 1147/2128/352 1146/2129/352 1150/2130/352 1149/2131/352 

vt -5205.67 708.661
vn -0.168599 0 -0.985685
vt -5754.24 708.661
v 135.355 15.5 -75.5694
vt -5754.24 688.976
vt -5205.67 688.976
f 1146/2132/353 1145/2133/353 1151/2134/353 1150/2135/353 

usemtl D04_Dandelion_Burst
vt -5720.73 708.661
vn -0.152698 -7.24861e-17 -0.988273
vt -6058.57 708.661
v 143.835 15.5 -76.8797
vt -6058.57 688.976
vt -5720.73 688.976
f 1145/2136/354 1144/2137/354 1152/2138/354 1151/2139/354 

vt -5932.82 708.661
vn -0.098264 -7.29912e-17 -0.99516
vt -6215.44 708.661
v 150.979 15.5 -77.5851
vt -6215.44 688.976
vt -5932.82 688.976
f 1144/2140/355 1143/2141/355 1153/2142/355 1152/2143/355 

vt -3759.32 708.661
vn 0.47826 0 -0.878218
vt -3941.11 708.661
v 155.034 15.5 -75.3768
vt -3941.11 688.976
vt -3759.32 688.976
f 1143/2144/356 1142/2145/356 1154/2146/356 1153/2147/356 

vt -2208.06 708.661
vn 0.708154 -3.77916e-28 -0.706058
vt -2462.34 708.661
v 159.594 15.5 -70.8031
vt -2462.34 688.976
vt -2208.06 688.976
f 1142/2148/357 1141/2149/357 1155/2150/357 1154/2151/357 

vt -1523.93 708.661
vn 0.80143 0 -0.598088
vt -2039.4 708.661
v 167.425 15.5 -60.31
vt -2039.4 688.976
vt -1523.93 688.976
f 1141/2152/358 1140/2153/358 1156/2154/358 1155/2155/358 

vt -2013.36 708.661
vn 0.803747 1.1853e-17 -0.594972
vt -2365.96 708.661
vt -2365.96 688.976
vt -2013.36 688.976
f 1140/2156/359 928/2157/359 927/2158/359 1156/2159/359 

usemtl FrontColor
vn 0.803747 1.75984e-17 -0.594972
vt -2422.12 708.661
v 173.603 15.5 -51.9649
vt -2422.12 688.976
f 928/2157/360 1082/2160/360 1157/2161/360 927/2158/360 

vt -2476.22 708.661
vn 0.798917 0 -0.601442
vt -2972.71 708.661
v 181.187 15.5 -41.8901
vt -2972.71 688.976
vt -2476.22 688.976
f 1082/2162/361 1081/2163/361 1158/2164/361 1157/2165/361 

vt -2353.7 708.661
vn 0.850166 -4.88826e-28 -0.526514
vt -2654.24 708.661
v 185.206 15.5 -35.4002
vt -2654.24 688.976
vt -2353.7 688.976
f 1081/2166/362 1080/2167/362 1159/2168/362 1158/2169/362 

vt -2531.58 708.661
vn 0.859318 -3.41172e-29 -0.511442
vt -2813.04 708.661
v 188.863 15.5 -29.2568
vt -2813.04 688.976
vt -2531.58 688.976
f 1080/2170/363 1079/2171/363 1160/2172/363 1159/2173/363 

usemtl D04_Dandelion_Burst
vt -2608.56 708.661
vn 0.873852 1.87378e-16 -0.486193
vt -2608.56 688.976
f 1079/2174/364 203/265/364 207/268/364 1160/2175/364 

usemtl A06_Ruby_Spark
vn -4.31475e-15 1 2.77245e-15
v 189.394 15.5 -40.0687
vt 7456.46 1577.51
v 184.517 15.5 -46.2745
vt 7264.44 1821.83
vt 6944.26 2221.18
f 1160/1978/365 207/260/365 211/282/365 1161/2176/365 1162/2177/365 926/2178/365 927/1982/365 1157/1981/365 1158/1980/365 1159/1979/365 

usemtl D04_Dandelion_Burst
vt -3180.69 688.976
vn 0.802696 7.41101e-17 -0.596389
v 189.394 15 -40.0687
vt -3180.69 669.291
f 1161/2179/366 211/288/366 216/291/366 1163/2180/366 

usemtl A06_Ruby_Spark
vt -6944.26 2221.18
vn 1.13165e-15 -1 -4.38552e-15
vt -7072.14 2337.64
v 186.806 15 -50.5576
vt -7354.56 1990.46
v 191.635 15 -44.6498
vt -7544.7 1757.87
vt -7568.34 1724.54
vt -7515.26 1676.19
vt -7515.26 1498.37
vt -7456.46 1577.51
v 184.517 15 -46.2745
vt -7264.44 1821.83
f 925/2181/367 924/2182/367 1164/2183/367 1165/2184/367 221/2185/367 222/2186/367 216/2187/367 1163/2188/367 1166/2189/367 

usemtl D04_Dandelion_Burst
v 99.2262 15 -68.9504
vt 3906.54 2714.58
vn -1.26056e-17 1 9.13328e-16
vt 3540.75 2440.47
vt 3653.9 2413.97
v 101.929 15 -67.9978
vt 4012.94 2677.08
v 111.027 15 -74.6372
vt 4371.13 2938.47
v 119.066 15 -78.0082
vt 4687.64 3071.19
v 127.112 15 -79.015
vt 5004.4 3110.83
v 142.75 15 -80.5954
vt 5620.09 3173.05
v 151.408 15 -80.7828
vt 5960.93 3180.43
v 157.286 15 -79.9352
vt 6192.37 3147.06
v 160.664 15 -76.3786
vt 6325.35 3007.03
v 166.031 15 -69.8342
vt 6536.65 2749.38
v 175.034 15 -58.1022
vt 6891.1 2287.49
vt 7072.14 2337.64
v 178.303 15 -61.0096
vt 7019.82 2401.95
v 170.338 15 -71.3
vt 6706.2 2807.09
v 164.815 15 -77.652
vt 6488.79 3057.16
v 160.057 15 -82.233
vt 6301.46 3237.52
v 152.953 15 -84.1002
vt 6021.75 3311.03
v 143.898 15 -84.4551
vt 5665.27 3325
v 128.437 15 -82.6915
vt 5056.56 3255.57
v 118.726 15 -80.839
vt 4674.25 3182.64
v 109.053 15 -76.1384
vt 4293.41 2997.58
f 1167/2190/368 1016/2191/368 1015/2192/368 1168/2193/368 1169/2194/368 1170/2195/368 1171/2196/368 1172/2197/368 1173/2198/368 1174/2199/368 1175/2200/368 1176/2201/368 1177/2202/368 925/2178/368 924/2203/368 1178/2204/368 1179/2205/368 1180/2206/368 1181/2207/368 1182/2208/368 1183/2209/368 1184/2210/368 1185/2211/368 1186/2212/368 

usemtl FrontColor
vt -4296.95 669.291
vn -0.599671 5.6608e-16 -0.800247
vt -4754.06 669.291
v 99.2262 14.5 -68.9504
vt -4754.06 649.606
vt -4296.95 649.606
f 1016/2213/369 1167/2214/369 1187/2215/369 1017/2216/369 

vt -4755.7 669.291
vn -0.590404 7.87694e-29 -0.807108
vt -5235.02 669.291
v 109.053 14.5 -76.1384
vt -5235.02 649.606
vt -4755.7 649.606
f 1167/2217/370 1186/2218/370 1188/2219/370 1187/2220/370 

usemtl D04_Dandelion_Burst
vt -5171.75 669.291
vn -0.437056 2.6388e-16 -0.899434
vt -5595.18 669.291
v 118.726 14.5 -80.839
vt -5595.18 649.606
vt -5171.75 649.606
f 1186/2221/371 1185/2222/371 1189/2223/371 1188/2224/371 

vt -5187.85 669.291
vn -0.18739 1.31053e-28 -0.982286
vt -5577.05 669.291
v 128.437 14.5 -82.6915
vt -5577.05 649.606
vt -5187.85 649.606
f 1185/2225/372 1184/2226/372 1190/2227/372 1189/2228/372 

vt -5392.94 669.291
vn -0.113332 0 -0.993557
vt -6005.6 669.291
v 143.898 14.5 -84.4551
vt -6005.6 649.606
vt -5392.94 649.606
f 1184/2229/373 1183/2230/373 1191/2231/373 1190/2232/373 

vt -5530.72 669.291
vn 0.0391595 -1.54212e-28 -0.999233
vt -5887.48 669.291
v 152.953 14.5 -84.1002
vt -5887.48 649.606
vt -5530.72 649.606
f 1183/2233/374 1182/2234/374 1192/2235/374 1191/2236/374 

vt -4982.34 669.291
vn 0.254188 1.41874e-16 -0.967155
vt -5271.55 669.291
v 160.057 14.5 -82.233
vt -5271.55 649.606
vt -4982.34 649.606
f 1182/2237/375 1181/2238/375 1193/2239/375 1192/2240/375 

vt -2293.98 669.291
vn 0.693578 0 -0.720381
vt -2554.02 669.291
v 164.815 14.5 -77.652
vt -2554.02 649.606
vt -2293.98 649.606
f 1181/2241/376 1180/2242/376 1194/2243/376 1193/2244/376 

vt -1950.19 669.291
vn 0.754669 -3.84983e-16 -0.656106
vt -2281.56 669.291
v 170.338 14.5 -71.3
vt -2281.56 649.606
vt -1950.19 649.606
f 1180/2245/377 1179/2246/377 1195/2247/377 1194/2248/377 

usemtl FrontColor
vt -1885.38 669.291
vn 0.790754 4.6399e-16 -0.612134
vt -2397.72 669.291
v 178.303 14.5 -61.0096
vt -2397.72 649.606
vt -1885.38 649.606
f 1179/2249/378 1178/2250/378 1196/2251/378 1195/2252/378 

vt -2566.52 669.291
vn 0.775746 7.324e-18 -0.631045
vt -2649.42 669.291
vt -2649.42 649.606
vt -2566.52 649.606
f 1178/2253/379 924/2254/379 923/2255/379 1196/2256/379 

usemtl A06_Ruby_Spark
vn 0.775746 -6.26615e-17 -0.631045
vt -3096.97 669.291
v 186.806 14.5 -50.5576
vt -3096.97 649.606
f 924/2254/380 1164/2257/380 1197/2258/380 923/2255/380 

vt -3113.71 669.291
vn 0.774226 -3.71372e-16 -0.632909
vt -3414.12 669.291
v 191.635 14.5 -44.6498
vt -3414.12 649.606
vt -3113.71 649.606
f 1164/2259/381 1165/2260/381 1198/2261/381 1197/2262/381 

usemtl D04_Dandelion_Burst
vt -2931.66 669.291
vn 0.815608 -4.64249e-17 -0.578604
vt -2931.66 649.606
f 1165/2263/382 221/316/382 227/319/382 1198/2264/382 

usemtl A06_Ruby_Spark
vn 1.74504e-14 -1 -1.66892e-14
vt -7199.65 2453.78
v 188.331 14.5 -55.6879
vt -7414.59 2192.44
v 193.205 14.5 -49.8101
vt -7606.49 1961.03
vt -7704.23 1848.31
f 923/2182/383 922/2265/383 1199/2266/383 1200/2267/383 232/2268/383 227/2185/383 1198/2184/383 1197/2183/383 

usemtl D04_Dandelion_Burst
v 96.5237 14.5 -69.903
vt 3800.15 2752.09
vn -6.33233e-17 1 1.65328e-15
vt 3428.27 2466.81
vt 7199.65 2453.78
v 181.204 14.5 -64.3531
vt 7134 2533.59
v 174.521 14.5 -72.9111
vt 6870.91 2870.52
v 168.967 14.5 -78.9253
vt 6652.23 3107.29
v 162.828 14.5 -84.5308
vt 6410.56 3327.98
v 154.497 14.5 -87.4176
vt 6082.58 3441.64
v 145.045 14.5 -88.3147
vt 5710.44 3476.96
v 129.761 14.5 -86.3679
vt 5108.72 3400.31
v 118.386 14.5 -83.6698
vt 4660.87 3294.09
v 107.078 14.5 -77.6396
vt 4215.69 3056.68
f 1201/2269/384 1018/2270/384 1017/2191/384 1187/2190/384 1188/2212/384 1189/2211/384 1190/2210/384 1191/2209/384 1192/2208/384 1193/2207/384 1194/2206/384 1195/2205/384 1196/2204/384 923/2203/384 922/2271/384 1202/2272/384 1203/2273/384 1204/2274/384 1205/2275/384 1206/2276/384 1207/2277/384 1208/2278/384 1209/2279/384 1210/2280/384 

usemtl FrontColor
vt -4221.54 649.606
vn -0.608669 3.11288e-16 -0.793424
vt -4690.24 649.606
v 96.5237 14 -69.903
vt -4690.24 629.921
vt -4221.54 629.921
f 1018/2281/385 1201/2282/385 1211/2283/385 1019/2284/385 

vt -4691.95 649.606
vn -0.591188 7.88739e-29 -0.806534
vt -5207.16 649.606
v 107.078 14 -77.6396
vt -5207.16 629.921
vt -4691.95 629.921
f 1201/2285/386 1210/2286/386 1212/2287/386 1211/2288/386 

usemtl D04_Dandelion_Burst
vt -5158.13 649.606
vn -0.47055 5.1775e-16 -0.882373
vt -5662.66 649.606
v 118.386 14 -83.6698
vt -5662.66 629.921
vt -5158.13 629.921
f 1210/2289/387 1209/2290/387 1213/2291/387 1212/2292/387 

vt -5295.28 649.606
vn -0.230788 0 -0.973004
vt -5755.56 649.606
v 129.761 14 -86.3679
vt -5755.56 629.921
vt -5295.28 629.921
f 1209/2293/388 1208/2294/388 1214/2295/388 1213/2296/388 

vt -5497.43 649.606
vn -0.126357 0 -0.991985
vt -6104.01 649.606
v 145.045 14 -88.3147
vt -6104.01 629.921
vt -5497.43 629.921
f 1208/2297/389 1207/2298/389 1215/2299/389 1214/2300/389 

vt -5356.38 649.606
vn 0.094485 5.04232e-29 -0.995526
vt -5730.18 649.606
v 154.497 14 -87.4176
vt -5730.18 629.921
vt -5356.38 629.921
f 1207/2301/390 1206/2302/390 1216/2303/390 1215/2304/390 

vt -4620.4 649.606
vn 0.327427 -2.52123e-28 -0.944876
vt -4967.51 649.606
v 162.828 14 -84.5308
vt -4967.51 629.921
vt -4620.4 629.921
f 1206/2305/391 1205/2306/391 1217/2307/391 1216/2308/391 

vt -2489.62 649.606
vn 0.674327 -9.85187e-29 -0.738433
vt -2816.89 649.606
v 168.967 14 -78.9253
vt -2816.89 629.921
vt -2489.62 629.921
f 1205/2309/392 1204/2310/392 1218/2311/392 1217/2312/392 

usemtl FrontColor
vt -2230.78 649.606
vn 0.734614 -9.05208e-29 -0.678486
vt -2553.1 649.606
v 174.521 14 -72.9111
vt -2553.1 629.921
vt -2230.78 629.921
f 1204/2313/393 1203/2314/393 1219/2315/393 1218/2316/393 

vt -1966.18 649.606
vn 0.78818 -3.61124e-16 -0.615444
vt -2393.66 649.606
v 181.204 14 -64.3531
vt -2393.66 629.921
vt -1966.18 629.921
f 1203/2317/394 1202/2318/394 1220/2319/394 1219/2320/394 

vt -2574.94 649.606
vn 0.772327 -2.20427e-17 -0.635225
vt -2678.28 649.606
vt -2678.28 629.921
vt -2574.94 629.921
f 1202/2321/395 922/2322/395 921/2323/395 1220/2324/395 

vn 0.772327 -3.64462e-16 -0.635225
vt -3016.66 649.606
v 188.331 14 -55.6879
vt -3016.66 629.921
f 922/2322/396 1199/2325/396 1221/2326/396 921/2323/396 

usemtl A06_Ruby_Spark
vt -3045.22 649.606
vn 0.76977 0 -0.638321
vt -3345.84 649.606
v 193.205 14 -49.8101
vt -3345.84 629.921
vt -3045.22 629.921
f 1199/2327/397 1200/2328/397 1222/2329/397 1221/2330/397 

usemtl D04_Dandelion_Burst
vt -3501.89 649.606
vn 0.755494 9.79637e-17 -0.655156
vt -3501.89 629.921
f 1200/2331/398 232/343/398 237/346/398 1222/2332/398 

usemtl A06_Ruby_Spark
vn 1.9049e-14 -1 -1.79923e-14
vt -7326.46 2569.28
v 186.334 14 -64.9738
vt -7336 2558.02
v 192.422 14 -58.0173
vt -7575.68 2284.15
v 198.644 14 -51.1321
vt -7820.65 2013.07
vt -7846.55 1977.93
f 921/2265/399 920/2333/399 1223/2334/399 1224/2335/399 1225/2336/399 242/2337/399 237/2268/399 1222/2267/399 1221/2266/399 

usemtl D04_Dandelion_Burst
vn 6.11108e-17 1 2.69968e-15
vt 7326.46 2569.28
v 181.231 14 -70.9957
vt 7135.08 2795.11
v 175.6 14 -78.0034
vt 6913.39 3071
v 168.669 14 -85.0831
vt 6640.52 3349.73
v 160.919 14 -89.0075
vt 6335.4 3504.23
v 150.019 14 -91.4294
vt 5906.25 3599.58
v 136.37 14 -91.121
vt 5368.89 3587.44
v 126.175 14 -89.5176
vt 4967.52 3524.32
v 115.591 14 -86.2372
vt 4550.81 3395.17
v 105.104 14 -79.1408
vt 4137.96 3115.78
v 93.8212 14 -70.8556
vt 3693.75 2789.59
vt 3316.51 2492.98
f 1220/2272/400 921/2271/400 920/2338/400 1226/2339/400 1227/2340/400 1228/2341/400 1229/2342/400 1230/2343/400 1231/2344/400 1232/2345/400 1233/2346/400 1234/2347/400 1235/2348/400 1020/2349/400 1019/2270/400 1211/2269/400 1212/2280/400 1213/2279/400 1214/2278/400 1215/2277/400 1216/2276/400 1217/2275/400 1218/2274/400 1219/2273/400 

usemtl FrontColor
vt -2480.7 629.921
vn 0.762887 -3.31553e-16 -0.646531
vt -2776.72 629.921
vt -2776.72 610.236
v 181.231 13.5 -70.9957
vt -2480.7 610.236
f 1226/2350/401 920/2351/401 919/2352/401 1236/2353/401 

vn 0.762887 -1.70953e-17 -0.646531
vt -2791.47 629.921
v 186.334 13.5 -64.9738
vt -2791.47 610.236
f 920/2351/402 1223/2354/402 1237/2355/402 919/2352/402 

vt -2906.16 629.921
vn 0.752533 -8.78617e-29 -0.658555
vt -3270.1 629.921
v 192.422 13.5 -58.0173
vt -3270.1 610.236
vt -2906.16 610.236
f 1223/2356/403 1224/2357/403 1238/2358/403 1237/2359/403 

usemtl A06_Ruby_Spark
vt -3384.71 629.921
vn 0.741924 0 -0.670484
vt -3750.07 629.921
v 198.644 13.5 -51.1321
vt -3750.07 610.236
vt -3384.71 610.236
f 1224/2360/404 1225/2361/404 1239/2362/404 1238/2363/404 

usemtl D04_Dandelion_Burst
vt -3019.5 629.921
vn 0.804982 2.15745e-17 -0.5933
vt -3019.5 610.236
f 1225/2364/405 242/370/405 247/373/405 1239/2365/405 

usemtl A06_Ruby_Spark
vn 1.78861e-14 -1 -1.64154e-14
vt -7457.37 2688.5
v 194.413 13.5 -62.777
vt -7654.07 2471.54
v 201.601 13.5 -54.9165
vt -7937.06 2162.07
vt -7982.69 2101.91
f 919/2333/406 918/2366/406 1240/2367/406 1241/2368/406 252/2369/406 247/2337/406 1239/2336/406 1238/2335/406 1237/2334/406 

usemtl D04_Dandelion_Burst
v 91.1186 13.5 -71.8083
vt 3587.35 2827.1
vn -1.5152e-16 1 2.1655e-15
vt 3205.51 2518.97
v 93.8212 13.5 -70.8556
v 105.104 13.5 -79.1408
v 115.591 13.5 -86.2372
v 126.175 13.5 -89.5176
v 136.37 13.5 -91.121
v 150.019 13.5 -91.4294
v 160.919 13.5 -89.0075
v 168.669 13.5 -85.0831
v 175.6 13.5 -78.0034
vt 7457.37 2688.5
v 189.127 13.5 -68.6081
vt 7445.93 2701.11
v 184.505 13.5 -73.8763
vt 7263.99 2908.52
v 179.581 13.5 -79.8107
vt 7070.14 3142.15
v 171.782 13.5 -87.4966
vt 6763.07 3444.75
v 163.602 13.5 -91.9216
vt 6441.04 3618.96
v 152.167 13.5 -95.1244
vt 5990.82 3745.06
v 139.243 13.5 -95.1657
vt 5482.02 3746.68
v 128.363 13.5 -93.2866
vt 5053.65 3672.7
v 115.682 13.5 -89.1142
vt 4554.41 3508.43
v 103.13 13.5 -80.642
vt 4060.24 3174.88
f 1242/2370/407 1022/2371/407 1021/2349/407 1243/2348/407 1244/2347/407 1245/2346/407 1246/2345/407 1247/2344/407 1248/2343/407 1249/2342/407 1250/2341/407 1251/2340/407 1236/2339/407 919/2338/407 918/2372/407 1252/2373/407 1253/2374/407 1254/2375/407 1255/2376/407 1256/2377/407 1257/2378/407 1258/2379/407 1259/2380/407 1260/2381/407 1261/2382/407 

usemtl FrontColor
vt -4076.49 610.236
vn -0.627989 5.97975e-16 -0.778222
vt -4567.14 610.236
v 91.1186 13 -71.8083
vt -4567.14 590.551
vt -4076.49 590.551
f 1022/2383/408 1242/2384/408 1262/2385/408 1023/2386/408 

usemtl D04_Dandelion_Burst
vt -4564.91 610.236
vn -0.592466 -1.07479e-28 -0.805595
vt -5151.92 610.236
v 103.13 13 -80.642
vt -5151.92 590.551
vt -4564.91 590.551
f 1242/2387/409 1261/2388/409 1263/2389/409 1262/2390/409 

vt -5141.58 610.236
vn -0.559459 -7.46407e-29 -0.828858
vt -5737.79 610.236
v 115.682 13 -89.1142
vt -5737.79 590.551
vt -5141.58 590.551
f 1261/2391/410 1260/2392/410 1264/2393/410 1263/2394/410 

vt -5422.8 610.236
vn -0.31255 -1.26732e-28 -0.949901
vt -5948.37 610.236
v 128.363 13 -93.2866
vt -5948.37 590.551
vt -5422.8 590.551
f 1260/2395/411 1259/2396/411 1265/2397/411 1264/2398/411 

vt -5604.96 610.236
vn -0.170183 1.3147e-28 -0.985413
vt -6039.67 610.236
v 139.243 13 -95.1657
vt -6039.67 590.551
vt -5604.96 590.551
f 1259/2399/412 1258/2400/412 1266/2401/412 1265/2402/412 

vt -5470.02 610.236
vn 0.00319311 -2.66831e-28 -0.999995
vt -5978.83 610.236
v 152.167 13 -95.1244
vt -5978.83 590.551
vt -5470.02 590.551
f 1258/2403/413 1257/2404/413 1267/2405/413 1266/2406/413 

vt -4758.8 610.236
vn 0.269698 1.28472e-28 -0.962945
vt -5226.34 610.236
v 163.602 13 -91.9216
vt -5226.34 590.551
vt -4758.8 590.551
f 1257/2407/414 1256/2408/414 1268/2409/414 1267/2410/414 

vt -3943.28 610.236
vn 0.475809 3.71268e-28 -0.879549
vt -4309.41 610.236
v 171.782 13 -87.4966
vt -4309.41 590.551
vt -3943.28 590.551
f 1256/2411/415 1255/2412/415 1269/2413/415 1268/2414/415 

vt -2399.23 610.236
vn 0.701908 4.17937e-16 -0.712268
vt -2830.33 610.236
v 179.581 13 -79.8107
vt -2830.33 590.551
vt -2399.23 590.551
f 1255/2415/416 1254/2416/416 1270/2417/416 1269/2418/416 

usemtl FrontColor
vt -2096.37 610.236
vn 0.769591 4.10703e-28 -0.638537
vt -2399.96 610.236
v 184.505 13 -73.8763
vt -2399.96 590.551
vt -2096.37 590.551
f 1254/2419/417 1253/2420/417 1271/2421/417 1270/2422/417 

vt -2603.83 610.236
vn 0.751743 0 -0.659457
vt -2879.73 610.236
v 189.127 13 -68.6081
vt -2879.73 590.551
vt -2603.83 590.551
f 1253/2423/418 1252/2424/418 1272/2425/418 1271/2426/418 

vt -3000.09 610.236
vn 0.74085 -1.51055e-17 -0.67167
vt -3017.12 610.236
vt -3017.12 590.551
vt -3000.09 590.551
f 1252/2427/419 918/2428/419 917/2429/419 1272/2430/419 

vn 0.74085 8.07088e-17 -0.67167
vt -3309.97 610.236
v 194.413 13 -62.777
vt -3309.97 590.551
f 918/2428/420 1240/2431/420 1273/2432/420 917/2429/420 

usemtl A06_Ruby_Spark
vt -3341.23 610.236
vn 0.737977 3.70547e-17 -0.674826
vt -3760.58 610.236
v 201.601 13 -54.9165
vt -3760.58 590.551
vt -3341.23 590.551
f 1240/2433/421 1241/2434/421 1274/2435/421 1273/2436/421 

usemtl D04_Dandelion_Burst
vt -3074.59 610.236
vn 0.796688 4.38163e-17 -0.604391
vt -3074.59 590.551
f 1241/2437/422 252/397/422 257/400/422 1274/2438/422 

usemtl A06_Ruby_Spark
vn 7.25179e-15 -1 -7.62703e-15
vt -7587.14 2806.69
v 192.905 13 -71.0786
vt -7594.69 2798.37
v 197.913 13 -65.2909
vt -7791.85 2570.51
vt -8104.46 2212.82
f 917/2366/423 916/2439/423 1275/2440/423 1276/2441/423 262/2442/423 257/2369/423 1274/2368/423 1273/2367/423 

usemtl D04_Dandelion_Burst
vn 2.29757e-17 1 1.38747e-15
vt 7587.14 2806.69
v 189.904 13 -74.3838
vt 7476.53 2928.49
v 187.072 13 -77.7445
vt 7365.04 3060.81
v 181.421 13 -82.7453
vt 7142.54 3257.69
v 171.141 13 -91.4241
vt 6737.84 3599.37
v 159.132 13 -97.3698
vt 6265.04 3833.46
v 148.488 13 -99.8936
vt 5845.97 3932.82
v 135.827 13 -99.4583
vt 5347.53 3915.68
v 121.549 13 -96.2844
vt 4785.39 3790.72
v 109.521 13 -90.3877
vt 4311.85 3558.57
v 95.4016 13 -79.5144
vt 3755.97 3130.49
v 81.4082 13 -67.8889
vt 3205.05 2672.79
vt 3092.4 2545.46
f 1272/2373/424 917/2372/424 916/2443/424 1277/2444/424 1278/2445/424 1279/2446/424 1280/2447/424 1281/2448/424 1282/2449/424 1283/2450/424 1284/2451/424 1285/2452/424 1286/2453/424 1287/2454/424 1024/2455/424 1023/2371/424 1262/2370/424 1263/2382/424 1264/2381/424 1265/2380/424 1266/2379/424 1267/2378/424 1268/2377/424 1269/2376/424 1270/2375/424 1271/2374/424 

usemtl FrontColor
vt -2857.88 590.551
vn 0.740341 -1.8727e-16 -0.672232
vt -3022.41 590.551
vt -3022.41 570.866
v 189.904 12.5 -74.3838
vt -2857.88 570.866
f 1277/2456/425 916/2457/425 915/2458/425 1288/2459/425 

vn 0.740341 -2.29765e-18 -0.672232
vt -3033.64 590.551
v 192.905 12.5 -71.0786
vt -3033.64 570.866
f 916/2457/426 1275/2460/426 1289/2461/426 915/2458/426 

vt -2853.19 590.551
vn 0.756217 0 -0.654321
vt -3154.51 590.551
v 197.913 12.5 -65.2909
vt -3154.51 570.866
vt -2853.19 570.866
f 1275/2462/427 1276/2463/427 1290/2464/427 1289/2465/427 

usemtl A06_Ruby_Spark
vt -3192.17 590.551
vn 0.752951 6.24904e-17 -0.658077
vt -3192.17 570.866
f 1276/2466/428 262/430/428 273/433/428 1290/2467/428 

vn 1.5939e-14 -1 -1.52648e-14
vt -7723.95 2931.3
v 198.951 12.5 -71.7514
vt -7832.72 2824.86
v 207.828 12.5 -62.1817
vt -8182.19 2448.1
v 209.743 12.5 -59.7483
vt -8257.6 2352.3
f 915/2439/429 914/2468/429 1291/2469/429 1292/2470/429 1293/2471/429 273/2442/429 1290/2441/429 1289/2440/429 

usemtl D04_Dandelion_Burst
vn 3.48645e-17 1 1.52219e-15
vt 7723.95 2931.3
v 194.773 12.5 -75.8403
vt 7668.22 2985.84
v 190.692 12.5 -80.0049
vt 7507.57 3149.8
v 184.85 12.5 -84.8179
vt 7277.57 3339.29
v 173.55 12.5 -94.1198
vt 6832.67 3705.5
v 160.556 12.5 -100.82
vt 6321.1 3969.28
v 149.635 12.5 -103.753
vt 5891.15 4084.77
v 137.553 12.5 -103.53
vt 5415.48 4075.98
v 122.011 12.5 -99.9055
vt 4803.58 3933.29
v 109.15 12.5 -93.4696
vt 4297.26 3679.9
v 93.7979 12.5 -81.5361
vt 3692.83 3210.08
v 80.3094 12.5 -69.9565
vt 3161.79 2754.19
vt 3002.27 2566.57
v 81.4082 12.5 -67.8889
v 95.4016 12.5 -79.5144
v 109.521 12.5 -90.3877
v 121.549 12.5 -96.2844
v 135.827 12.5 -99.4583
v 148.488 12.5 -99.8936
v 159.132 12.5 -97.3698
v 171.141 12.5 -91.4241
v 181.421 12.5 -82.7453
v 187.072 12.5 -77.7445
f 1288/2444/430 915/2443/430 914/2472/430 1294/2473/430 1295/2474/430 1296/2475/430 1297/2476/430 1298/2477/430 1299/2478/430 1300/2479/430 1301/2480/430 1302/2481/430 1303/2482/430 1304/2483/430 1026/2484/430 1025/2455/430 1305/2454/430 1306/2453/430 1307/2452/430 1308/2451/430 1309/2450/430 1310/2449/430 1311/2448/430 1312/2447/430 1313/2446/430 1314/2445/430 

usemtl FrontColor
vt -3392.15 570.866
vn 0.699425 -5.56729e-17 -0.714706
vt -3470.13 570.866
vt -3470.13 551.181
v 194.773 12 -75.8403
vt -3392.15 551.181
f 1294/2485/431 914/2486/431 913/2487/431 1315/2488/431 

vn 0.699425 1.94479e-16 -0.714706
vt -3622.31 570.866
v 198.951 12 -71.7514
vt -3622.31 551.181
f 914/2486/432 1291/2489/432 1316/2490/432 913/2487/432 

usemtl A06_Ruby_Spark
vt -3255.62 570.866
vn 0.73316 -3.99037e-16 -0.680057
vt -3769.51 570.866
v 207.828 12 -62.1817
vt -3769.51 551.181
vt -3255.62 551.181
f 1291/2491/433 1292/2492/433 1317/2493/433 1316/2494/433 

usemtl D04_Dandelion_Burst
vt -3137.42 570.866
vn 0.785752 2.28876e-17 -0.618541
vt -3259.34 570.866
vt -3259.34 551.181
vt -3137.42 551.181
f 1292/2495/434 1293/2496/434 293/2497/434 1317/2498/434 

usemtl FrontColor
vn 0.785752 -2.18075e-16 -0.618541
v 214.269 12.5 -53.9995
vt -3547.39 570.866
vt -3547.39 551.181
f 1293/2496/435 1318/2499/435 294/2500/435 293/2497/435 

vn -2.13363e-15 1 1.23013e-15
vt 10421.9 428.064
v 245.407 12.5 -8.32283
v 236.194 12.5 -11.0382
v 230.449 12.5 -19.1675
v 227.891 12.5 -28.7292
v 225.086 12.5 -36.1362
v 221.429 12.5 -43.2967
f 1318/498/436 1293/497/436 273/418/436 272/417/436 274/429/436 275/428/436 276/427/436 277/426/436 278/425/436 279/424/436 280/423/436 282/2501/436 289/505/436 1319/504/436 1320/503/436 1321/502/436 1322/501/436 1323/500/436 1324/499/436 

vt -9614.43 570.866
vn -0.138056 2.01668e-32 -0.990424
vt -10271.3 570.866
vt -10271.3 551.181
vt -9614.43 551.181
f 1319/2502/437 289/2503/437 288/2504/437 300/2505/437 

vt -8796.81 570.866
vn 0.2827 2.84048e-32 -0.959208
vt -9174.96 570.866
vt -9174.96 551.181
vt -8796.81 551.181
f 1320/2506/438 1319/2507/438 300/2508/438 299/2509/438 

vt -4620.33 570.866
vn 0.816621 3.08689e-32 -0.577174
vt -5012.25 570.866
vt -5012.25 551.181
vt -4620.33 551.181
f 1321/2510/439 1320/2511/439 299/2512/439 298/2513/439 

vt -1226.06 570.866
vn 0.966028 2.66159e-32 -0.258437
vt -1615.75 570.866
vt -1615.75 551.181
vt -1226.06 551.181
f 1322/2514/440 1321/2515/440 298/2516/440 297/2517/440 

vt -1806.99 570.866
vn 0.935224 2.81905e-32 -0.354055
vt -2118.8 570.866
vt -2118.8 551.181
vt -1806.99 551.181
f 1323/2518/441 1322/2519/441 297/2520/441 296/2521/441 

vt -2447.87 570.866
vn 0.890531 2.95916e-32 -0.454923
vt -2764.43 570.866
vt -2764.43 551.181
vt -2447.87 551.181
f 1324/2522/442 1323/2523/442 296/2524/442 295/2525/442 

vt -2923.51 570.866
vn 0.831163 3.06855e-32 -0.556029
vt -3430.47 570.866
vt -3430.47 551.181
vt -2923.51 551.181
f 1318/2526/443 1324/2527/443 295/2528/443 294/2529/443 

usemtl A06_Ruby_Spark
vn 1.77187e-14 -1 -1.60652e-14
vt -7862.57 3057.54
v 203.85 12 -73.7325
vt -8025.59 2902.85
v 212.194 12 -64.5986
vt -8354.09 2543.25
vt -8401.09 2482.98
f 913/2468/444 912/2530/444 1325/2531/444 1326/2532/444 292/2533/444 293/2471/444 1317/2470/444 1316/2469/444 

usemtl D04_Dandelion_Burst
vn 2.8557e-17 1 1.74909e-15
vt 7862.57 3057.54
v 198.654 12 -78.6632
vt 7821.01 3096.98
v 193.961 12 -83.2453
vt 7636.27 3277.37
v 188.921 12 -88.209
vt 7437.83 3472.79
v 179.809 12 -96.2161
vt 7079.1 3788.04
v 170.987 12 -101.394
vt 6731.78 3991.9
v 155.498 12 -105.943
vt 6121.97 4170.97
v 141.637 12 -106.766
vt 5576.24 4203.4
v 122.473 12 -103.527
vt 4821.76 4075.85
v 108.78 12 -96.5514
vt 4282.68 3801.24
v 92.1942 12 -83.5578
vt 3629.69 3289.68
v 79.2106 12 -72.024
vt 3118.53 2835.59
vt 2914.95 2587.02
v 80.3094 12 -69.9565
v 93.7979 12 -81.5361
v 109.15 12 -93.4696
v 122.011 12 -99.9055
v 137.553 12 -103.53
v 149.635 12 -103.753
v 160.556 12 -100.82
v 173.55 12 -94.1198
v 184.85 12 -84.8179
v 190.692 12 -80.0049
f 1315/2473/445 913/2472/445 912/2534/445 1327/2535/445 1328/2536/445 1329/2537/445 1330/2538/445 1331/2539/445 1332/2540/445 1333/2541/445 1334/2542/445 1335/2543/445 1336/2544/445 1337/2545/445 1028/2546/445 1027/2484/445 1338/2483/445 1339/2482/445 1340/2481/445 1341/2480/445 1342/2479/445 1343/2478/445 1344/2477/445 1345/2476/445 1346/2475/445 1347/2474/445 

usemtl FrontColor
vt -3541.65 551.181
vn 0.688326 -6.60101e-18 -0.725402
vt -3598.94 551.181
vt -3598.94 531.496
v 198.654 11.5 -78.6632
vt -3541.65 531.496
f 1327/2547/446 912/2548/446 911/2549/446 1348/2550/446 

vn 0.688326 -1.06026e-16 -0.725402
vt -3823.67 551.181
v 203.85 11.5 -73.7325
vt -3823.67 531.496
f 912/2548/447 1325/2551/447 1349/2552/447 911/2549/447 

usemtl A06_Ruby_Spark
vt -3269.64 551.181
vn 0.738319 0 -0.674451
vt -3756.69 551.181
v 212.194 11.5 -64.5986
vt -3756.69 531.496
vt -3269.64 531.496
f 1325/2553/448 1326/2554/448 1350/2555/448 1349/2556/448 

usemtl D04_Dandelion_Burst
vt -3132.31 551.181
vn 0.788529 -5.83183e-17 -0.614997
vt -3132.31 531.496
f 1326/2557/449 292/516/449 310/519/449 1350/2558/449 

usemtl A06_Ruby_Spark
vn 7.92e-15 -1 -6.37997e-15
vt -8000.2 3182.89
v 208.675 11.5 -75.7725
vt -8215.56 2983.17
v 216.05 11.5 -67.8512
vt -8505.91 2671.31
vt -8548.3 2617.06
f 911/2530/450 910/2559/450 1351/2560/450 1352/2561/450 320/2562/450 310/2533/450 1350/2532/450 1349/2531/450 

usemtl D04_Dandelion_Burst
vn 8.04725e-17 1 1.3173e-15
vt 8000.2 3182.89
v 202.387 11.5 -81.6037
vt 7968 3212.74
v 196.936 11.5 -86.721
vt 7753.37 3414.21
v 190.771 11.5 -92.452
vt 7510.66 3639.84
v 181.849 11.5 -99.8399
vt 7159.41 3930.71
v 173.126 11.5 -104.906
vt 6815.99 4130.15
v 157.215 11.5 -109.601
vt 6189.55 4314.98
v 143.647 11.5 -110.737
vt 5655.39 4359.73
v 122.935 11.5 -107.148
vt 4839.95 4218.41
v 108.41 11.5 -99.6332
vt 4268.1 3922.57
v 90.5904 11.5 -85.5795
vt 3566.55 3369.27
v 78.1118 11.5 -74.0916
vt 3075.27 2916.99
vt 2830.11 2606.89
v 79.2106 11.5 -72.024
v 92.1942 11.5 -83.5578
v 108.78 11.5 -96.5514
v 122.473 11.5 -103.527
v 141.637 11.5 -106.766
v 155.498 11.5 -105.943
v 170.987 11.5 -101.394
v 179.809 11.5 -96.2161
v 188.921 11.5 -88.209
v 193.961 11.5 -83.2453
f 1348/2535/451 911/2534/451 910/2563/451 1353/2564/451 1354/2565/451 1355/2566/451 1356/2567/451 1357/2568/451 1358/2569/451 1359/2570/451 1360/2571/451 1361/2572/451 1362/2573/451 1363/2574/451 1030/2575/451 1029/2546/451 1364/2545/451 1365/2544/451 1366/2543/451 1367/2542/451 1368/2541/451 1369/2540/451 1370/2539/451 1371/2538/451 1372/2537/451 1373/2536/451 

usemtl FrontColor
vt -3657.84 531.496
vn 0.679974 1.04623e-17 -0.733236
vt -3701.75 531.496
vt -3701.75 511.811
v 202.387 11 -81.6037
vt -3657.84 511.811
f 1353/2576/452 910/2577/452 909/2578/452 1374/2579/452 

vn 0.679974 -2.80009e-16 -0.733236
vt -3995.47 531.496
v 208.675 11 -75.7725
vt -3995.47 511.811
f 910/2577/453 1351/2580/453 1375/2581/453 909/2578/453 

usemtl A06_Ruby_Spark
vt -3414.75 531.496
vn 0.731904 -4.29459e-16 -0.681408
vt -3840.85 531.496
v 216.05 11 -67.8512
vt -3840.85 511.811
vt -3414.75 511.811
f 1351/2582/454 1352/2583/454 1376/2584/454 1375/2585/454 

usemtl D04_Dandelion_Burst
vt -3132.72 531.496
vn 0.787939 2.31656e-18 -0.615754
vt -3132.72 511.811
f 1352/2586/455 320/569/455 331/572/455 1376/2587/455 

usemtl A06_Ruby_Spark
vn 6.30661e-15 -1 -4.64792e-15
vt -8137.52 3307.96
v 213.501 11 -77.8124
vt -8405.54 3063.48
v 219.857 11 -71.1838
vt -8655.81 2802.51
vt -8695.87 2751.45
f 909/2559/456 908/2588/456 1377/2589/456 1378/2590/456 342/2591/456 331/2562/456 1376/2561/456 1375/2560/456 

usemtl D04_Dandelion_Burst
vn 1.09469e-16 1 9.59837e-16
vt 8137.52 3307.96
v 206.121 11 -84.5442
vt 8115 3328.51
v 199.91 11 -90.1967
vt 7870.46 3551.05
v 192.621 11 -96.695
vt 7583.5 3806.89
v 184.224 11 -103.345
vt 7252.93 4068.69
v 175.902 11 -108.144
vt 6925.26 4257.66
v 164.047 11 -113.039
vt 6458.56 4450.35
v 157.718 11 -115.309
vt 6209.37 4539.71
v 152.838 11 -116.387
vt 6017.24 4582.17
v 147.139 11 -116.082
vt 5792.89 4570.14
v 136.512 11 -115.212
vt 5374.48 4535.9
v 120.287 11 -110.502
vt 4735.72 4350.49
v 106.485 11 -102.582
vt 4192.3 4038.66
v 88.9867 11 -87.6012
vt 3503.41 3448.86
v 79.3646 11 -78.3666
vt 3124.59 3085.3
v 69.8908 11 -70.8253
vt 2751.6 2788.4
vt 2571.98 2667.33
v 78.1118 11 -74.0916
v 90.5904 11 -85.5795
v 108.41 11 -99.6332
v 122.935 11 -107.148
v 143.647 11 -110.737
v 157.215 11 -109.601
v 173.126 11 -104.906
v 181.849 11 -99.8399
v 190.771 11 -92.452
v 196.936 11 -86.721
f 1374/2564/457 909/2563/457 908/2592/457 1379/2593/457 1380/2594/457 1381/2595/457 1382/2596/457 1383/2597/457 1384/2598/457 1385/2599/457 1386/2600/457 1387/2601/457 1388/2602/457 1389/2603/457 1390/2604/457 1391/2605/457 1392/2606/457 1393/2607/457 1032/2608/457 1031/2575/457 1394/2574/457 1395/2573/457 1396/2572/457 1397/2571/457 1398/2570/457 1399/2569/457 1400/2568/457 1401/2567/457 1402/2566/457 1403/2565/457 

usemtl FrontColor
vt -3752.13 511.811
vn 0.673931 -1.40678e-17 -0.738795
vt -3782.62 511.811
vt -3782.62 492.126
v 206.121 10.5 -84.5442
vt -3752.13 492.126
f 1379/2609/458 908/2610/458 907/2611/458 1404/2612/458 

usemtl A06_Ruby_Spark
vn 0.673931 1.79463e-16 -0.738795
vt -4145.39 511.811
v 213.501 10.5 -77.8124
vt -4145.39 492.126
f 908/2610/459 1377/2613/459 1405/2614/459 907/2611/459 

vt -3606.92 511.811
vn 0.721745 0 -0.692159
vt -3968.5 511.811
v 219.857 10.5 -71.1838
vt -3968.5 492.126
vt -3606.92 492.126
f 1377/2615/460 1378/2616/460 1406/2617/460 1405/2618/460 

usemtl D04_Dandelion_Burst
vt -3137.79 511.811
vn 0.786773 -4.05325e-20 -0.617243
vt -3137.79 492.126
f 1378/2619/461 342/626/461 353/629/461 1406/2620/461 

usemtl A06_Ruby_Spark
vn 1.61697e-14 -1 -1.58405e-14
vt -8270.76 3429.3
v 216.019 10.5 -81.8678
vt -8504.7 3223.14
v 221.856 10.5 -76.3102
vt -8734.49 3004.34
vt -8842.82 2885.29
f 907/2588/462 906/2621/462 1407/2622/462 1408/2623/462 364/2624/462 353/2591/462 1406/2590/462 1405/2589/462 

usemtl D04_Dandelion_Burst
v 37.3374 10.5 -76.8786
vt 1469.97 3026.72
vn 3.29769e-16 1 1.72408e-15
vt 1450.06 2930.07
v 69.8908 10.5 -70.8253
v 79.3646 10.5 -78.3666
v 88.9867 10.5 -87.6012
v 106.485 10.5 -102.582
v 120.287 10.5 -110.502
v 136.512 10.5 -115.212
v 147.139 10.5 -116.082
v 152.838 10.5 -116.387
v 157.718 10.5 -115.309
v 164.047 10.5 -113.039
v 175.902 10.5 -108.144
v 184.224 10.5 -103.345
v 192.621 10.5 -96.695
v 199.91 10.5 -90.1967
vt 8270.76 3429.3
v 206.598 10.5 -90.1702
vt 8133.79 3550.01
v 197.276 10.5 -98.1465
vt 7766.76 3864.03
v 189.88 10.5 -103.808
vt 7475.61 4086.93
v 182.378 10.5 -108.967
vt 7180.26 4290.03
v 172.96 10.5 -113.301
vt 6809.44 4460.69
v 166.321 10.5 -116.182
vt 6548.06 4574.08
v 156.021 10.5 -118.351
vt 6142.58 4659.5
v 145.053 10.5 -118.929
vt 5710.77 4682.23
v 128.439 10.5 -118.239
vt 5056.66 4655.07
v 119.642 10.5 -117.454
vt 4710.33 4624.17
v 110.662 10.5 -113.644
vt 4356.77 4474.16
v 101.186 10.5 -107.018
vt 3983.71 4213.29
v 83.6234 10.5 -94.3646
vt 3292.26 3715.14
v 69.4085 10.5 -87.1293
vt 2732.62 3430.29
v 51.8133 10.5 -81.862
vt 2039.89 3222.91
v 43.0553 10.5 -79.5969
vt 1695.09 3133.74
v 38.4329 10.5 -78.0903
vt 1513.11 3074.42
f 1409/2625/463 1034/2626/463 1033/2608/463 1410/2607/463 1411/2606/463 1412/2605/463 1413/2604/463 1414/2603/463 1415/2602/463 1416/2601/463 1417/2600/463 1418/2599/463 1419/2598/463 1420/2597/463 1421/2596/463 1422/2595/463 1423/2594/463 1404/2593/463 907/2592/463 906/2627/463 1424/2628/463 1425/2629/463 1426/2630/463 1427/2631/463 1428/2632/463 1429/2633/463 1430/2634/463 1431/2635/463 1432/2636/463 1433/2637/463 1434/2638/463 1435/2639/463 1436/2640/463 1437/2641/463 1438/2642/463 1439/2643/463 1440/2644/463 

usemtl FrontColor
vt -3162.39 492.126
vn -0.979431 -3.97831e-17 -0.201777
vt -3261.07 492.126
v 37.3374 10 -76.8786
vt -3261.07 472.441
vt -3162.39 472.441
f 1034/2645/464 1409/2646/464 1441/2647/464 1035/2648/464 

vt -3230.97 492.126
vn -0.741768 -5.44058e-17 -0.670657
vt -3295.28 492.126
v 38.4329 10 -78.0903
vt -3295.28 472.441
vt -3230.97 472.441
f 1409/2649/465 1440/2650/465 1442/2651/465 1441/2652/465 

vt -2391.34 492.126
vn -0.309884 1.39471e-16 -0.950774
vt -2582.75 492.126
v 43.0553 10 -79.5969
vt -2582.75 472.441
vt -2391.34 472.441
f 1440/2653/466 1439/2654/466 1443/2655/466 1442/2656/466 

vt -2425.76 492.126
vn -0.250393 0 -0.968144
vt -2781.91 492.126
v 51.8133 10 -81.862
vt -2781.91 472.441
vt -2425.76 472.441
f 1439/2657/467 1438/2658/467 1444/2659/467 1443/2660/467 

usemtl D04_Dandelion_Burst
vt -2878.49 492.126
vn -0.286786 0 -0.957995
vt -3601.59 492.126
v 69.4085 10 -87.1293
vt -3601.59 472.441
vt -2878.49 472.441
f 1438/2661/468 1437/2662/468 1445/2663/468 1444/2664/468 

vt -3991.33 492.126
vn -0.453614 5.22928e-16 -0.891198
vt -4619.3 492.126
v 83.6234 10 -94.3646
vt -4619.3 472.441
vt -3991.33 472.441
f 1437/2665/469 1436/2666/469 1446/2667/469 1445/2668/469 

vt -4842.88 492.126
vn -0.584543 0 -0.811363
vt -5695.08 492.126
v 101.186 10 -107.018
vt -5695.08 472.441
vt -4842.88 472.441
f 1436/2669/470 1435/2670/470 1447/2671/470 1446/2672/470 

vt -5679.16 492.126
vn -0.573057 -7.64549e-29 -0.819516
vt -6134.39 492.126
v 110.662 10 -113.644
vt -6134.39 472.441
vt -5679.16 472.441
f 1435/2673/471 1434/2674/471 1448/2675/471 1447/2676/471 

vt -5758.21 492.126
vn -0.390575 2.45638e-28 -0.920571
vt -6142.28 492.126
v 119.642 10 -117.454
vt -6142.28 472.441
vt -5758.21 472.441
f 1434/2677/472 1433/2678/472 1449/2679/472 1448/2680/472 

vt -5102.69 492.126
vn -0.0888829 2.65776e-28 -0.996042
vt -5450.4 492.126
v 128.439 10 -118.239
vt -5450.4 472.441
vt -5102.69 472.441
f 1433/2681/473 1432/2682/473 1450/2683/473 1449/2684/473 

vt -5245.42 492.126
vn -0.0414844 2.66602e-28 -0.999139
vt -5900.09 492.126
v 145.053 10 -118.929
vt -5900.09 472.441
vt -5245.42 472.441
f 1432/2685/474 1431/2686/474 1451/2687/474 1450/2688/474 

vt -5456.77 492.126
vn 0.0525618 3.66224e-17 -0.998618
vt -5889.17 492.126
v 156.021 10 -118.351
vt -5889.17 472.441
vt -5456.77 472.441
f 1431/2689/475 1430/2690/475 1452/2691/475 1451/2692/475 

vt -5050.11 492.126
vn 0.206145 -2.64501e-16 -0.978522
vt -5464.49 492.126
v 166.321 10 -116.182
vt -5464.49 472.441
vt -5050.11 472.441
f 1430/2693/476 1429/2694/476 1453/2695/476 1452/2696/476 

vt -4186.79 492.126
vn 0.397976 0 -0.917396
vt -4471.71 492.126
v 172.96 10 -113.301
vt -4471.71 472.441
vt -4186.79 472.441
f 1429/2697/477 1428/2698/477 1454/2699/477 1453/2700/477 

vt -4320.92 492.126
vn 0.41807 2.42394e-28 -0.908415
vt -4729.12 492.126
v 182.378 10 -108.967
vt -4729.12 472.441
vt -4320.92 472.441
f 1428/2701/478 1427/2702/478 1455/2703/478 1454/2704/478 

vt -3485.53 492.126
vn 0.566624 9.07357e-17 -0.823976
vt -3843.97 492.126
v 189.88 10 -103.808
vt -3843.97 472.441
vt -3485.53 472.441
f 1427/2705/479 1426/2706/479 1456/2707/479 1455/2708/479 

vt -3451.56 492.126
vn 0.607873 0 -0.794034
vt -3818.23 492.126
v 197.276 10 -98.1465
vt -3818.23 472.441
vt -3451.56 472.441
f 1426/2709/480 1425/2710/480 1457/2711/480 1456/2712/480 

vt -3389.4 492.126
vn 0.650115 -2.45569e-28 -0.759836
vt -3872.43 492.126
v 206.598 10 -90.1702
vt -3872.43 472.441
vt -3389.4 472.441
f 1425/2713/481 1424/2714/481 1458/2715/481 1457/2716/481 

usemtl FrontColor
vt -3755.28 492.126
vn 0.661153 -2.31272e-16 -0.750251
vt -3937.85 492.126
vt -3937.85 472.441
vt -3755.28 472.441
f 1424/2717/482 906/2718/482 905/2719/482 1458/2720/482 

vn 0.661153 -2.57623e-16 -0.750251
vt -4249.67 492.126
v 216.019 10 -81.8678
vt -4249.67 472.441
f 906/2718/483 1407/2721/483 1459/2722/483 905/2719/483 

usemtl A06_Ruby_Spark
vt -3936.58 492.126
vn 0.689579 3.68003e-28 -0.72421
vt -4253.88 492.126
v 221.856 10 -76.3102
vt -4253.88 472.441
vt -3936.58 472.441
f 1407/2723/484 1408/2724/484 1460/2725/484 1459/2726/484 

usemtl D04_Dandelion_Burst
vt -3656.66 492.126
vn 0.739604 -1.85685e-16 -0.673042
vt -3656.66 472.441
f 1408/2727/485 364/684/485 376/687/485 1460/2728/485 

usemtl A06_Ruby_Spark
vn 7.50302e-15 -1 -7.11356e-15
vt -8405.92 3552.41
v 221.213 10 -83.4779
vt -8709.18 3286.53
v 227.065 10 -78.2533
vt -8939.55 3080.84
v 228.331 10 -76.6773
vt -8989.4 3018.79
f 905/2621/486 904/2729/486 1461/2730/486 1462/2731/486 1463/2732/486 376/2624/486 1460/2623/486 1459/2622/486 

usemtl D04_Dandelion_Burst
vn 8.59801e-17 1 1.83742e-15
vt 8405.92 3552.41
v 210.018 10 -93.2932
vt 8268.42 3672.96
v 198.922 10 -102.682
vt 7831.56 4042.59
v 191.871 10 -108.296
vt 7553.98 4263.61
v 186.785 10 -111.9
vt 7353.73 4405.5
v 180.382 10 -114.787
vt 7101.66 4519.18
v 173.776 10 -117.489
vt 6841.58 4625.54
v 160.98 10 -120.816
vt 6337.79 4756.54
v 148.039 10 -122.371
vt 5828.3 4817.76
v 131.279 10 -122.141
vt 5168.45 4808.68
v 120.701 10 -120.938
vt 4752.01 4761.33
v 110.682 10 -119.028
vt 4357.54 4686.14
v 99.1239 10 -115.349
vt 3902.52 4541.29
v 89.0082 10 -110.9
vt 3504.26 4366.15
v 76.4914 10 -103.667
vt 3011.47 4081.38
v 63.8503 10 -98.1636
vt 2513.79 3864.71
v 53.8386 10 -92.6537
vt 2119.63 3647.78
v 42.6132 10 -85.4767
vt 1677.69 3365.23
v 35.875 10 -79.4614
vt 1412.4 3128.4
vt 1319.44 2960.65
f 1458/2628/487 905/2627/487 904/2733/487 1464/2734/487 1465/2735/487 1466/2736/487 1467/2737/487 1468/2738/487 1469/2739/487 1470/2740/487 1471/2741/487 1472/2742/487 1473/2743/487 1474/2744/487 1475/2745/487 1476/2746/487 1477/2747/487 1478/2748/487 1479/2749/487 1480/2750/487 1481/2751/487 1036/2752/487 1035/2626/487 1441/2625/487 1442/2644/487 1443/2643/487 1444/2642/487 1445/2641/487 1446/2640/487 1447/2639/487 1448/2638/487 1449/2637/487 1450/2636/487 1451/2635/487 1452/2634/487 1453/2633/487 1454/2632/487 1455/2631/487 1456/2630/487 1457/2629/487 

usemtl FrontColor
vt -3795.92 472.441
vn 0.659241 3.95212e-16 -0.751932
vt -3978.79 472.441
vt -3978.79 452.756
v 210.018 9.5 -93.2932
vt -3795.92 452.756
f 1464/2753/488 904/2754/488 903/2755/488 1482/2756/488 

usemtl A06_Ruby_Spark
vn 0.659241 1.65077e-17 -0.751932
vt -4382.1 472.441
v 221.213 9.5 -83.4779
vt -4382.1 452.756
f 904/2754/489 1461/2757/489 1483/2758/489 903/2755/489 

vt -4307.57 472.441
vn 0.666021 -2.18845e-16 -0.745933
vt -4616.4 472.441
v 227.065 9.5 -78.2533
vt -4616.4 452.756
vt -4307.57 452.756
f 1461/2759/490 1462/2760/490 1484/2761/490 1483/2762/490 

usemtl D04_Dandelion_Burst
vt -3197.29 472.441
vn 0.779567 -2.88032e-17 -0.626319
vt -3276.88 472.441
v 228.331 9.5 -76.6773
vt -3276.88 452.756
vt -3197.29 452.756
f 1462/2763/491 1463/2764/491 1485/2765/491 1484/2766/491 

usemtl FrontColor
vn 0.779567 -1.14696e-16 -0.626319
v 230.882 10 -73.5022
vt -3437.23 472.441
v 230.882 9.5 -73.5022
vt -3437.23 452.756
f 1463/2764/492 1486/2767/492 1487/2768/492 1485/2765/492 

vt 9089.83 2893.79
vn -9.90126e-15 1 4.14412e-15
vt 8989.4 3018.79
vt 10017 987.305
v 250.849 10 -27.4657
vt 9875.93 1081.33
v 246.766 10 -36.8492
vt 9715.21 1450.76
v 243.538 10 -48.045
vt 9588.12 1891.54
v 239.871 10 -57.2273
vt 9443.75 2253.04
v 234.092 10 -68.08
vt 9216.22 2680.32
f 1486/2769/493 1463/2770/493 376/671/493 375/670/493 377/683/493 378/682/493 379/681/493 380/680/493 381/679/493 382/678/493 384/2771/493 1488/2772/493 1489/2773/493 1490/2774/493 1491/2775/493 1492/2776/493 

vt -7788.11 472.441
vn 0.554556 7.15312e-17 -0.832146
v 257.562 10 -22.9922
vt -7936.16 472.441
v 257.562 9.5 -22.9922
vt -7936.16 452.756
v 250.849 9.5 -27.4657
vt -7618.57 452.756
vt -7618.57 472.441
f 384/2777/494 1493/2778/494 1494/2779/494 1495/2780/494 1488/2781/494 

vt -10728.7 896.568
vn -3.30054e-15 -1 2.18959e-14
vt -10829.1 847.507
v 269.177 10 -22.2058
vt -10597.5 874.244
vt -10140.2 905.205
vt -10017 987.305
vt -10383.6 921.169
f 385/2782/495 387/2783/495 1496/2784/495 1493/2785/495 384/2786/495 383/2787/495 

vt -10660.4 472.441
vn 0.11469 2.11684e-15 -0.993401
v 284.217 10 -20.4694
vt -11023.4 472.441
v 284.217 9.5 -20.4694
vt -11023.4 452.756
v 269.177 9.5 -22.2058
vt -10427.3 452.756
vt -10427.3 472.441
f 387/2788/496 1497/2789/496 1498/2790/496 1499/2791/496 1496/2792/496 

vt 11189.6 805.88
vn -4.73146e-15 1 7.75566e-15
vt 10829.1 847.507
vt 12104.6 169.933
v 291.903 10 -16.0799
vt 11492.3 633.065
f 1497/2793/497 387/2794/497 386/675/497 388/674/497 442/2795/497 1500/2796/497 

vt -8783.88 472.441
vn 0.60324 -1.33009e-29 -0.79756
vt -9551.62 472.441
vt -9551.62 452.756
v 291.903 9.5 -16.0799
vt -8783.88 452.756
f 1500/2797/498 442/2798/498 441/2799/498 1501/2800/498 

v 232.79 9.5 -79.4235
vt 9164.97 3126.91
vn -1.14953e-15 1 8.39622e-16
v 232.079 9.5 -80.0914
vt 9136.99 3153.21
v 234.092 9.5 -68.08
v 239.871 9.5 -57.2273
v 243.538 9.5 -48.045
v 246.766 9.5 -36.8492
vt 10140.2 905.205
vt 10597.5 874.244
vt 12104.6 278.108
v 289.043 9.5 -19.4496
vt 11379.6 765.731
v 273.135 9.5 -26.8575
vt 10753.3 1057.38
v 266.166 9.5 -27.6136
vt 10479 1087.15
v 257.327 9.5 -29.3763
vt 10131 1156.55
v 252.55 9.5 -36.0744
vt 9942.91 1420.25
v 248.39 9.5 -44.091
vt 9779.13 1735.87
v 244.159 9.5 -56.5867
vt 9612.57 2227.82
v 238.329 9.5 -68.9823
vt 9383.04 2715.84
v 234.994 9.5 -75.7664
vt 9251.72 2982.93
f 1502/2801/499 1503/2802/499 1485/2770/499 1487/2769/499 1504/2776/499 1505/2775/499 1506/2774/499 1507/2773/499 1495/2772/499 1494/2803/499 1499/2804/499 1498/2793/499 1501/2796/499 441/2795/499 440/2805/499 1508/2806/499 1509/2807/499 1510/2808/499 1511/2809/499 1512/2810/499 1513/2811/499 1514/2812/499 1515/2813/499 1516/2814/499 

vt -4498.93 452.756
vn 0.684814 -1.5878e-17 -0.728718
vt -4537.33 452.756
v 232.79 9 -79.4235
vt -4537.33 433.071
v 232.079 9 -80.0914
vt -4498.93 433.071
f 1503/2815/500 1502/2816/500 1517/2817/500 1518/2818/500 

vt -2051.55 452.756
vn 0.85654 1.87923e-32 -0.516081
vt -2219.64 452.756
v 234.994 9 -75.7664
vt -2219.64 433.071
vt -2051.55 433.071
f 1502/2819/501 1516/2820/501 1519/2821/501 1517/2822/501 

vt -1405.15 452.756
vn 0.8974 1.66313e-32 -0.441218
vt -1702.77 452.756
v 238.329 9 -68.9823
vt -1702.77 433.071
vt -1405.15 433.071
f 1516/2823/502 1515/2824/502 1520/2825/502 1519/2826/502 

vt -1535.98 452.756
vn 0.904905 1.61774e-32 -0.425614
vt -2075.28 452.756
v 244.159 9 -56.5867
vt -2075.28 433.071
vt -1535.98 433.071
f 1515/2827/503 1514/2828/503 1521/2829/503 1520/2830/503 

vt -972.382 452.756
vn 0.947188 1.30971e-32 -0.320679
vt -1491.77 452.756
v 248.39 9 -44.091
vt -1491.77 433.071
vt -972.382 433.071
f 1514/2831/504 1513/2832/504 1522/2833/504 1521/2834/504 

vt -2963.5 452.756
vn 0.887608 1.71935e-32 -0.4606
vt -3319.08 452.756
v 252.55 9 -36.0744
vt -3319.08 433.071
vt -2963.5 433.071
f 1513/2835/505 1512/2836/505 1523/2837/505 1522/2838/505 

vt -4617.01 452.756
vn 0.814156 2.06316e-32 -0.580647
vt -4940.91 452.756
v 257.327 9 -29.3763
vt -4940.91 433.071
vt -4617.01 433.071
f 1512/2839/506 1511/2840/506 1524/2841/506 1523/2842/506 

vt -9709.15 452.756
vn 0.195573 5.00958e-16 -0.980689
vt -10064 452.756
v 266.166 9 -27.6136
vt -10064 433.071
v 266.03 9 -27.6406
vt -10058.6 433.071
v 262.211 9 -28.4022
vt -9905.24 433.071
vt -9709.15 433.071
f 1511/2843/507 1510/2844/507 1525/2845/507 1526/2846/507 1527/2847/507 1524/2848/507 

vt -10300.6 452.756
vn 0.107856 -8.87078e-16 -0.994166
vt -10576.6 452.756
v 273.135 9 -26.8575
vt -10576.6 433.071
v 266.537 9 -27.5733
vt -10315.3 433.071
vt -10300.6 433.071
f 1510/2849/508 1509/2850/508 1528/2851/508 1529/2852/508 1525/2853/508 

vt -9301.84 452.756
vn 0.422147 2.61983e-15 -0.906527
vt -9992.71 452.756
v 289.043 9 -19.4496
vt -9992.71 433.071
v 274.044 9 -26.4344
vt -9341.29 433.071
vt -9301.84 433.071
f 1509/2854/509 1508/2855/509 1530/2856/509 1531/2857/509 1528/2858/509 

vt -9014.92 452.756
vn 0.55813 9.73748e-16 -0.829753
vt -9888.6 452.756
vt -9888.6 433.071
vt -9014.92 433.071
f 1508/2859/510 440/2860/510 439/2861/510 1530/2862/510 

v 286.718 9 -23.8387
vt 11288.1 938.531
vn 2.81778e-16 1 -4.97092e-16
vt 10789.1 1040.73
vt 12104.6 386.282
v 294.404 9 -19.6836
vt 11590.7 774.946
f 1532/2863/511 1531/2864/511 1530/2806/511 439/2805/511 438/2865/511 1533/2866/511 

vt -10360.9 433.071
vn 0.20064 -2.16833e-15 -0.979665
vt -10870.3 433.071
v 286.718 8.5 -23.8387
vt -10870.3 413.386
v 272.075 8.5 -26.8377
vt -10281.8 413.386
v 272.075 9 -26.8377
vt -10281.8 433.071
f 1531/2867/512 1532/2868/512 1534/2869/512 1535/2870/512 1536/2871/512 

vt -9483.77 433.071
vn 0.475539 -5.25753e-17 -0.879694
vt -9827.77 433.071
v 294.404 8.5 -19.6836
vt -9827.77 413.386
vt -9483.77 413.386
f 1532/2872/513 1533/2873/513 1537/2874/513 1534/2875/513 

vt -8776.81 433.071
vt -9421.11 433.071
vt -9421.11 413.386
vt -8776.81 413.386
f 1533/2876/86 438/2877/86 437/2878/86 1537/2879/86 

v 238.989 8.5 -86.3013
vt 9409.03 3397.69
vn 4.89227e-16 1 -1.06807e-15
v 238.945 8.5 -86.3442
vt 9407.28 3399.38
v 235.672 8.5 -83.363
vt 9278.41 3282.01
v 238.271 8.5 -80.1223
vt 9380.76 3154.42
v 242.029 8.5 -73.3122
vt 9528.71 2886.31
v 247.208 8.5 -62.5141
vt 9732.6 2461.18
v 250.683 8.5 -52.9636
vt 9869.41 2085.18
v 253.935 8.5 -40.8115
vt 9997.44 1606.75
v 257.041 8.5 -32.491
vt 10119.7 1279.18
v 262.598 8.5 -28.0966
vt 10338.5 1106.17
vt 10711.6 1056.6
vt 12104.6 494.456
v 295.655 8.5 -21.4855
vt 11639.9 845.886
v 287.968 8.5 -25.5234
vt 11337.3 1004.86
v 273.325 8.5 -30.0232
vt 10760.8 1182.01
v 264.718 8.5 -32.3879
vt 10422 1275.12
v 259.341 8.5 -38.4819
vt 10210.3 1515.04
v 256.239 8.5 -46.078
vt 10088.1 1814.1
v 252.367 8.5 -59.2519
vt 9935.7 2332.75
v 247.502 8.5 -71.0816
vt 9744.19 2798.49
v 243.464 8.5 -79.2365
vt 9585.2 3119.55
f 1538/2880/514 1539/2881/514 1540/2882/514 1541/2883/514 1542/2884/514 1543/2885/514 1544/2886/514 1545/2887/514 1546/2888/514 1547/2889/514 1535/2890/514 1534/2863/514 1537/2866/514 437/2865/514 436/2891/514 1548/2892/514 1549/2893/514 1550/2894/514 1551/2895/514 1552/2896/514 1553/2897/514 1554/2898/514 1555/2899/514 1556/2900/514 

vt -4400.6 413.386
vn 0.695061 2.71719e-16 -0.718951
vt -4403.03 413.386
v 238.989 8 -86.3013
vt -4403.03 393.701
v 238.945 8 -86.3442
vt -4400.6 393.701
f 1539/2901/515 1538/2902/515 1557/2903/515 1558/2904/515 

vt -2164.19 413.386
vn 0.844802 -2.36719e-17 -0.535079
vt -2493.43 413.386
v 243.464 8 -79.2365
vt -2493.43 393.701
vt -2164.19 393.701
f 1538/2905/516 1556/2906/516 1559/2907/516 1557/2908/516 

vt -1458.19 413.386
vn 0.896135 -1.38586e-17 -0.443781
vt -1816.46 413.386
v 247.502 8 -71.0816
vt -1816.46 393.701
vt -1458.19 393.701
f 1556/2909/517 1555/2910/517 1560/2911/517 1559/2912/517 

vt -1117.6 413.386
vn 0.924859 -7.24204e-18 -0.38031
vt -1621.18 413.386
v 252.367 8 -59.2519
vt -1621.18 393.701
vt -1117.6 393.701
f 1555/2913/518 1554/2914/518 1561/2915/518 1560/2916/518 

vt -563.411 413.386
vn 0.959425 2.71639e-18 -0.281964
vt -1104 413.386
v 256.239 8 -46.078
vt -1104 393.701
vt -563.411 393.701
f 1554/2917/519 1553/2918/519 1562/2919/519 1561/2920/519 

vt -2134.99 413.386
vn 0.925761 -7.0154e-18 -0.378109
vt -2458.04 413.386
v 259.341 8 -38.4819
vt -2458.04 393.701
vt -2134.99 393.701
f 1553/2921/520 1552/2922/520 1563/2923/520 1562/2924/520 

vt -5619.29 413.386
vn 0.749839 -3.79768e-17 -0.66162
vt -5939.26 413.386
v 264.718 8 -32.3879
vt -5939.26 393.701
vt -5619.29 393.701
f 1552/2925/521 1551/2926/521 1564/2927/521 1563/2928/521 

vt -9711.7 413.386
vn 0.264942 -7.98038e-17 -0.964264
vt -10063.1 413.386
v 273.325 8 -30.0232
vt -10063.1 393.701
vt -9711.7 393.701
f 1551/2929/522 1550/2930/522 1565/2931/522 1564/2932/522 

vt -9938.93 413.386
vn 0.293734 -7.8192e-17 -0.955887
vt -10542 413.386
v 287.968 8 -25.5234
vt -10542 393.701
vt -9938.93 393.701
f 1550/2933/523 1549/2934/523 1566/2935/523 1565/2936/523 

vt -9569.39 413.386
vn 0.465059 -6.67146e-17 -0.88528
vt -9911.22 413.386
v 295.655 8 -21.4855
vt -9911.22 393.701
vt -9569.39 393.701
f 1549/2937/524 1548/2938/524 1567/2939/524 1566/2940/524 

vt -8773.28 413.386
vt -9355.85 413.386
vt -9355.85 393.701
vt -8773.28 393.701
f 1548/2941/86 436/2942/86 435/2943/86 1567/2944/86 

v 245.621 8 -86.6592
vt 9670.11 3411.78
vn 6.17693e-16 1 -1.23954e-15
v 242.94 8 -89.9831
vt 9564.58 3542.64
vt 12104.6 602.63
v 296.905 8 -23.2874
vt 11689.2 916.827
v 289.219 8 -27.208
vt 11386.6 1071.18
v 274.973 8 -31.4695
vt 10825.7 1238.96
v 267.634 8 -33.201
vt 10536.8 1307.13
v 263.233 8 -37.5164
vt 10363.5 1477.02
v 261.104 8 -44.7737
vt 10279.7 1762.75
v 257.98 8 -57.6159
vt 10156.7 2268.34
v 254.86 8 -67.2786
vt 10033.8 2648.76
v 250.504 8 -77.6112
vt 9862.37 3055.56
f 1568/2945/525 1569/2946/525 1558/2881/525 1557/2880/525 1559/2900/525 1560/2899/525 1561/2898/525 1562/2897/525 1563/2896/525 1564/2895/525 1565/2894/525 1566/2893/525 1567/2892/525 435/2891/525 434/2947/525 1570/2948/525 1571/2949/525 1572/2950/525 1573/2951/525 1574/2952/525 1575/2953/525 1576/2954/525 1577/2955/525 1578/2956/525 

vt -3246.71 393.701
vn 0.778402 3.83151e-16 -0.627766
vt -3414.83 393.701
v 245.621 7.5 -86.6592
vt -3414.83 374.016
v 242.94 7.5 -89.9831
vt -3246.71 374.016
f 1569/2957/526 1568/2958/526 1579/2959/526 1580/2960/526 

vt -1590.44 393.701
vn 0.880011 -1.71421e-17 -0.474953
vt -1995.23 393.701
v 250.504 7.5 -77.6112
vt -1995.23 374.016
vt -1590.44 374.016
f 1568/2961/527 1578/2962/527 1581/2963/527 1579/2964/527 

vt -1015.21 393.701
vn 0.921478 -8.42744e-18 -0.38843
vt -1456.67 393.701
v 254.86 7.5 -67.2786
vt -1456.67 374.016
vt -1015.21 374.016
f 1578/2965/528 1577/2966/528 1582/2967/528 1581/2968/528 

vt -562.849 393.701
vn 0.951611 -4.9879e-19 -0.307304
vt -962.616 393.701
v 257.98 7.5 -57.6159
vt -962.616 374.016
vt -562.849 374.016
f 1577/2969/529 1576/2970/529 1583/2971/529 1582/2972/529 

vt -196.394 393.701
vn 0.97167 6.26181e-18 -0.236344
vt -716.73 393.701
v 261.104 7.5 -44.7737
vt -716.73 374.016
vt -196.394 374.016
f 1576/2973/530 1575/2974/530 1584/2975/530 1583/2976/530 

vt -1202.56 393.701
vn 0.959553 1.97521e-18 -0.281527
vt -1500.33 393.701
v 263.233 7.5 -37.5164
vt -1500.33 374.016
vt -1202.56 374.016
f 1575/2977/531 1574/2978/531 1585/2979/531 1584/2980/531 

vt -6365.81 393.701
vn 0.700111 -4.30327e-17 -0.714034
vt -6608.48 393.701
v 267.634 7.5 -33.201
vt -6608.48 374.016
vt -6365.81 374.016
f 1574/2981/532 1573/2982/532 1586/2983/532 1585/2984/532 

vt -9955.02 393.701
vn 0.22964 -7.87386e-17 -0.973276
vt -10251.9 393.701
v 274.973 7.5 -31.4695
vt -10251.9 374.016
vt -9955.02 374.016
f 1573/2985/533 1572/2986/533 1587/2987/533 1586/2988/533 

vt -10016.5 393.701
vn 0.286592 -7.58292e-17 -0.958053
vt -10601.9 393.701
v 289.219 7.5 -27.208
vt -10601.9 374.016
vt -10016.5 374.016
f 1572/2989/534 1571/2990/534 1588/2991/534 1587/2992/534 

vt -9656.52 393.701
vn 0.454379 -6.52996e-17 -0.890808
vt -9996.23 393.701
v 296.905 7.5 -23.2874
vt -9996.23 374.016
vt -9656.52 374.016
f 1571/2993/535 1570/2994/535 1589/2995/535 1588/2996/535 

vt -8769.75 393.701
vt -9290.6 393.701
vt -9290.6 374.016
vt -8769.75 374.016
f 1570/2997/86 434/2998/86 433/2999/86 1589/3000/86 

v 249.296 7.5 -89.9277
vt 9814.79 3540.46
vn 6.34596e-16 1 -1.32884e-15
v 246.576 7.5 -93.2939
vt 9707.7 3672.99
vt 12104.6 710.804
v 298.155 7.5 -25.0893
vt 11738.4 987.767
v 290.469 7.5 -28.8927
vt 11435.8 1137.51
v 276.373 7.5 -34.0006
vt 10880.8 1338.61
v 269.439 7.5 -39.1527
vt 10607.8 1541.44
v 264.903 7.5 -46.8279
vt 10429.2 1843.62
v 261.629 7.5 -59.942
vt 10300.3 2359.92
v 258.685 7.5 -69.6609
vt 10184.5 2742.55
v 254.742 7.5 -79.7608
vt 10029.2 3140.19
f 1590/3001/536 1591/3002/536 1580/2946/536 1579/2945/536 1581/2956/536 1582/2955/536 1583/2954/536 1584/2953/536 1585/2952/536 1586/2951/536 1587/2950/536 1588/2949/536 1589/2948/536 433/2947/536 432/3003/536 1592/3004/536 1593/3005/536 1594/3006/536 1595/3007/536 1596/3008/536 1597/3009/536 1598/3010/536 1599/3011/536 

vt -3244.62 374.016
vn 0.777796 4.68866e-17 -0.628517
vt -3415.01 374.016
v 249.296 7 -89.9277
vt -3415.01 354.331
vt -3244.62 354.331
f 1591/3012/537 1590/3013/537 1600/3014/537 887/3015/537 

vt -1513.43 374.016
vn 0.881502 -1.75395e-17 -0.47218
vt -1967.51 374.016
v 254.742 7 -79.7608
vt -1967.51 354.331
vt -1513.43 354.331
f 1590/3016/538 1599/3017/538 1601/3018/538 1600/3019/538 

vt -722.827 374.016
vn 0.931504 -6.00229e-18 -0.36373
vt -1149.7 374.016
v 258.685 7 -69.6609
vt -1149.7 354.331
vt -722.827 354.331
f 1599/3020/539 1598/3021/539 1602/3022/539 1601/3023/539 

vt -326.874 374.016
vn 0.95708 1.60714e-18 -0.289825
vt -726.667 374.016
v 261.629 7 -59.942
vt -726.667 354.331
vt -326.874 354.331
f 1598/3024/540 1597/3025/540 1603/3026/540 1602/3027/540 

vt -205.535 374.016
vn 0.970216 6.40745e-18 -0.242241
vt -737.688 374.016
v 264.903 7 -46.8279
vt -737.688 354.331
vt -205.535 354.331
f 1597/3028/541 1596/3029/541 1604/3030/541 1603/3031/541 

vt -3719.38 374.016
vn 0.860878 -2.15474e-17 -0.508811
vt -4070.39 374.016
v 269.439 7 -39.1527
vt -4070.39 354.331
vt -3719.38 354.331
f 1596/3032/542 1595/3033/542 1605/3034/542 1604/3035/542 

vt -7595.03 374.016
vn 0.596446 -5.66425e-17 -0.802653
vt -7935.11 374.016
v 276.373 7 -34.0006
vt -7935.11 354.331
vt -7595.03 354.331
f 1595/3036/543 1594/3037/543 1606/3038/543 1605/3039/543 

vt -9773.89 374.016
vn 0.340676 -7.69942e-17 -0.940181
vt -10364.2 374.016
v 290.469 7 -28.8927
vt -10364.2 354.331
vt -9773.89 354.331
f 1594/3040/544 1593/3041/544 1607/3042/544 1606/3043/544 

vt -9745.12 374.016
vn 0.4435 -6.98673e-17 -0.896275
vt -10082.8 374.016
v 298.155 7 -25.0893
vt -10082.8 354.331
vt -9745.12 354.331
f 1593/3044/545 1592/3045/545 1608/3046/545 1607/3047/545 

vt -8766.22 374.016
vt -9225.34 374.016
vt -9225.34 354.331
vt -8766.22 354.331
f 1592/3048/86 432/3049/86 431/3050/86 1608/3051/86 

v 256.17 7 -84.4416
vt 10085.4 3324.47
vn 1.1002e-15 1 -1.78832e-15
vt 9803.41 3760.15
vt 12104.6 818.979
v 299.406 7 -26.8912
vt 11787.6 1058.71
v 292.108 7 -30.4292
vt 11500.3 1198
v 278.895 7 -36.7176
vt 10980.1 1445.58
v 273.416 7 -40.647
vt 10764.4 1600.28
v 269.256 7 -46.3673
vt 10600.6 1825.49
v 267.366 7 -53.2269
vt 10526.2 2095.55
v 264.265 7 -65.2439
vt 10404.2 2568.66
v 261.125 7 -74.8954
vt 10280.5 2948.64
f 1609/3052/546 886/3053/546 887/3002/546 1600/3001/546 1601/3011/546 1602/3010/546 1603/3009/546 1604/3008/546 1605/3007/546 1606/3006/546 1607/3005/546 1608/3004/546 431/3003/546 430/3054/546 1610/3055/546 1611/3056/546 1612/3057/546 1613/3058/546 1614/3059/546 1615/3060/546 1616/3061/546 1617/3062/546 

vt -2170.39 354.331
vn 0.839486 -4.46443e-16 -0.543382
vt -2689.38 354.331
v 256.17 6.5 -84.4416
vt -2689.38 334.646
v 249.007 6.5 -95.5079
vt -2170.39 334.646
f 886/3063/547 1609/3064/547 1618/3065/547 1619/3066/547 

vt -1695.76 354.331
vn 0.887553 -2.18026e-17 -0.460705
vt -2119.21 354.331
v 261.125 6.5 -74.8954
vt -2119.21 334.646
vt -1695.76 334.646
f 1609/3067/548 1617/3068/548 1620/3069/548 1618/3070/548 

vt -377.326 354.331
vn 0.950918 -5.70825e-18 -0.309444
vt -776.917 354.331
v 264.265 6.5 -65.2439
vt -776.917 334.646
vt -377.326 334.646
f 1617/3071/549 1616/3072/549 1621/3073/549 1620/3074/549 

vt -111.757 354.331
vn 0.968297 4.46111e-19 -0.249802
vt -600.358 354.331
v 267.366 6.5 -53.2269
vt -600.358 334.646
vt -111.757 334.646
f 1616/3075/550 1615/3076/550 1622/3077/550 1621/3078/550 

vt -775.915 354.331
vn 0.964072 -1.17828e-18 -0.265639
vt -1056.04 354.331
v 269.256 6.5 -46.3673
vt -1056.04 334.646
vt -775.915 334.646
f 1615/3079/551 1614/3080/551 1623/3081/551 1622/3082/551 

vt -4758.69 354.331
vn 0.808733 -3.60059e-17 -0.588175
vt -5037.16 354.331
v 273.416 6.5 -40.647
vt -5037.16 334.646
vt -4758.69 334.646
f 1614/3083/552 1613/3084/552 1624/3085/552 1623/3086/552 

vt -7814.76 354.331
vn 0.582792 -6.32101e-17 -0.812621
vt -8080.2 354.331
v 278.895 6.5 -36.7176
vt -8080.2 334.646
vt -7814.76 334.646
f 1613/3087/553 1612/3088/553 1625/3089/553 1624/3090/553 

vt -9293.29 354.331
vn 0.429741 -7.57233e-17 -0.902952
vt -9869.39 354.331
v 292.108 6.5 -30.4292
vt -9869.39 334.646
vt -9293.29 334.646
f 1612/3091/554 1611/3092/554 1626/3093/554 1625/3094/554 

vt -9825.71 354.331
vn 0.436239 -7.52604e-17 -0.899831
vt -10145 354.331
v 299.406 6.5 -26.8912
vt -10145 334.646
vt -9825.71 334.646
f 1611/3095/555 1610/3096/555 1627/3097/555 1626/3098/555 

vt -8762.69 354.331
vt -9160.09 354.331
vt -9160.09 334.646
vt -8762.69 334.646
f 1610/3099/86 430/3100/86 429/3101/86 1627/3102/86 

v 257.272 6.5 -96.0526
vt 10128.8 3781.6
vn 4.97971e-16 1 -1.35847e-15
v 254.111 6.5 -100.156
vt 10004.4 3943.17
vt 12104.6 927.153
v 296.192 6.5 -30.3958
vt 11661.1 1196.68
v 281.098 6.5 -36.7898
vt 11066.9 1448.42
v 278.868 6.5 -42.5346
vt 10979.1 1674.59
v 275.878 6.5 -50.8841
vt 10861.3 2003.31
v 271.857 6.5 -60.0449
vt 10703 2363.97
v 269.405 6.5 -66.3853
vt 10606.5 2613.59
v 266.225 6.5 -74.9684
vt 10481.3 2951.51
v 263.43 6.5 -83.029
vt 10371.3 3268.86
f 1628/3103/556 1629/3104/556 1619/3053/556 1618/3052/556 1620/3062/556 1621/3061/556 1622/3060/556 1623/3059/556 1624/3058/556 1625/3057/556 1626/3056/556 1627/3055/556 429/3054/556 428/3105/556 1630/3106/556 1631/3107/556 1632/3108/556 1633/3109/556 1634/3110/556 1635/3111/556 1636/3112/556 1637/3113/556 

vt -2981.37 334.646
vn 0.792207 -7.65304e-18 -0.610252
vt -3185.32 334.646
v 257.272 6 -96.0526
vt -3185.32 314.961
v 254.111 6 -100.156
vt -2981.37 314.961
f 1629/3114/557 1628/3115/557 1638/3116/557 1639/3117/557 

vt -911.136 334.646
vn 0.904028 -2.08989e-17 -0.427474
vt -1478.31 334.646
v 263.43 6 -83.029
vt -1478.31 314.961
vt -911.136 314.961
f 1628/3118/558 1637/3119/558 1640/3120/558 1638/3121/558 

vt -308.705 334.646
vn 0.94483 -9.55879e-18 -0.327561
vt -644.582 334.646
v 266.225 6 -74.9684
vt -644.582 314.961
vt -308.705 314.961
f 1637/3122/559 1636/3123/559 1641/3124/559 1640/3125/559 

vt -873.763 334.646
vn 0.937709 -1.17876e-17 -0.347421
vt -1234.13 334.646
v 269.405 6 -66.3853
vt -1234.13 314.961
vt -873.763 314.961
f 1636/3126/560 1635/3127/560 1642/3128/560 1641/3129/560 

vt -1388.6 334.646
vn 0.932666 -1.32894e-17 -0.360742
vt -1656.24 334.646
v 271.857 6 -60.0449
vt -1656.24 314.961
vt -1388.6 314.961
f 1635/3130/561 1634/3131/561 1643/3132/561 1642/3133/561 

vt -2136.67 334.646
vn 0.915692 -1.7963e-17 -0.40188
vt -2530.53 334.646
v 275.878 6 -50.8841
vt -2530.53 314.961
vt -2136.67 314.961
f 1634/3134/562 1633/3135/562 1644/3136/562 1643/3137/562 

vt -1776.7 334.646
vn 0.941425 -1.06415e-17 -0.337222
vt -2125.88 334.646
v 278.868 6 -42.5346
vt -2125.88 314.961
vt -1776.7 314.961
f 1633/3138/563 1632/3139/563 1645/3140/563 1644/3141/563 

vt -2411.67 334.646
vn 0.932236 -1.34146e-17 -0.36185
vt -2654.28 334.646
v 281.098 6 -36.7898
vt -2654.28 314.961
vt -2411.67 314.961
f 1632/3142/564 1631/3143/564 1646/3144/564 1645/3145/564 

vt -9625.21 334.646
vn 0.390071 -8.48916e-17 -0.920785
vt -10270.6 334.646
v 296.192 6 -30.3958
vt -10270.6 314.961
vt -9625.21 314.961
f 1631/3146/565 1630/3147/565 1647/3148/565 1646/3149/565 

vt -9343.56 334.646
vn 0.519357 0 -0.854557
vt -9862.54 334.646
vt -9862.54 314.961
vt -9343.56 314.961
f 1630/3150/566 428/3151/566 427/3152/566 1647/3153/566 

v 258.701 6 -101.893
vt 10185.1 4011.53
vn -1.5162e-15 1 -4.3453e-17
v 257.487 6 -103.231
vt 10137.3 4064.23
vt 12104.6 1035.33
v 298.263 6 -31.8846
vt 11742.6 1255.3
v 285.945 6 -37.1029
vt 11257.7 1460.74
v 284.671 6 -45.6404
vt 11207.5 1796.87
v 282.614 6 -58.0272
vt 11126.5 2284.54
v 277.801 6 -69.628
vt 10937 2741.26
v 274.677 6 -76.04
vt 10814 2993.7
v 271.445 6 -79.313
vt 10686.8 3122.56
v 269.07 6 -83.4125
vt 10593.3 3283.96
v 265.185 6 -90.0198
vt 10440.4 3544.09
f 1648/3154/567 1649/3155/567 1639/3104/567 1638/3103/567 1640/3113/567 1641/3112/567 1642/3111/567 1643/3110/567 1644/3109/567 1645/3108/567 1646/3107/567 1647/3106/567 427/3105/567 426/3156/567 1650/3157/567 1651/3158/567 1652/3159/567 1653/3160/567 1654/3161/567 1655/3162/567 1656/3163/567 1657/3164/567 1658/3165/567 

vt -3799.34 314.961
vn 0.740757 2.17872e-16 -0.671773
vt -3870.48 314.961
v 258.701 5.5 -101.893
vt -3870.48 295.276
v 257.487 5.5 -103.231
vt -3799.34 295.276
f 1649/3166/568 1648/3167/568 1659/3168/568 1660/3169/568 

vt -1361.25 314.961
vn 0.877639 -1.26801e-17 -0.479322
vt -1893.87 314.961
v 265.185 5.5 -90.0198
vt -1893.87 295.276
vt -1361.25 295.276
f 1648/3170/569 1658/3171/569 1661/3172/569 1659/3173/569 

vt -2236.57 314.961
vn 0.862034 -1.47038e-17 -0.50685
vt -2538.33 314.961
v 269.07 5.5 -83.4125
vt -2538.33 295.276
vt -2236.57 295.276
f 1658/3174/570 1657/3175/570 1662/3176/570 1661/3177/570 

vt -2468.29 314.961
vn 0.865302 -1.42903e-17 -0.501251
vt -2654.81 314.961
v 271.445 5.5 -79.313
vt -2654.81 295.276
vt -2468.29 295.276
f 1657/3178/571 1656/3179/571 1663/3180/571 1662/3181/571 

vt -5286.95 314.961
vn 0.711558 -2.98715e-17 -0.702627
vt -5468.04 314.961
v 274.677 5.5 -76.04
vt -5468.04 295.276
vt -5286.95 295.276
f 1656/3182/572 1655/3183/572 1664/3184/572 1663/3185/572 

vt -2045.6 314.961
vn 0.898962 -9.68516e-18 -0.438026
vt -2326.42 314.961
v 277.801 5.5 -69.628
vt -2326.42 295.276
vt -2045.6 295.276
f 1655/3186/573 1654/3187/573 1665/3188/573 1664/3189/573 

vt -1659.42 314.961
vn 0.923653 -5.78186e-18 -0.38323
vt -2153.9 314.961
v 282.614 5.5 -58.0272
vt -2153.9 295.276
vt -1659.42 295.276
f 1654/3190/574 1653/3191/574 1666/3192/574 1665/3193/574 

vt 430.778 314.961
vn 0.986488 9.13944e-18 -0.163832
vt -63.5703 314.961
v 284.671 5.5 -45.6404
vt -63.5703 295.276
vt 430.778 295.276
f 1653/3194/575 1652/3195/575 1667/3196/575 1666/3197/575 

vt 123.647 314.961
vn 0.989056 1.02064e-17 -0.14754
vt -216.196 314.961
v 285.945 5.5 -37.1029
vt -216.196 295.276
vt 123.647 295.276
f 1652/3198/576 1651/3199/576 1668/3200/576 1667/3201/576 

vt -9796.1 314.961
vn 0.390071 -4.97918e-17 -0.920785
vt -10322.8 314.961
v 298.263 5.5 -31.8846
vt -10322.8 295.276
vt -9796.1 295.276
f 1651/3202/577 1650/3203/577 1669/3204/577 1668/3205/577 

vt -9382.81 314.961
vt -9806.35 314.961
vt -9806.35 295.276
vt -9382.81 295.276
f 1650/3206/566 426/3207/566 425/3208/566 1669/3209/566 

v 265.427 5.5 -105.502
vt 10449.9 4153.62
vn -1.34833e-15 1 -1.53471e-16
v 263.092 5.5 -108.336
vt 10358 4265.21
vt 12104.6 1143.5
v 303.157 5.5 -32.2968
vt 11935.3 1271.53
v 299.259 5.5 -34.1863
vt 11781.9 1345.92
v 295.053 5.5 -45.4249
vt 11616.3 1788.38
v 295.249 5.5 -58.898
vt 11624 2318.82
v 292.857 5.5 -67.8826
vt 11529.8 2672.54
v 288.046 5.5 -76.2279
vt 11340.4 3001.1
v 280.473 5.5 -82.4155
vt 11042.2 3244.7
v 275.056 5.5 -88.6982
vt 10829 3492.05
v 269.735 5.5 -97.0198
vt 10619.5 3819.68
f 1670/3210/578 1671/3211/578 1660/3155/578 1659/3154/578 1661/3165/578 1662/3164/578 1663/3163/578 1664/3162/578 1665/3161/578 1666/3160/578 1667/3159/578 1668/3158/578 1669/3157/578 425/3156/578 424/3212/578 1672/3213/578 1673/3214/578 1674/3215/578 1675/3216/578 1676/3217/578 1677/3218/578 1678/3219/578 1679/3220/578 1680/3221/578 

vt -3293.84 295.276
vn 0.771832 7.64009e-17 -0.635827
vt -3438.41 295.276
v 265.427 5 -105.502
vt -3438.41 275.591
v 263.092 5 -108.336
vt -3293.84 275.591
f 1671/3222/579 1670/3223/579 1681/3224/579 1682/3225/579 

vt -1028.82 295.276
vn 0.89159 -1.26327e-17 -0.452843
vt -1403.37 295.276
v 269.735 5 -97.0198
vt -1403.37 275.591
vt -1028.82 275.591
f 1670/3226/580 1680/3227/580 1683/3228/580 1681/3229/580 

vt -2503.08 295.276
vn 0.842477 -1.86044e-17 -0.538733
vt -2891.96 295.276
v 275.056 5 -88.6982
vt -2891.96 275.591
vt -2503.08 275.591
f 1680/3230/581 1679/3231/581 1684/3232/581 1683/3233/581 

vt -4425.98 295.276
vn 0.757396 -2.68699e-17 -0.652955
vt -4752.56 295.276
v 280.473 5 -82.4155
vt -4752.56 275.591
vt -4425.98 275.591
f 1679/3234/582 1678/3235/582 1685/3236/582 1684/3237/582 

vt -6498.18 295.276
vn 0.632698 -3.62189e-17 -0.774399
vt -6883.2 295.276
v 288.046 5 -76.2279
vt -6883.2 275.591
vt -6498.18 275.591
f 1678/3238/583 1677/3239/583 1686/3240/583 1685/3241/583 

vt -3063.78 295.276
vn 0.866352 -1.58491e-17 -0.499434
vt -3443.02 295.276
v 292.857 5 -67.8826
vt -3443.02 275.591
vt -3063.78 275.591
f 1677/3242/584 1676/3243/584 1687/3244/584 1686/3245/584 

vt -383.18 295.276
vn 0.966351 3.60073e-19 -0.257228
vt -749.22 295.276
v 295.249 5 -58.898
vt -749.22 275.591
vt -383.18 275.591
f 1676/3246/585 1675/3247/585 1688/3248/585 1687/3249/585 

vt 2487.13 295.276
vn 0.999895 1.72563e-17 0.0145007
vt 1956.64 295.276
v 295.053 5 -45.4249
vt 1956.64 275.591
vt 2487.13 275.591
f 1675/3250/586 1674/3251/586 1689/3252/586 1688/3253/586 

vt -2396.76 295.276
vn 0.936557 -3.75152e-15 -0.350515
vt -2869.2 295.276
v 299.259 5 -34.1863
vt -2869.2 275.591
v 298.366 5 -36.5734
vt -2768.85 275.591
v 296.494 5 -41.5765
vt -2558.53 275.591
vt -2396.76 275.591
f 1674/3254/587 1673/3255/587 1690/3256/587 1691/3257/587 1692/3258/587 1689/3259/587 

vt -10014.5 295.276
vn 0.436239 -4.69837e-17 -0.899831
vt -10185.1 295.276
v 303.157 5 -32.2968
vt -10185.1 275.591
vt -10014.5 275.591
f 1673/3260/588 1672/3261/588 1693/3262/588 1690/3263/588 

vt -8752.09 295.276
vt -8964.32 295.276
vt -8964.32 275.591
vt -8752.09 275.591
f 1672/3264/86 424/3265/86 423/3266/86 1693/3267/86 

v 302.406 5 -34.8621
vt 11905.7 1372.53
vt 11746.7 1439.9
vt 12104.6 1251.68
f 1694/3268/1 1691/3269/1 1690/3214/1 1693/3213/1 423/3212/1 422/3270/1 

vt -10254.5 275.591
vn 0.390071 4.0533e-15 -0.920785
vt -10427.2 275.591
v 302.406 4.5 -34.8621
vt -10427.2 255.906
v 295.638 4.5 -37.729
vt -10137.9 255.906
v 295.638 5 -37.729
vt -10137.9 275.591
f 1691/3271/589 1694/3272/589 1695/3273/589 1696/3274/589 1697/3275/589 

vt -9461.3 275.591
vt -9693.99 275.591
vt -9693.99 255.906
vt -9461.3 255.906
f 1694/3276/566 422/3277/566 421/3278/566 1695/3279/566 

v 277.44 4.5 -110.354
vt 10922.8 4344.66
vn -2.75251e-15 1 2.03036e-16
v 271.662 4.5 -116.141
vt 10695.3 4572.49
v 267.852 4.5 -112.672
vt 10545.4 4435.9
v 269.239 4.5 -111.214
vt 10599.9 4378.52
v 272.532 4.5 -105.545
vt 10729.6 4155.31
v 280.255 4.5 -95.2462
vt 11033.7 3749.85
v 287.657 4.5 -88.0016
vt 11325.1 3464.63
v 297.085 4.5 -76.735
vt 11696.3 3021.06
v 299.647 4.5 -66.1442
vt 11797.1 2604.1
v 298.225 4.5 -49.3629
vt 11741.1 1943.42
vt 11639.3 1485.4
vt 12104.6 1359.85
v 304.477 4.5 -36.3509
vt 11987.3 1431.14
v 302.115 4.5 -42.9312
vt 11894.3 1690.21
v 307.456 4.5 -62.938
vt 12104.6 2477.87
v 307.456 4.5 -84.1179
vt 12104.6 3311.73
v 291.478 4.5 -93.2019
vt 11475.5 3669.37
v 284.985 4.5 -99.4738
vt 11219.9 3916.29
f 1698/3280/590 1699/3281/590 1700/3282/590 1701/3283/590 1702/3284/590 1703/3285/590 1704/3286/590 1705/3287/590 1706/3288/590 1707/3289/590 1696/3290/590 1695/3268/590 421/3270/590 420/3291/590 1708/3292/590 1709/3293/590 1710/3294/590 1711/3295/590 1712/3296/590 1713/3297/590 

vt -4321.24 255.906
vn 0.707648 4.39059e-16 -0.706565
vt -4643.19 255.906
v 277.44 4 -110.354
vt -4643.19 236.22
v 271.662 4 -116.141
vt -4321.24 236.22
f 1699/3298/591 1698/3299/591 1714/3300/591 1715/3301/591 

vt -2654.58 255.906
vn 0.821727 -2.49087e-17 -0.569881
vt -3175.88 255.906
v 284.985 4 -99.4738
vt -3175.88 236.22
vt -2654.58 236.22
f 1698/3302/592 1713/3303/592 1716/3304/592 1714/3305/592 

vt -5348.49 255.906
vn 0.69479 -3.81153e-17 -0.719213
vt -5703.89 255.906
v 291.478 4 -93.2019
vt -5703.89 236.22
vt -5348.49 236.22
f 1713/3306/593 1712/3307/593 1717/3308/593 1716/3309/593 

vt -8162.54 255.906
vn 0.494227 0 -0.869333
vt -8886.17 255.906
v 307.456 4 -84.1179
vt -8886.17 236.22
vt -8162.54 236.22
f 1712/3310/594 1711/3311/594 1718/3312/594 1717/3313/594 

vt 3311.73 255.906
vt 2477.87 255.906
v 307.456 4 -62.938
vt 2477.87 236.22
vt 3311.73 236.22
f 1711/3314/348 1710/3315/348 1719/3316/348 1718/3317/348 

vt 5516.19 255.906
vn 0.966163 0 0.257932
vt 4700.94 255.906
v 302.115 4 -42.9312
vt 4700.94 236.22
vt 5516.19 236.22
f 1710/3318/595 1709/3319/595 1720/3320/595 1719/3321/595 

vt -2427.07 255.906
vn 0.941217 -5.90233e-18 -0.337803
vt -2702.32 255.906
v 304.477 4 -36.3509
vt -2702.32 236.22
vt -2427.07 236.22
f 1709/3322/596 1708/3323/596 1721/3324/596 1720/3325/596 

vt -9500.55 255.906
vt -9637.81 255.906
vt -9637.81 236.22
vt -9500.55 236.22
f 1708/3326/566 420/3327/566 419/3328/566 1721/3329/566 

v 307.456 4 -45.9436
vt 12104.6 1808.8
vt 12104.6 1468.02
v 306.548 4 -37.8397
vt 12068.8 1489.75
v 305.828 4 -39.8454
vt 12040.5 1568.72
f 1722/3330/1 1719/3294/1 1720/3293/1 1721/3292/1 419/3291/1 418/3331/1 1723/3332/1 1724/3333/1 

v 307.456 4 -92.7475
vt 3651.47 236.22
vt 1808.8 236.22
f 1725/3334/348 1718/3317/348 1719/3316/348 1722/3335/348 416/757/348 415/756/348 

v 281.584 4 -116.22
vt 11086 4575.59
vn -3.52717e-15 1 -7.84495e-16
v 276.238 4 -120.309
vt 10875.5 4736.57
vt 12104.6 3651.47
v 294.064 4 -102.232
vt 11577.3 4024.87
v 285.738 4 -112.578
vt 11249.5 4432.19
f 1726/3336/597 1727/3337/597 1715/3281/597 1714/3280/597 1716/3297/597 1717/3296/597 1718/3295/597 1725/3338/597 1728/3339/597 1729/3340/597 

vt -5760.84 236.22
vn 0.607524 7.39411e-18 -0.794301
vt -6025.82 236.22
v 281.584 3.5 -116.22
vt -6025.82 216.535
v 276.238 3.5 -120.309
vt -5760.84 216.535
f 1727/3341/598 1726/3342/598 1730/3343/598 1731/3344/598 

vt -5318.82 236.22
vn 0.659287 -4.13345e-17 -0.751892
vt -5536.34 236.22
v 285.738 3.5 -112.578
vt -5536.34 216.535
vt -5318.82 216.535
f 1726/3345/599 1729/3346/599 1732/3347/599 1730/3348/599 

vt -3600.46 236.22
vn 0.779032 -2.98757e-17 -0.626984
vt -4123.31 236.22
v 294.064 3.5 -102.232
vt -4123.31 216.535
vt -3600.46 216.535
f 1729/3349/600 1728/3350/600 1733/3351/600 1732/3352/600 

vt -7121.83 236.22
vn 0.577945 0 -0.816076
vt -7767.9 236.22
vt -7767.9 216.535
vt -7121.83 216.535
f 1728/3353/601 1725/3354/601 415/3355/601 1733/3356/601 

v 282.6 3.5 -122
vt 11126 4803.14
vn -5.39546e-15 1 9.68117e-16
v 280.081 3.5 -123.81
vt 11026.8 4874.4
vt 12104.6 3991.22
v 300.272 3.5 -105.462
vt 11821.7 4152.03
v 297.353 3.5 -108.282
vt 11706.8 4263.06
v 290.326 3.5 -115.715
vt 11430.1 4555.72
f 1734/3357/602 1735/3358/602 1731/3337/602 1730/3336/602 1732/3340/602 1733/3339/602 415/3338/602 414/3359/602 1736/3360/602 1737/3361/602 1738/3362/602 

vt -6109.81 216.535
vn 0.583579 -6.45786e-17 -0.812057
vt -6231.92 216.535
v 282.6 3 -122
vt -6231.92 196.85
v 280.081 3 -123.81
vt -6109.81 196.85
f 1735/3363/603 1734/3364/603 1739/3365/603 1740/3366/603 

vt -5600.12 216.535
vn 0.631032 6.34201e-18 -0.775757
vt -5992.21 216.535
v 290.326 3 -115.715
vt -5992.21 196.85
vt -5600.12 196.85
f 1734/3367/604 1738/3368/604 1741/3369/604 1739/3370/604 

vt -4541.06 216.535
vn 0.726718 5.72484e-18 -0.686936
vt -4943.78 216.535
v 297.353 3 -108.282
vt -4943.78 196.85
vt -4541.06 196.85
f 1738/3371/605 1737/3372/605 1742/3373/605 1741/3374/605 

vt -5457.74 216.535
vn 0.69479 5.95096e-18 -0.719213
vt -5617.54 216.535
v 300.272 3 -105.462
vt -5617.54 196.85
vt -5457.74 196.85
f 1737/3375/606 1736/3376/606 1743/3377/606 1742/3378/606 

vt -8224.97 216.535
vt -8550.34 216.535
vt -8550.34 196.85
vt -8224.97 196.85
f 1736/3379/594 414/3380/594 413/3381/594 1743/3382/594 

v 284.229 3 -127.249
vt 11190.1 5009.8
vn -4.74394e-15 1 -1.04476e-16
v 284.009 3 -127.387
vt 11181.5 5015.23
vt 12104.6 4330.97
v 304.233 3 -112.289
vt 11977.7 4420.84
v 302.229 3 -114.779
vt 11898.8 4518.88
v 294.867 3 -119.949
vt 11608.9 4722.42
f 1744/3383/607 1745/3384/607 1740/3358/607 1739/3357/607 1741/3362/607 1742/3361/607 1743/3360/607 413/3359/607 412/3385/607 1746/3386/607 1747/3387/607 1748/3388/607 

vt -6804.64 196.85
vn 0.531592 -8.22061e-17 -0.847001
vt -6814.86 196.85
v 284.229 2.5 -127.249
vt -6814.86 177.165
v 284.009 2.5 -127.387
vt -6804.64 177.165
f 1745/3389/608 1744/3390/608 1749/3391/608 1750/3392/608 

vt -6392.48 196.85
vn 0.565776 0 -0.824559
vt -6900.43 196.85
v 294.867 2.5 -119.949
vt -6900.43 177.165
vt -6392.48 177.165
f 1744/3393/609 1748/3394/609 1751/3395/609 1749/3396/609 

vt -6786.19 196.85
vn 0.574714 0 -0.818354
vt -7140.35 196.85
v 302.229 2.5 -114.779
vt -7140.35 177.165
vt -6786.19 177.165
f 1748/3397/610 1747/3398/610 1752/3399/610 1751/3400/610 

vt -3939.99 196.85
vn 0.779032 0 -0.626984
vt -4065.84 196.85
v 304.233 2.5 -112.289
vt -4065.84 177.165
vt -3939.99 177.165
f 1747/3401/611 1746/3402/611 1753/3403/611 1752/3404/611 

vt -7219.69 196.85
vt -7375.19 196.85
vt -7375.19 177.165
vt -7219.69 177.165
f 1746/3405/601 412/3406/601 411/3407/601 1753/3408/601 

v 290.388 2.5 -129.632
vt 11432.6 5103.61
vn -5.31452e-15 1 -6.8558e-16
v 288.098 2.5 -131.111
vt 11342.4 5161.86
vt 12104.6 4635.95
f 1754/3409/612 1755/3410/612 1750/3384/612 1749/3383/612 1751/3388/612 1752/3387/612 1753/3386/612 411/3385/612 410/3411/612 

vt -6726.31 177.165
vn 0.542634 -3.03726e-16 -0.839969
vt -6833.65 177.165
v 290.388 2 -129.632
vt -6833.65 157.48
v 288.098 2 -131.111
vt -6726.31 157.48
f 1755/3412/613 1754/3413/613 1756/3414/613 1757/3415/613 

vt -6468.38 177.165
vn 0.571234 0 -0.820787
vt -7287.07 177.165
vt -7287.07 157.48
vt -6468.38 157.48
f 1754/3416/614 410/3417/614 409/3418/614 1756/3419/614 

vt 12104.6 4880.71
vn -5.30679e-15 1 -5.7699e-15
v 291.79 2 -134.474
vt 11487.8 5294.24
f 408/3420/615 1758/3421/615 1757/3410/615 1756/3409/615 409/3411/615 

vt -6593.33 157.48
vn 0.556888 -3.13707e-16 -0.830588
vt -7335.91 157.48
vt -7335.91 137.795
v 291.79 1.5 -134.474
vt -6593.33 137.795
f 1758/3422/616 408/3423/616 407/3424/616 1759/3425/616 

v 296.248 1.5 -137.987
vt 11663.3 5432.58
vn -2.08731e-14 1 1.11571e-14
v 295.892 1.5 -138.21
vt 11649.3 5441.33
vt 12104.6 5125.47
f 1760/3426/617 1761/3427/617 1759/3421/617 407/3420/617 406/3428/617 

vt -6994.46 137.795
vn 0.530017 2.79243e-17 -0.847987
vt -7010.98 137.795
v 296.248 1 -137.987
vt -7010.98 118.11
v 295.892 1 -138.21
vt -6994.46 118.11
f 1761/3429/618 1760/3430/618 1762/3431/618 1763/3432/618 

vt -6469.82 137.795
vt -7007.44 137.795
vt -7007.44 118.11
vt -6469.82 118.11
f 1760/3433/614 406/3434/614 405/3435/614 1762/3436/614 

vt 12104.6 5370.23
vn -9.14511e-15 1 -8.89439e-15
v 299.613 1 -141.598
vt 11795.8 5574.73
f 404/3437/619 1764/3438/619 1763/3427/619 1762/3426/619 405/3428/619 

vt -6756.55 118.11
vn 0.552152 -3.22453e-16 -0.833743
vt -7126.93 118.11
vt -7126.93 98.4252
v 299.613 0.5 -141.598
vt -6756.55 98.4252
f 1764/3439/620 404/3440/620 403/3441/620 1765/3442/620 

vt 12104.6 5614.99
vn -3.44308e-14 1 -5.41212e-15
v 303.647 0.5 -145.272
vt 11954.6 5719.38
f 402/3443/621 1766/3444/621 1765/3438/621 403/3437/621 

vt -6545.07 98.4252
vn 0.571234 -1.72241e-16 -0.820787
vt -6727.81 98.4252
vt -6727.81 78.7402
v 303.647 -2.85105e-13 -145.272
vt -6545.07 78.7402
f 1766/3445/622 402/3446/622 401/3447/622 1767/3448/622 

vn -5.26715e-14 1 -3.19361e-14
vt 12104.6 5855.98
f 401/3443/623 400/3449/623 1767/3444/623

usemtl A06_Ruby_Spark
v 302.108 0 -146.343
vt 11894 5761.54
vn -4.65745e-15 1 1.24207e-15
v 307.456 0 -148.838
vt 12104.6 5859.75
v 304 0 -151.127
vt 11968.5 5949.87
v 300.283 0 -153.364
vt 11822.2 6037.97
v 296.244 0 -157.018
vt 11663.2 6181.81
v 292.129 -2.09166e-13 -161.834
vt 11501.1 6371.42
v 287.27 -2.93765e-13 -157.409
vt 11309.9 6197.2
v 289.72 0 -155.028
vt 11406.3 6103.48
v 298.476 0 -148.613
vt 11751 5850.9
f 1768/3450/624 1767/3444/624 400/3449/624 1769/3451/624 1770/3452/624 1771/3453/624 1772/3454/624 1773/3455/624 1774/3456/624 1775/3457/624 1776/3458/624 

usemtl D04_Dandelion_Burst
v 302.108 0.5 -146.343
vt -6471.26 98.4252
vn 0.571234 -8.27e-20 -0.820787
vt -6471.26 78.7402
f 1777/3459/625 1766/3445/625 1767/3448/625 1768/3460/625 

usemtl A06_Ruby_Spark
v 282.058 0.5 -152.662
vt -11104.6 6010.3
vn 4.76033e-15 -1 -6.87753e-15
v 287.27 0.5 -157.409
vt -11309.9 6197.2
v 289.72 0.5 -155.028
vt -11406.3 6103.48
v 298.476 0.5 -148.613
vt -11751 5850.9
vt -11894 5761.54
vt -11954.6 5719.38
vt -11795.8 5574.73
v 295.627 0.5 -144.238
vt -11638.8 5678.67
v 282.903 0.5 -151.897
vt -11137.9 5980.2
f 1778/3461/626 1779/3462/626 1780/3463/626 1781/3464/626 1777/3465/626 1766/3466/626 1765/3467/626 1782/3468/626 1783/3469/626 

usemtl FrontColor
v 279.069 0.5 -155.365
vt 10987 6116.71
vn 4.87491e-15 1 4.76056e-16
vt 11104.6 6010.3
v 282.379 0.5 -162.162
vt 11117.3 6384.35
v 276.51 0.5 -168.741
vt 10886.2 6643.33
v 269.732 0.5 -178.742
vt 10619.4 7037.09
v 263.974 0.5 -186.21
vt 10392.7 7331.11
vt 10385.2 7577.26
vt 10139.1 7577.26
v 257.95 0.5 -178.752
vt 10155.5 7037.49
v 266.099 0.5 -169.853
vt 10476.3 6687.14
v 269.634 0.5 -165.732
vt 10615.5 6524.88
v 274.203 0.5 -160.221
vt 10795.4 6307.93
f 1784/3470/627 1778/3471/627 1779/3456/627 1785/3472/627 1786/3473/627 1787/3474/627 1788/3475/627 472/3476/627 471/3477/627 1789/3478/627 1790/3479/627 1791/3480/627 1792/3481/627 

v 279.069 1 -155.365
vt -4045.75 118.11
vn 0.67077 -1.13223e-16 -0.741665
v 282.058 1 -152.662
vt -4204.39 118.11
vt -4204.39 98.4252
vt -4045.75 98.4252
f 1793/3482/628 1794/3483/628 1778/3484/628 1784/3485/628 

v 276.542 1 -149.85
vt 10887.5 5899.6
vn 4.40711e-15 1 -2.77249e-16
v 278.018 1 -148.982
vt 10945.6 5865.45
v 274.203 1 -160.221
v 269.634 1 -165.732
v 266.099 1 -169.853
v 257.95 1 -178.752
vt 9892.99 7577.26
v 251.925 1 -171.294
vt 9918.31 6743.87
v 264.507 1 -157.554
vt 10413.7 6202.93
v 266.842 1 -155.903
vt 10505.6 6137.92
v 271.619 1 -152.797
vt 10693.7 6015.64
f 1795/3486/629 1796/3487/629 1794/3471/629 1793/3470/629 1797/3481/629 1798/3480/629 1799/3479/629 1800/3478/629 470/3477/629 469/3488/629 1801/3489/629 1802/3490/629 1803/3491/629 1804/3492/629 

v 276.542 1.5 -149.85
vt -6399.3 137.795
vn 0.506512 -5.74692e-16 -0.862233
v 278.018 1.5 -148.982
vt -6466.73 137.795
vt -6466.73 118.11
vt -6399.3 118.11
f 1805/3493/630 1806/3494/630 1796/3495/630 1795/3496/630 

v 273.176 1.5 -145.963
vt 10755 5746.58
vn 2.92387e-15 1 -1.72541e-17
v 274.092 1.5 -145.406
vt 10791 5724.65
v 271.619 1.5 -152.797
v 266.842 1.5 -155.903
v 264.507 1.5 -157.554
v 251.925 1.5 -171.294
vt 9646.89 7577.26
v 242.116 1.5 -166.41
vt 9532.14 6551.58
v 247.779 1.5 -155.551
vt 9755.07 6124.04
v 253.921 1.5 -153.504
vt 9996.87 6043.47
v 261.954 1.5 -150.899
vt 10313.2 5940.92
v 268.511 1.5 -148.152
vt 10571.3 5832.76
f 1807/3497/631 1808/3498/631 1806/3487/631 1805/3486/631 1809/3492/631 1810/3491/631 1811/3490/631 1812/3489/631 468/3488/631 467/3499/631 1813/3500/631 1814/3501/631 1815/3502/631 1816/3503/631 1817/3504/631 

v 273.176 2 -145.963
vt -6200.39 157.48
vn 0.519831 -6.44345e-17 -0.854269
v 274.092 2 -145.406
vt -6242.57 157.48
vt -6242.57 137.795
vt -6200.39 137.795
f 1818/3505/632 1819/3506/632 1808/3507/632 1807/3508/632 

v 262.628 2 -145.282
vt 10339.7 5719.75
vn 2.23174e-15 1 4.92358e-16
v 270.1 2 -141.771
vt 10633.9 5581.54
v 268.511 2 -148.152
v 261.954 2 -150.899
v 253.921 2 -153.504
v 247.779 2 -155.551
v 242.116 2 -166.41
vt 9400.78 7577.26
v 232.217 2 -161.815
vt 9142.42 6370.67
v 230.551 2 -154.014
vt 9076.8 6063.55
v 233.703 2 -153.266
vt 9200.92 6034.09
v 239.979 2 -151.815
vt 9448.01 5976.98
v 253.229 2 -148.551
vt 9969.65 5848.48
f 1820/3509/633 1821/3510/633 1819/3498/633 1818/3497/633 1822/3504/633 1823/3503/633 1824/3502/633 1825/3501/633 1826/3500/633 466/3499/633 465/3511/633 1827/3512/633 1828/3513/633 1829/3514/633 1830/3515/633 1831/3516/633 

v 262.628 2.5 -145.282
vt -6926.73 177.165
vn 0.425168 1.50101e-16 -0.905115
v 270.1 2.5 -141.771
vt -7251.78 177.165
vt -7251.78 157.48
vt -6926.73 157.48
f 1832/3517/634 1833/3518/634 1821/3519/634 1820/3520/634 

v 264.379 2.5 -138.552
vt 10408.6 5454.81
vn 2.79747e-15 1 -8.8121e-18
v 265.784 2.5 -137.84
vt 10464 5426.78
v 253.229 2.5 -148.551
v 239.979 2.5 -151.815
v 233.703 2.5 -153.266
v 230.551 2.5 -154.014
v 232.217 2.5 -161.815
vt 9154.68 7577.26
v 230.98 2.5 -185.225
vt 9093.68 7292.32
v 229.106 2.5 -177.526
vt 9019.91 6989.23
v 227.057 2.5 -161.792
vt 8939.26 6369.77
v 227.982 2.5 -154.443
vt 8975.65 6080.45
v 232.057 2.5 -149.642
vt 9136.12 5891.43
v 239.695 2.5 -147.13
vt 9436.82 5792.52
v 253.204 2.5 -143.169
vt 9968.65 5636.56
f 1834/3521/635 1835/3522/635 1833/3510/635 1832/3509/635 1836/3516/635 1837/3515/635 1838/3514/635 1839/3513/635 1840/3512/635 464/3511/635 463/3523/635 1841/3524/635 1842/3525/635 1843/3526/635 1844/3527/635 1845/3528/635 1846/3529/635 1847/3530/635 

v 264.379 3 -138.552
vt -6820.77 196.85
vn 0.451845 -5.26647e-17 -0.892096
v 265.784 3 -137.84
vt -6882.79 196.85
vt -6882.79 177.165
vt -6820.77 177.165
f 1848/3531/636 1849/3532/636 1835/3533/636 1834/3534/636 

v 257.549 3 -136.983
vt 10139.7 5393.03
vn -1.20607e-15 1 1.83152e-15
v 262.23 3 -134.603
vt 10324 5299.33
v 253.204 3 -143.169
v 239.695 3 -147.13
v 232.057 3 -149.642
v 227.982 3 -154.443
v 227.057 3 -161.792
v 229.106 3 -177.526
v 230.98 3 -185.225
vt 8948.07 7577.26
v 222.884 3 -180.673
vt 8774.98 7113.09
vt 8655.95 6413.29
vt 8932.03 5863.48
v 228.161 3 -147.383
vt 8982.74 5802.47
v 236.138 3 -144.404
vt 9296.76 5685.21
v 248.325 3 -140.7
vt 9776.58 5539.37
f 1850/3535/637 1851/3536/637 1849/3522/637 1848/3521/637 1852/3530/637 1853/3529/637 1854/3528/637 1855/3527/637 1856/3526/637 1857/3525/637 1858/3524/637 462/3523/637 461/3537/637 1859/3538/637 934/3539/637 935/3540/637 1860/3541/637 1861/3542/637 1862/3543/637 

v 257.549 3.5 -136.983
vt -6594.34 216.535
vn 0.453215 3.74671e-17 -0.891401
v 262.23 3.5 -134.603
vt -6801.1 216.535
vt -6801.1 196.85
vt -6594.34 196.85
f 1863/3544/638 1864/3545/638 1851/3546/638 1850/3547/638 

v 255.009 3.5 -132.834
vt 10039.7 5229.67
vn -4.29833e-15 1 1.08756e-14
v 258.325 3.5 -131.046
vt 10170.3 5159.31
v 248.325 3.5 -140.7
v 236.138 3.5 -144.404
v 228.161 3.5 -147.383
vt 9060.45 5607.72
v 234.215 3.5 -140.7
vt 9221.06 5539.37
v 245.873 3.5 -136.774
vt 9680.04 5384.81
f 1865/3548/639 1866/3549/639 1864/3536/639 1863/3535/639 1867/3543/639 1868/3542/639 1869/3541/639 936/3540/639 937/3550/639 1870/3551/639 1871/3552/639 

v 255.009 4 -132.834
vt -6356.34 236.22
vn 0.474472 9.42764e-17 -0.88027
v 258.325 4 -131.046
vt -6504.64 236.22
vt -6504.64 216.535
vt -6356.34 216.535
f 1872/3553/640 1873/3554/640 1866/3555/640 1865/3556/640 

v 252.47 4 -128.684
vt 9939.75 5066.32
vn -8.76906e-15 1 1.6249e-14
v 254.508 4 -127.57
vt 10020 5022.43
v 245.873 4 -136.774
v 234.215 4 -140.7
vt 9173.22 5383.14
v 243.421 4 -132.849
vt 9583.51 5230.26
f 1874/3557/641 1875/3558/641 1873/3549/641 1872/3548/641 1876/3552/641 1877/3551/641 938/3550/641 939/3559/641 1878/3560/641 

v 252.47 4.5 -128.684
vt -6289.74 255.906
vn 0.479834 -1.95015e-16 -0.877359
v 254.508 4.5 -127.57
vt -6381.19 255.906
vt -6381.19 236.22
vt -6289.74 236.22
f 1879/3561/642 1880/3562/642 1875/3563/642 1874/3564/642 

v 249.284 4.5 -124.915
vt 9814.34 4917.91
vn -9.72681e-15 1 1.34002e-14
v 250.717 4.5 -124.118
vt 9870.76 4886.52
v 243.421 4.5 -132.849
vt 9285.21 5160.12
v 240.649 4.5 -129.115
vt 9474.37 5083.28
f 1881/3565/643 1882/3566/643 1880/3558/643 1879/3557/643 1883/3560/643 940/3559/643 941/3567/643 1884/3568/643 

v 249.284 5 -124.915
vt -6186.44 275.591
vn 0.486076 -3.12955e-17 -0.873917
v 250.717 5 -124.118
vt -6251 275.591
vt -6251 255.906
vt -6186.44 255.906
f 1885/3569/644 1886/3570/644 1882/3571/644 1881/3572/644 

v 244.797 5 -121.91
vt 9637.68 4799.61
vn -2.1609e-14 1 3.09852e-14
v 246.946 5 -120.683
vt 9722.3 4751.32
v 240.649 5 -129.115
vt 9407.18 4917.22
f 1887/3573/645 1888/3574/645 1886/3566/645 1885/3565/645 1889/3568/645 942/3567/645 943/3575/645 

v 244.797 5.5 -121.91
vt -5991.38 295.276
vn 0.495672 1.06113e-16 -0.86851
v 246.946 5.5 -120.683
vt -6088.82 295.276
vt -6088.82 275.591
vt -5991.38 275.591
f 1890/3576/646 1891/3577/646 1888/3578/646 1887/3579/646 

vn -5.59727e-14 1 7.04035e-14
v 243.096 5.5 -117.176
vt 9570.69 4613.23
f 945/1702/647 1892/3580/647 1891/3574/647 1890/3573/647 944/3575/647 

vt -6107.25 314.961
vn 0.485784 -5.88604e-17 -0.874079
v 243.096 6 -117.176
vt -6124.5 314.961
vt -6124.5 295.276
vt -6107.25 295.276
f 946/3581/648 1893/3582/648 1892/3583/648 945/3584/648 

vn -1.63792e-12 1 2.41116e-12
f 946/1702/649 891/1701/649 1893/3580/649

usemtl A06_Ruby_Spark
vt -9563.23 4606.44
vn 3.00429e-15 -1 2.36468e-14
vt -9570.69 4613.23
v 244.289 6 -116.513
vt -9617.67 4587.12
v 250.486 6 -110.952
vt -9861.64 4368.17
vt -10137.3 4064.23
vt -10004.4 3943.17
v 250.996 6 -104.2
vt -9881.72 4102.37
v 241.272 6 -112.405
vt -9498.88 4425.39
vt -9418.08 4474.24
f 891/3585/650 1893/3586/650 1894/3587/650 1895/3588/650 1649/3589/650 1639/3590/650 1896/3591/650 1897/3592/650 892/3593/650 

usemtl D04_Dandelion_Burst
vn 0.485784 -1.24929e-17 -0.874079
vt -6178.25 314.961
v 244.289 5.5 -116.513
vt -6178.25 295.276
f 1893/3582/651 1894/3594/651 1898/3595/651 1892/3583/651 

usemtl A06_Ruby_Spark
vt -4093.88 314.961
vn 0.667926 0 -0.744228
vt -4421.69 314.961
v 250.486 5.5 -110.952
vt -4421.69 295.276
vt -4093.88 295.276
f 1894/3596/652 1895/3597/652 1899/3598/652 1898/3599/652 

vt -3389.03 314.961
vn 0.740757 2.23941e-16 -0.671773
vt -3389.03 295.276
f 1895/3600/653 1649/3166/653 1660/3169/653 1899/3601/653 

vn 1.49366e-14 -1 -6.63695e-15
vt -9722.3 4751.32
v 253.701 5.5 -116.829
vt -9988.22 4599.55
v 260.511 5.5 -111.47
vt -10256.3 4388.58
vt -10358 4265.21
f 1892/3586/654 1891/3602/654 1900/3603/654 1901/3604/654 1671/3605/654 1660/3589/654 1899/3588/654 1898/3587/654 

vn 0.495672 1.0308e-16 -0.86851
vt -6394.99 295.276
v 253.701 5 -116.829
vt -6394.99 275.591
f 1891/3577/655 1900/3606/655 1902/3607/655 1888/3578/655 

vt -5005.04 295.276
vn 0.618398 0 -0.785865
vt -5346.2 295.276
v 260.511 5 -111.47
vt -5346.2 275.591
vt -5005.04 275.591
f 1900/3608/656 1901/3609/656 1903/3610/656 1902/3611/656 

usemtl D04_Dandelion_Burst
vt -3134.01 295.276
vn 0.771832 -2.17855e-17 -0.635827
vt -3134.01 275.591
f 1901/3612/657 1671/3222/657 1682/3225/657 1903/3613/657 

usemtl A06_Ruby_Spark
vt 10256.3 4388.58
vn -1.49821e-14 1 8.95697e-15
v 267.852 5 -112.672
v 265.101 5 -115.564
vt 10437 4549.75
v 259.798 5 -119.067
vt 10228.3 4687.68
vt 9988.22 4599.55
f 1903/3614/658 1682/3211/658 1904/3282/658 1905/3615/658 1906/3616/658 1886/3566/658 1888/3574/658 1902/3617/658 

usemtl FrontColor
v 269.239 5 -111.214
vn -3.14754e-15 1 3.52939e-16
vt 11673 1636.87
v 298.225 5 -49.3629
v 299.647 5 -66.1442
v 297.085 5 -76.735
v 287.657 5 -88.0016
v 280.255 5 -95.2462
v 272.532 5 -105.545
f 1907/3283/659 1904/3282/659 1682/3211/659 1681/3210/659 1683/3221/659 1684/3220/659 1685/3219/659 1686/3218/659 1687/3217/659 1688/3216/659 1689/3215/659 1692/3618/659 1908/3289/659 1909/3288/659 1910/3287/659 1911/3286/659 1912/3285/659 1913/3284/659 

vt -4055.29 275.591
vn 0.724471 -6.83937e-17 -0.689305
vt -4134.48 275.591
vt -4134.48 255.906
vt -4055.29 255.906
f 1904/3619/660 1907/3620/660 1701/3621/660 1700/3622/660 

vt -1538.48 275.591
vn 0.864684 -1.85261e-17 -0.502316
vt -1796.63 275.591
vt -1796.63 255.906
vt -1538.48 255.906
f 1907/3623/661 1913/3624/661 1702/3625/661 1701/3626/661 

vt -3112.6 275.591
vn 0.80005 -2.61782e-17 -0.599933
vt -3619.39 275.591
vt -3619.39 255.906
vt -3112.6 255.906
f 1913/3627/662 1912/3628/662 1703/3629/662 1702/3630/662 

vt -5262.82 275.591
vn 0.699443 -3.56026e-17 -0.714689
vt -5670.6 275.591
vt -5670.6 255.906
vt -5262.82 255.906
f 1912/3631/663 1911/3632/663 1704/3633/663 1703/3634/663 

vt -4610.83 275.591
vn 0.766913 -2.95512e-17 -0.641752
vt -5189.21 275.591
vt -5189.21 255.906
vt -4610.83 255.906
f 1911/3635/664 1910/3636/664 1705/3637/664 1704/3638/664 

vt 187.099 275.591
vn 0.971981 1.21087e-18 -0.235059
vt -241.879 275.591
vt -241.879 255.906
vt 187.099 255.906
f 1910/3639/665 1909/3640/665 1706/3641/665 1705/3642/665 

vt 3590.7 275.591
vn 0.99643 2.29965e-17 0.0844187
vt 2927.65 275.591
vt 2927.65 255.906
vt 3590.7 255.906
f 1909/3643/666 1908/3644/666 1707/3645/666 1706/3646/666 

vt 4131.37 275.591
vn 0.976162 -8.08396e-15 0.217041
vt 3976.2 275.591
vt 3976.2 255.906
vt 4445.4 255.906
vt 4445.4 275.591
f 1692/3647/667 1697/3648/667 1696/3649/667 1707/3650/667 1908/3651/667 

vt -11673 1636.87
vn 0 -1 -0
vt -11746.7 1439.9
vt -11639.3 1485.4
f 1692/3652/668 1691/3653/668 1697/3654/668

usemtl D04_Dandelion_Burst
vt -3898.13 275.591
vn 0.724471 1.09038e-16 -0.689305
v 265.101 4.5 -115.564
vt -3898.13 255.906
f 1905/3655/669 1904/3619/669 1700/3622/669 1914/3656/669 

usemtl A06_Ruby_Spark
vn -1.34087e-14 1 1.10223e-14
v 270.884 4.5 -116.92
vt 10664.7 4603.15
v 263.633 4.5 -122.579
vt 10379.2 4825.95
v 259.798 4.5 -119.067
f 1914/3615/670 1700/3282/670 1699/3281/670 1915/3657/670 1916/3658/670 1880/3558/670 1882/3566/670 1917/3616/670 

usemtl D04_Dandelion_Burst
vt -4277.91 255.906
vn 0.707648 -5.69804e-17 -0.706565
v 270.884 4 -116.92
vt -4277.91 236.22
f 1915/3659/671 1699/3298/671 1715/3301/671 1918/3660/671 

usemtl A06_Ruby_Spark
vt -10020 5022.43
vn 9.49596e-15 -1 -7.63983e-15
vt -10170.3 5159.31
v 266.345 4 -126.724
vt -10486 4989.11
v 274.142 4 -121.912
vt -10793 4799.68
vt -10875.5 4736.57
vt -10695.3 4572.49
vt -10664.7 4603.15
v 263.633 4 -122.579
vt -10379.2 4825.95
f 1875/3661/672 1873/3662/672 1919/3663/672 1920/3664/672 1727/3665/672 1715/3666/672 1918/3667/672 1921/3668/672 

vn 0.474472 1.61134e-16 -0.88027
vt -6863.34 236.22
v 266.345 3.5 -126.724
vt -6863.34 216.535
f 1873/3554/673 1919/3669/673 1922/3670/673 1866/3555/673 

vt -6303.37 236.22
vn 0.525177 0 -0.850993
vt -6664.09 236.22
v 274.142 3.5 -121.912
vt -6664.09 216.535
vt -6303.37 216.535
f 1919/3671/674 1920/3672/674 1923/3673/674 1922/3674/674 

usemtl D04_Dandelion_Burst
vt -5656.97 236.22
vn 0.607524 -8.64566e-17 -0.794301
vt -5656.97 216.535
f 1920/3675/675 1727/3341/675 1731/3344/675 1923/3676/675 

usemtl A06_Ruby_Spark
vn 8.18633e-15 -1 -9.93333e-15
vt -10324 5299.33
v 267.651 3.5 -131.847
vt -10537.4 5190.81
v 275.836 3.5 -126.86
vt -10859.7 4994.51
vt -11026.8 4874.4
f 1866/3662/676 1864/3677/676 1924/3678/676 1925/3679/676 1735/3680/676 1731/3665/676 1923/3664/676 1922/3663/676 

vn 0.453215 1.17206e-16 -0.891401
vt -7040.54 216.535
v 267.651 3 -131.847
vt -7040.54 196.85
f 1864/3545/677 1924/3681/677 1926/3682/677 1851/3546/677 

vt -6298.79 216.535
vn 0.520235 0 -0.854023
vt -6676.12 216.535
v 275.836 3 -126.86
vt -6676.12 196.85
vt -6298.79 196.85
f 1924/3683/678 1925/3684/678 1927/3685/678 1926/3686/678 

usemtl D04_Dandelion_Burst
vt -5904 216.535
vn 0.583579 2.70969e-16 -0.812057
vt -5904 196.85
f 1925/3687/679 1735/3363/679 1740/3366/679 1927/3688/679 

usemtl A06_Ruby_Spark
vn 4.10568e-15 -1 -7.25249e-15
vt -10464 5426.78
v 273.915 3 -133.722
vt -10784.1 5264.64
vt -11181.5 5015.23
f 1851/3677/680 1849/3689/680 1928/3690/680 1745/3691/680 1740/3680/680 1927/3679/680 1926/3678/680 

vn 0.451845 1.50613e-16 -0.892096
vt -7241.63 196.85
v 273.915 2.5 -133.722
vt -7241.63 177.165
f 1849/3532/681 1928/3692/681 1929/3693/681 1835/3533/681 

vt -6335.47 196.85
vn 0.531592 -2.76135e-16 -0.847001
vt -6335.47 177.165
f 1928/3694/682 1745/3389/682 1750/3392/682 1929/3695/682 

vt 10784.1 5264.64
vn -8.26376e-15 1 1.67033e-14
v 282.702 2.5 -134.597
vt 11130 5299.1
v 272.022 2.5 -140.869
vt 10709.5 5546.01
f 1929/3696/683 1750/3384/683 1755/3410/683 1930/3697/683 1931/3698/683 1833/3510/683 1835/3522/683 

usemtl D04_Dandelion_Burst
vt -6473.38 177.165
vn 0.542634 8.64438e-17 -0.839969
v 282.702 2 -134.597
vt -6473.38 157.48
f 1930/3699/684 1755/3412/684 1757/3415/684 1932/3700/684 

usemtl A06_Ruby_Spark
vn -2.74042e-15 1 4.00099e-15
v 289.166 2 -136.233
vt 11384.5 5363.5
v 272.022 2 -140.869
f 1932/3697/685 1757/3410/685 1758/3421/685 1933/3701/685 1819/3498/685 1821/3510/685 1934/3698/685 

usemtl D04_Dandelion_Burst
vt -6468.95 157.48
vn 0.556888 -6.82275e-17 -0.830588
v 289.166 1.5 -136.233
vt -6468.95 137.795
f 1933/3702/686 1758/3422/686 1759/3425/686 1935/3703/686 

usemtl A06_Ruby_Spark
vn -8.92144e-15 1 8.8411e-15
v 288.638 1.5 -142.744
vt 11363.7 5619.84
f 1935/3701/687 1759/3421/687 1761/3427/687 1936/3704/687 1806/3487/687 1808/3498/687 

usemtl D04_Dandelion_Burst
vt -6657.65 137.795
vn 0.530017 1.64188e-16 -0.847987
v 288.638 1 -142.744
vt -6657.65 118.11
f 1936/3705/688 1761/3429/688 1763/3432/688 1937/3706/688 

usemtl A06_Ruby_Spark
vn -9.63624e-15 1 1.59903e-14
v 295.627 1 -144.238
vt 11638.8 5678.67
v 282.903 1 -151.897
vt 11137.9 5980.2
f 1937/3704/689 1763/3427/689 1764/3438/689 1938/3707/689 1939/3708/689 1794/3471/689 1796/3487/689 

usemtl D04_Dandelion_Burst
vt -6568.32 118.11
vn 0.552152 -3.2071e-17 -0.833743
vt -6568.32 98.4252
f 1938/3709/690 1764/3439/690 1765/3442/690 1782/3710/690 

usemtl A06_Ruby_Spark
vt -6458.3 118.11
vn 0.515727 0 -0.856753
vt -7042.98 118.11
vt -7042.98 98.4252
vt -6458.3 98.4252
f 1939/3711/691 1938/3712/691 1782/3713/691 1783/3714/691 

usemtl D04_Dandelion_Burst
vn 0.67077 3.5341e-17 -0.741665
vt -4249.26 118.11
vt -4249.26 98.4252
f 1794/3483/692 1939/3715/692 1783/3716/692 1778/3484/692 

usemtl A06_Ruby_Spark
vn 0.506512 2.19052e-16 -0.862233
vt -6951.63 137.795
vt -6951.63 118.11
f 1806/3494/693 1936/3717/693 1937/3718/693 1796/3495/693 

vn 0.519831 -5.85541e-16 -0.854269
vt -6937.32 157.48
vt -6937.32 137.795
f 1819/3506/694 1933/3719/694 1935/3720/694 1808/3507/694 

usemtl D04_Dandelion_Burst
vn 0.425168 -2.03234e-19 -0.905115
vt -7335.35 177.165
vt -7335.35 157.48
f 1833/3518/695 1931/3721/695 1934/3722/695 1821/3519/695 

usemtl A06_Ruby_Spark
vt -6426.75 177.165
vn 0.506362 0 -0.862321
vt -6914.36 177.165
vt -6914.36 157.48
vt -6426.75 157.48
f 1931/3723/696 1930/3724/696 1932/3725/696 1934/3726/696 

vt -5213.15 255.906
vn 0.615247 0 -0.788334
vt -5575.29 255.906
vt -5575.29 236.22
vt -5213.15 236.22
f 1916/3727/697 1915/3728/697 1918/3729/697 1921/3730/697 

vn 0.479834 -8.59049e-17 -0.877359
vt -6790.66 255.906
vt -6790.66 236.22
f 1880/3562/698 1916/3731/698 1921/3732/698 1875/3563/698 

vn 0.486076 5.5421e-17 -0.873917
vt -6660.08 275.591
vt -6660.08 255.906
f 1886/3570/699 1906/3733/699 1917/3734/699 1882/3571/699 

vt -5949.99 275.591
vn 0.55123 0 -0.834353
vt -6200.21 275.591
vt -6200.21 255.906
vt -5949.99 255.906
f 1906/3735/700 1905/3736/700 1914/3737/700 1917/3738/700 

v 250.996 6.5 -104.2
vt -2780.41 334.646
vn 0.792207 1.77984e-16 -0.610252
vt -2780.41 314.961
f 1940/3739/701 1629/3114/701 1639/3117/701 1896/3740/701 

vn 6.68478e-15 -1 1.4857e-15
v 241.272 6.5 -112.405
v 248.288 6.5 -96.618
f 882/1600/702 893/3593/702 1941/3592/702 1940/3591/702 1629/3590/702 1619/1603/702 1942/1602/702 884/1601/702 

usemtl FrontColor
vn 0.517324 -3.87201e-17 -0.85579
vt -5839.69 334.646
vt -5839.69 314.961
f 893/1742/703 1941/3741/703 1897/3742/703 892/1743/703 

usemtl A06_Ruby_Spark
vt -4406.02 334.646
vn 0.644878 0 -0.764286
vt -4906.93 334.646
vt -4906.93 314.961
vt -4406.02 314.961
f 1941/3743/704 1940/3744/704 1896/3745/704 1897/3746/704 

usemtl D04_Dandelion_Burst
vt -2118.33 354.331
vn 0.839486 -8.41555e-18 -0.543382
vt -2118.33 334.646
f 885/3747/705 886/3063/705 1619/3066/705 1942/3748/705 

usemtl A06_Ruby_Spark
vt -3749.71 354.331
vn 0.699431 0 -0.7147
vt -4325.74 354.331
vt -4325.74 334.646
vt -3749.71 334.646
f 883/3749/706 885/3750/706 1942/3751/706 884/3752/706 

usemtl FrontColor
vt -5796.04 314.961
vn 0.485784 -1.23094e-16 -0.874079
v 235.803 5.5 -121.229
vt -5796.04 295.276
f 951/3753/707 946/3581/707 945/3584/707 1943/3754/707 

usemtl D04_Dandelion_Burst
v 195.346 5.5 -167.612
vt 7690.79 6598.91
vn 1.05745e-14 1 -1.01211e-14
v 185.674 5.5 -167.398
v 178.048 5.5 -157.059
v 185.285 5.5 -149.799
v 193.447 5.5 -143.737
v 206.772 5.5 -136.933
v 215.626 5.5 -131.942
v 227.518 5.5 -125.284
v 237.231 5.5 -125.77
vt 9339.82 4951.59
v 228.446 5.5 -129.587
vt 8993.95 5101.84
v 217.66 5.5 -135.318
vt 8569.3 5327.48
v 208.762 5.5 -140.269
vt 8218.99 5522.4
v 196.726 5.5 -147.007
vt 7745.11 5787.67
v 190.449 5.5 -151.312
vt 7497.99 5957.18
v 185.914 5.5 -155.337
vt 7319.43 6115.64
v 189.289 5.5 -159.914
vt 7452.33 6295.82
f 1944/3755/708 706/1688/708 705/880/708 949/1711/708 1945/1710/708 1946/1709/708 1947/1708/708 1948/1707/708 1949/1706/708 1950/1705/708 1951/1704/708 1943/1703/708 945/1702/708 944/3575/708 1952/3756/708 1953/3757/708 1954/3758/708 1955/3759/708 1956/3760/708 1957/3761/708 1958/3762/708 1959/3763/708 

usemtl FrontColor
vn 0.88982 1.03933e-14 0.456312
vt 9381.24 295.276
v 195.346 5 -167.612
vt 9381.24 275.591
f 706/1690/709 1944/3764/709 1960/3765/709 707/1691/709 

vt 9941.67 295.276
vn 0.785913 0 0.618337
vt 9556.01 295.276
v 189.289 5 -159.914
vt 9556.01 275.591
vt 9941.67 275.591
f 1944/3766/710 1959/3767/710 1961/3768/710 1960/3769/710 

usemtl D04_Dandelion_Burst
vt 9490.25 295.276
vn 0.804781 0 0.593572
vt 9266.36 295.276
v 185.914 5 -155.337
vt 9266.36 275.591
vt 9490.25 275.591
f 1959/3770/711 1958/3771/711 1962/3772/711 1961/3773/711 

vt -1415.02 295.276
vn 0.663776 0 -0.747932
vt -1653.75 295.276
v 190.449 5 -151.312
vt -1653.75 275.591
vt -1415.02 275.591
f 1958/3774/712 1957/3775/712 1963/3776/712 1962/3777/712 

vt -2813.55 295.276
vn 0.565646 0 -0.824648
vt -3113.22 295.276
v 196.726 5 -147.007
vt -3113.22 275.591
vt -2813.55 275.591
f 1957/3778/713 1956/3779/713 1964/3780/713 1963/3781/713 

vt -3931.18 295.276
vn 0.488465 0 -0.872584
vt -4474.26 295.276
v 208.762 5 -140.269
vt -4474.26 275.591
vt -3931.18 275.591
f 1956/3782/714 1955/3783/714 1965/3784/714 1964/3785/714 

vt -4497.14 295.276
vn 0.486202 0 -0.873847
vt -4898.03 295.276
v 217.66 5 -135.318
vt -4898.03 275.591
vt -4497.14 275.591
f 1955/3786/715 1954/3787/715 1966/3788/715 1965/3789/715 

vt -5067.56 295.276
vn 0.469227 0 -0.883078
vt -5548.44 295.276
v 228.446 5 -129.587
vt -5548.44 275.591
vt -5067.56 275.591
f 1954/3790/716 1953/3791/716 1967/3792/716 1966/3793/716 

usemtl FrontColor
vt -6216.24 295.276
vn 0.398461 0 -0.917185
vt -6593.33 295.276
v 237.231 5 -125.77
vt -6593.33 275.591
vt -6216.24 275.591
f 1953/3794/717 1952/3795/717 1968/3796/717 1967/3797/717 

vt -6069.08 295.276
vn 0.454483 -2.06239e-14 -0.890755
vt -6144.71 295.276
vt -6144.71 275.591
vt -6069.08 275.591
f 1952/3798/718 944/3799/718 943/3800/718 1968/3801/718 

vn 0.454483 -1.34648e-14 -0.890755
vt -6403.47 295.276
vt -6403.47 275.591
f 944/3799/719 1890/3802/719 1887/3803/719 943/3800/719 

usemtl D04_Dandelion_Burst
v 197.828 5 -162.889
vt 7788.49 6412.95
vn 1.10084e-14 1 -1.1987e-14
v 230.369 5 -133.291
vt 9069.65 5247.69
v 219.847 5 -138.602
vt 8655.38 5456.76
v 211.193 5 -143.557
vt 8314.7 5651.87
v 198.371 5 -151.58
vt 7809.89 5967.73
f 1969/3804/720 708/1682/720 707/1688/720 1960/3755/720 1961/3763/720 1962/3762/720 1963/3761/720 1964/3760/720 1965/3759/720 1966/3758/720 1967/3757/720 1968/3756/720 943/3575/720 942/3567/720 1970/3805/720 1971/3806/720 1972/3807/720 1973/3808/720 

usemtl FrontColor
vn 0.891112 -1.06425e-14 0.453782
vt 9248.94 275.591
v 197.828 4.5 -162.889
vt 9248.94 255.906
f 708/1684/721 1969/3809/721 1974/3810/721 709/1685/721 

usemtl D04_Dandelion_Burst
vt 6031.53 275.591
vn 0.998846 0 -0.0480216
vt 5585.8 275.591
v 198.371 4.5 -151.58
vt 5585.8 255.906
vt 6031.53 255.906
f 1969/3811/722 1973/3812/722 1975/3813/722 1974/3814/722 

vt -3455.18 275.591
vn 0.530433 0 -0.847727
vt -4050.66 275.591
v 211.193 4.5 -143.557
vt -4050.66 255.906
vt -3455.18 255.906
f 1973/3815/723 1972/3816/723 1976/3817/723 1975/3818/723 

vt -4406.29 275.591
vn 0.496983 0 -0.86776
vt -4798.88 275.591
v 219.847 4.5 -138.602
vt -4798.88 255.906
vt -4406.29 255.906
f 1972/3819/724 1971/3820/724 1977/3821/724 1976/3822/724 

usemtl FrontColor
vt -5268.61 275.591
vn 0.450544 0 -0.892754
vt -5732.65 275.591
v 230.369 4.5 -133.291
vt -5732.65 255.906
vt -5268.61 255.906
f 1971/3823/725 1970/3824/725 1978/3825/725 1977/3826/725 

vt -6427.84 275.591
vn 0.376352 -2.13516e-14 -0.926477
vt -6660.51 275.591
vt -6660.51 255.906
vt -6427.84 255.906
f 1970/3827/726 942/3828/726 941/3829/726 1978/3830/726 

vn 0.376352 -1.39971e-14 -0.926477
vt -6864.68 275.591
vt -6864.68 255.906
f 942/3828/727 1889/3831/727 1884/3832/727 941/3829/727 

vt -6296.18 275.591
vn 0.437439 -5.25047e-17 -0.899248
vt -6674.24 275.591
vt -6674.24 255.906
vt -6296.18 255.906
f 1889/3833/728 1885/3834/728 1881/3835/728 1884/3836/728 

usemtl D04_Dandelion_Burst
v 206.18 4.5 -168.817
vt 8117.32 6646.33
vn 1.54612e-14 1 -1.59794e-14
v 232.292 4.5 -136.996
vt 9145.35 5393.53
v 222.618 4.5 -141.529
vt 8764.5 5571.99
v 215.326 4.5 -146.665
vt 8477.41 5774.22
v 205.324 4.5 -154.115
vt 8083.62 6067.51
f 1979/3837/729 710/1672/729 709/1682/729 1974/3804/729 1975/3808/729 1976/3807/729 1977/3806/729 1978/3805/729 941/3567/729 940/3559/729 1980/3838/729 1981/3839/729 1982/3840/729 1983/3841/729 

usemtl FrontColor
vn 0.899205 1.00474e-14 0.437528
vt 9527.97 255.906
v 206.18 4 -168.817
vt 9527.97 236.22
f 710/1678/730 1979/3842/730 1984/3843/730 711/1679/730 

usemtl D04_Dandelion_Burst
vt 7106.87 255.906
vn 0.99831 0 0.05812
vt 6527.07 255.906
v 205.324 4 -154.115
vt 6527.07 236.22
vt 7106.87 236.22
f 1979/3844/731 1983/3845/731 1985/3846/731 1984/3847/731 

vt -2858.82 255.906
vn 0.597322 0 -0.802002
vt -3349.84 255.906
v 215.326 4 -146.665
vt -3349.84 236.22
vt -2858.82 236.22
f 1983/3848/732 1982/3849/732 1986/3850/732 1985/3851/732 

vt -3605.39 255.906
vn 0.575874 0 -0.817539
vt -3956.55 255.906
v 222.618 4 -141.529
vt -3956.55 236.22
vt -3605.39 236.22
f 1982/3852/733 1981/3853/733 1987/3854/733 1986/3855/733 

usemtl FrontColor
vt -5572.06 255.906
vn 0.424319 0 -0.905513
vt -5992.66 255.906
v 232.292 4 -136.996
vt -5992.66 236.22
vt -5572.06 236.22
f 1981/3856/734 1980/3857/734 1988/3858/734 1987/3859/734 

vt -6686.43 255.906
vn 0.349176 -2.16211e-14 -0.937057
vt -6716.17 255.906
vt -6716.17 236.22
vt -6686.43 236.22
f 1980/3860/735 940/3861/735 939/3862/735 1988/3863/735 

vn 0.349176 -1.45908e-14 -0.937057
vt -7154.01 255.906
vt -7154.01 236.22
f 940/3861/736 1883/3864/736 1878/3865/736 939/3862/736 

vt -6519.34 255.906
vn 0.418055 -5.71103e-17 -0.908422
vt -6911.48 255.906
vt -6911.48 236.22
vt -6519.34 236.22
f 1883/3866/737 1879/3867/737 1874/3868/737 1878/3869/737 

usemtl D04_Dandelion_Burst
vn 3.42911e-14 1 -3.55569e-14
v 225.39 4 -144.456
vt 8873.62 5687.23
v 219.459 4 -149.773
vt 8640.13 5896.56
v 212.277 4 -156.649
vt 8357.35 6167.28
f 1988/3838/738 939/3559/738 938/3550/738 1989/3870/738 1990/3871/738 1991/3872/738 931/1674/738 712/1673/738 711/1672/738 1984/3837/738 1985/3841/738 1986/3840/738 1987/3839/738 

usemtl FrontColor
vt -5937.85 236.22
vn 0.391596 -2.13176e-14 -0.920137
vt -6140.91 236.22
vt -6140.91 216.535
v 225.39 3.5 -144.456
vt -5937.85 216.535
f 1989/3873/739 938/3874/739 937/3875/739 1992/3876/739 

vn 0.391596 -1.4181e-14 -0.920137
vt -6315.45 236.22
vt -6315.45 216.535
f 938/3874/740 1877/3877/740 1870/3878/740 937/3875/740 

vt -6971.15 236.22
vn 0.319127 -6.23519e-17 -0.947712
vt -7455.46 236.22
vt -7455.46 216.535
vt -6971.15 216.535
f 1877/3879/741 1876/3880/741 1871/3881/741 1870/3882/741 

vt -6755.85 236.22
vn 0.396049 -5.86726e-17 -0.91823
vt -7147.57 236.22
vt -7147.57 216.535
vt -6755.85 216.535
f 1876/3883/742 1872/3884/742 1865/3885/742 1871/3886/742 

usemtl D04_Dandelion_Burst
v 219.229 3.5 -159.183
vt 8631.08 6267.06
vn 3.00647e-14 1 -2.84603e-14
v 212.277 3.5 -156.649
v 219.459 3.5 -149.773
v 223.592 3.5 -152.88
vt 8802.84 6018.91
f 1993/3887/743 933/3539/743 932/1674/743 1994/3872/743 1995/3871/743 1992/3870/743 937/3550/743 936/3540/743 1996/3888/743 

usemtl FrontColor
vt 7773.94 216.535
vn 0.985841 -4.17039e-14 0.167683
vt 7625.61 216.535
v 219.229 3 -159.183
vt 7625.61 196.85
vt 7773.94 196.85
f 933/3889/744 1993/3890/744 1997/3891/744 934/3892/744 

usemtl D04_Dandelion_Burst
vt 240.755 216.535
vn 0.822241 0 -0.569139
vt -61.0419 216.535
v 223.592 3 -152.88
vt -61.0419 196.85
vt 240.755 196.85
f 1993/3893/745 1996/3894/745 1998/3895/745 1997/3896/745 

usemtl FrontColor
vt -997.941 216.535
vn 0.769043 -5.0293e-14 -0.639197
vt -1200.05 216.535
vt -1200.05 196.85
vt -997.941 196.85
f 1996/3897/746 936/3898/746 935/3899/746 1998/3900/746 

vn 0.769043 -3.31136e-14 -0.639197
vt -1279.38 216.535
vt -1279.38 196.85
f 936/3898/747 1869/3901/747 1860/3902/747 935/3899/747 

vt -6385.33 216.535
vn 0.349823 7.39126e-18 -0.936816
vt -6720.53 216.535
vt -6720.53 196.85
vt -6385.33 196.85
f 1869/3903/748 1868/3904/748 1861/3905/748 1860/3906/748 

vt -7241.59 216.535
vn 0.290817 7.50564e-18 -0.956779
vt -7743.08 216.535
vt -7743.08 196.85
vt -7241.59 196.85
f 1868/3907/749 1867/3908/749 1862/3909/749 1861/3910/749 

vt -6997.48 216.535
vn 0.373776 7.3357e-18 -0.927519
vt -7388.99 216.535
vt -7388.99 196.85
vt -6997.48 196.85
f 1867/3911/750 1863/3912/750 1850/3913/750 1862/3914/750 

usemtl D04_Dandelion_Burst
vn 1.31451e-13 1 -7.59162e-14
f 935/3540/751 934/3539/751 1997/3887/751 1998/3888/751 

usemtl FrontColor
v 222.884 3.5 -180.673
vt 8483.8 216.535
vn 0.985841 -2.81445e-14 0.167683
vt 8483.8 196.85
f 1999/3915/752 933/3889/752 934/3892/752 1859/3916/752 

v 214.532 3.5 -174.745
vn -2.34902e-14 1 6.12568e-15
f 2000/1675/753 932/1674/753 933/3539/753 1999/3538/753 460/3537/753 459/1676/753 

vt 7871.57 236.22
vn 0.992321 1.93069e-15 0.123688
vt 7832.33 236.22
vt 7832.33 216.535
vt 7871.57 216.535
f 947/3917/754 931/3918/754 932/3919/754 2000/3920/754 

usemtl D04_Dandelion_Burst
vn 0.992321 2.8114e-15 0.123688
vt 7153.63 236.22
vt 7153.63 216.535
f 931/3918/755 1991/3921/755 1994/3922/755 932/3919/755 

vt -1771.92 236.22
vn 0.691539 0 -0.722339
vt -2163.4 236.22
vt -2163.4 216.535
vt -1771.92 216.535
f 1991/3923/756 1990/3924/756 1995/3925/756 1994/3926/756 

usemtl FrontColor
vt -2497.07 236.22
vn 0.667536 0 -0.744577
vt -2810.66 236.22
vt -2810.66 216.535
vt -2497.07 216.535
f 1990/3927/757 1989/3928/757 1992/3929/757 1995/3930/757 

vt 10499.2 236.22
vn 0.912347 0 0.409417
vt 9734.68 236.22
vt 9734.68 216.535
vt 10499.2 216.535
f 458/3931/758 947/3932/758 2000/3933/758 459/3934/758 

vt 10226.1 216.535
vn 0.936976 0 0.349395
vt 9730.73 216.535
vt 9730.73 196.85
vt 10226.1 196.85
f 460/3935/759 1999/3936/759 1859/3937/759 461/3938/759 

vt 10299.5 314.961
vn 0.662139 0 0.749381
vt 9841.79 314.961
vt 9841.79 295.276
vt 10299.5 295.276
f 948/3939/760 958/3940/760 1945/3941/760 949/3942/760 

vt 9642.91 314.961
vt 9137.09 314.961
vt 9137.09 295.276
vt 9642.91 295.276
f 958/3943/711 957/3944/711 1946/3945/711 1945/3946/711 

usemtl D04_Dandelion_Burst
vt -569.168 314.961
vn 0.708253 0 -0.705959
vt -972.753 314.961
vt -972.753 295.276
vt -569.168 295.276
f 957/3947/761 956/3948/761 1947/3949/761 1946/3950/761 

vt -2340.49 314.961
vn 0.596182 0 -0.80285
vt -2740.75 314.961
vt -2740.75 295.276
vt -2340.49 295.276
f 956/3951/762 955/3952/762 1948/3953/762 1947/3954/762 

vt -4209.52 314.961
vn 0.454755 0 -0.890617
vt -4798.58 314.961
vt -4798.58 295.276
vt -4209.52 295.276
f 955/3955/763 954/3956/763 1949/3957/763 1948/3958/763 

vt -4443.81 314.961
vn 0.491097 0 -0.871105
vt -4843.94 314.961
vt -4843.94 295.276
vt -4443.81 295.276
f 954/3959/764 953/3960/764 1950/3961/764 1949/3962/764 

usemtl FrontColor
vt -4869.96 314.961
vn 0.488487 0 -0.872571
vt -5406.54 314.961
vt -5406.54 295.276
vt -4869.96 295.276
f 953/3963/765 952/3964/765 1951/3965/765 1950/3966/765 

vt -5876.78 314.961
vn 0.439644 0 -0.898172
vt -6239.94 314.961
vt -6239.94 295.276
vt -5876.78 295.276
f 952/3967/766 951/3968/766 1943/3969/766 1951/3970/766 

vt -7061.38 196.85
vn 0.381806 0 -0.924243
vt -7537.42 196.85
vt -7537.42 177.165
vt -7061.38 177.165
f 1852/3971/767 1848/3972/767 1834/3973/767 1847/3974/767 

vt -7425.48 196.85
vn 0.2814 0 -0.959591
vt -7979.7 196.85
vt -7979.7 177.165
vt -7425.48 177.165
f 1853/3975/768 1852/3976/768 1847/3977/768 1846/3978/768 

vt -6837.74 196.85
vn 0.312471 0 -0.949927
vt -7154.3 196.85
vt -7154.3 177.165
vt -6837.74 177.165
f 1854/3979/769 1853/3980/769 1846/3981/769 1845/3982/769 

vt -1173.48 196.85
vn 0.762339 0 -0.647178
vt -1421.42 196.85
vt -1421.42 177.165
vt -1173.48 177.165
f 1855/3983/770 1854/3984/770 1845/3985/770 1844/3986/770 

vt 5204.39 196.85
vn 0.992182 0 -0.124796
vt 4912.79 196.85
vt 4912.79 177.165
vt 5204.39 177.165
f 1856/3987/771 1855/3988/771 1844/3989/771 1843/3990/771 

vt 8095.28 196.85
vn 0.99163 0 0.129109
vt 7470.6 196.85
vt 7470.6 177.165
vt 8095.28 177.165
f 1857/3991/772 1856/3992/772 1843/3993/772 1842/3994/772 

vt 9236.04 196.85
vn 0.971634 0 0.236491
vt 8924.1 196.85
vt 8924.1 177.165
vt 9236.04 177.165
f 1858/3995/773 1857/3996/773 1842/3997/773 1841/3998/773 

vt 9325.69 196.85
vn 0.977846 0 0.209324
vt 9034.29 196.85
vt 9034.29 177.165
vt 9325.69 177.165
f 462/3999/774 1858/4000/774 1841/4001/774 463/4002/774 

vt -7494.37 177.165
vn 0.328584 8.02134e-18 -0.944475
vt -7886.14 177.165
vt -7886.14 157.48
vt -7494.37 157.48
f 1836/4003/775 1832/4004/775 1820/4005/775 1831/4006/775 

vt -7744 177.165
vn 0.239205 8.19834e-18 -0.970969
vt -8281.24 177.165
vt -8281.24 157.48
vt -7744 157.48
f 1837/4007/776 1836/4008/776 1831/4009/776 1830/4010/776 

vt -7605.85 177.165
vn 0.22518 8.21937e-18 -0.974317
vt -7859.46 177.165
vt -7859.46 157.48
vt -7605.85 157.48
f 1838/4011/777 1837/4012/777 1830/4013/777 1829/4014/777 

vt -7431.39 177.165
vn 0.230907 8.211e-18 -0.972976
vt -7558.96 177.165
vt -7558.96 157.48
vt -7431.39 157.48
f 1839/4015/778 1838/4016/778 1829/4017/778 1828/4018/778 

vt 8140.42 177.165
vn 0.977925 -1.26301e-18 0.208958
vt 7826.37 177.165
vt 7826.37 157.48
vt 8140.42 157.48
f 1840/4019/779 1839/4020/779 1828/4021/779 1827/4022/779 

vt 9377.65 177.165
vn 0.977834 0 0.209381
vt 8143.7 177.165
vt 8143.7 157.48
vt 9377.65 157.48
f 464/4023/780 1840/4024/780 1827/4025/780 465/4026/780 

vt -7092.22 157.48
vn 0.424809 -7.64047e-18 -0.905283
vt -7295.09 157.48
vt -7295.09 137.795
vt -7092.22 137.795
f 1822/4027/781 1818/4028/781 1807/4029/781 1817/4030/781 

vt -7216.14 157.48
vn 0.386444 -7.76004e-18 -0.922313
vt -7496.03 157.48
vt -7496.03 137.795
vt -7216.14 137.795
f 1823/4031/782 1822/4032/782 1817/4033/782 1816/4034/782 

vt -7645.67 157.48
vn 0.308413 -7.95653e-18 -0.951253
vt -7978.17 157.48
vt -7978.17 137.795
vt -7645.67 137.795
f 1824/4035/783 1823/4036/783 1816/4037/783 1815/4038/783 

vt -7319 157.48
vn 0.316108 -7.93981e-18 -0.948723
vt -7573.87 157.48
vt -7573.87 137.795
vt -7319 137.795
f 1825/4039/784 1824/4040/784 1815/4041/784 1814/4042/784 

vt 1402.21 157.48
vn 0.886702 -4.25125e-18 -0.46234
vt 920.035 157.48
vt 920.035 137.795
vt 1402.21 137.795
f 1826/4043/785 1825/4044/785 1814/4045/785 1813/4046/785 

vt 8602.82 157.48
vn 0.9938 0 0.111179
vt 7570.74 157.48
vt 7570.74 137.795
vt 8602.82 137.795
f 466/4047/786 1826/4048/786 1813/4049/786 467/4050/786 

vt -6084.12 137.795
vn 0.51374 -1.44861e-17 -0.857946
vt -6309.99 137.795
vt -6309.99 118.11
vt -6084.12 118.11
f 1809/4051/787 1805/4052/787 1795/4053/787 1804/4054/787 

vt -5462.13 137.795
vn 0.545076 -1.42099e-17 -0.838387
vt -5686.46 137.795
vt -5686.46 118.11
vt -5462.13 118.11
f 1810/4055/788 1809/4056/788 1804/4057/788 1803/4058/788 

vt -4920.56 137.795
vn 0.577417 -1.38966e-17 -0.816449
vt -5033.15 137.795
vt -5033.15 118.11
vt -4920.56 118.11
f 1811/4059/789 1810/4060/789 1803/4061/789 1802/4062/789 

vt -1724.82 137.795
vn 0.737493 -1.18215e-17 -0.675355
vt -2458.31 137.795
vt -2458.31 118.11
vt -1724.82 118.11
f 1812/4063/790 1811/4064/790 1802/4065/790 1801/4066/790 

vt 7273.32 137.795
vn 0.999539 0 -0.0303695
vt 6439.55 137.795
vt 6439.55 118.11
vt 7273.32 118.11
f 468/4067/791 1812/4068/791 1801/4069/791 469/4070/791 

vt -3185.38 118.11
vn 0.706389 -2.39449e-17 -0.707824
vt -3456.07 118.11
vt -3456.07 98.4252
vt -3185.38 98.4252
f 1797/4071/792 1793/4072/792 1784/4073/792 1792/4074/792 

vt -1751.64 118.11
vn 0.769864 -2.18952e-17 -0.638208
vt -2033.45 118.11
vt -2033.45 98.4252
vt -1751.64 98.4252
f 1798/4075/793 1797/4076/793 1792/4077/793 1791/4078/793 

vt -1745.78 118.11
vn 0.758986 -2.2277e-17 -0.651107
vt -1959.56 118.11
vt -1959.56 98.4252
vt -1745.78 98.4252
f 1799/4079/794 1798/4080/794 1791/4081/794 1790/4082/794 

vt -1668.45 118.11
vn 0.737493 -2.29923e-17 -0.675355
vt -2143.52 118.11
vt -2143.52 98.4252
vt -1668.45 98.4252
f 1800/4083/795 1799/4084/795 1790/4085/795 1789/4086/795 

vt 7265.85 118.11
vt 6725.83 118.11
vt 6725.83 98.4252
vt 7265.85 98.4252
f 470/4087/791 1800/4088/791 1789/4089/791 471/4090/791 

vt -3523.84 98.4252
vn 0.696892 -9.08693e-17 -0.717176
vt -3792.37 98.4252
vt -3792.37 78.7402
v 282.379 0 -162.162
vt -3523.84 78.7402
f 1785/4091/796 1779/4092/796 1774/4093/796 2001/4094/796 

usemtl A06_Ruby_Spark
vn 0.696892 -5.56883e-17 -0.717176
vt -3926.86 98.4252
vt -3926.86 78.7402
f 1779/4092/797 1780/4095/797 1775/4096/797 1774/4093/797 

vt -5593.57 98.4252
vn 0.591029 0 -0.80665
vt -6020.92 98.4252
vt -6020.92 78.7402
vt -5593.57 78.7402
f 1780/4097/798 1781/4098/798 1776/4099/798 1775/4100/798 

usemtl FrontColor
vt -6863.64 98.4252
vn 0.530017 0 -0.847987
vt -7032.25 98.4252
vt -7032.25 78.7402
vt -6863.64 78.7402
f 1781/4101/799 1777/4102/799 1768/4103/799 1776/4104/799 

vn 5.95323e-15 1 1.20567e-15
v 284.457 0 -170.813
vt 11199.1 6724.91
vt 10642.5 7577.26
v 263.974 0 -186.21
v 269.732 0 -178.742
v 276.51 0 -168.741
f 2001/3472/800 1774/3456/800 1773/3455/800 2002/4105/800 474/4106/800 473/3476/800 2003/3475/800 2004/3474/800 2005/3473/800 

vt -2162.35 78.7402
vn 0.760266 5.77343e-16 -0.649612
vt -2627.3 78.7402
v 292.129 -0.5 -161.834
vt -2627.3 59.0551
v 284.457 -0.5 -170.813
vt -2162.35 59.0551
f 2002/4107/801 1773/4108/801 2006/4109/801 2007/4110/801 

usemtl A06_Ruby_Spark
vn 0.760266 6.49005e-17 -0.649612
vt -2876.7 78.7402
v 296.244 -0.5 -157.018
vt -2876.7 59.0551
f 1773/4108/802 1772/4111/802 2008/4112/802 2006/4109/802 

vt -4501.44 78.7402
vn 0.670898 0 -0.741549
vt -4715.85 78.7402
v 300.283 -0.5 -153.364
vt -4715.85 59.0551
vt -4501.44 59.0551
f 1772/4113/803 1771/4114/803 2009/4115/803 2008/4116/803 

usemtl FrontColor
vt -7014.73 78.7402
vt -7185.55 78.7402
v 304 -0.5 -151.127
vt -7185.55 59.0551
vt -7014.73 59.0551
f 1771/4117/691 1770/4118/691 2010/4119/691 2009/4120/691 

vt -6693.43 78.7402
vn 0.552152 0 -0.833743
vt -6856.64 78.7402
v 307.456 -0.5 -148.838
vt -6856.64 59.0551
vt -6693.43 59.0551
f 1770/4121/804 1769/4122/804 2011/4123/804 2010/4124/804 

usemtl D04_Dandelion_Burst
vt 5859.75 78.7402
vt 5859.75 59.0551
f 1769/4125/348 400/741/348 399/740/348 398/739/348 2011/4126/348 

v 307.456 -0.5 -155.733
vt 6131.21 59.0551
v 307.456 -1 -155.733
vt 6131.21 39.3701
f 2012/4127/348 2011/4126/348 398/739/348 397/738/348 2013/4128/348 

usemtl A06_Ruby_Spark
vt -11501.1 6371.42
vn 8.38179e-15 -1 1.132e-14
v 297.485 -0.5 -166.712
vt -11712 6563.46
vt -12104.6 6131.21
vt -12104.6 5859.75
vt -11968.5 5949.87
vt -11822.2 6037.97
vt -11663.2 6181.81
f 2006/4129/805 2014/4130/805 2012/4131/805 2011/4132/805 2010/4133/805 2009/4134/805 2008/4135/805 

usemtl FrontColor
vn 4.17054e-17 1 7.95616e-15
vt 11712 6563.46
v 290.707 -0.5 -174.175
vt 11445.1 6857.28
vt 10957.9 7577.26
f 2007/4105/806 2006/3455/806 2014/4136/806 2015/4137/806 476/4138/806 475/4106/806 

vt -2618.61 59.0551
vn 0.740262 -1.90834e-16 -0.672319
vt -3015.52 59.0551
v 297.485 -1 -166.712
vt -3015.52 39.3701
v 290.707 -1 -174.175
vt -2618.61 39.3701
f 2015/4139/807 2014/4140/807 2016/4141/807 2017/4142/807 

usemtl A06_Ruby_Spark
vn 0.740262 3.13538e-16 -0.672319
vt -3599.44 59.0551
vt -3599.44 39.3701
f 2014/4140/808 2012/4143/808 2013/4144/808 2016/4141/808 

v 307.456 -1 -165.836
vt 12104.6 6528.96
vn 8.55239e-15 1 -4.53789e-15
v 302.507 -1 -171.286
vt 11909.7 6743.53
vt 12104.6 6131.21
f 2018/4145/809 2019/4146/809 2016/4136/809 2013/4147/809 

usemtl D04_Dandelion_Burst
vt -3015.15 39.3701
vn 0.740262 4.98119e-16 -0.672319
vt -3305 39.3701
vt -3305 19.685
v 302.507 -1.5 -171.286
vt -3015.15 19.685
f 2019/4148/810 2018/4149/810 396/4150/810 2020/4151/810 

vt 6528.96 39.3701
f 2018/4152/348 2013/4128/348 397/738/348 396/737/348 

vt -11909.7 6743.53
vn -4.66718e-14 -1 -5.36472e-15
vt -12104.6 6921.01
vt -12104.6 6528.96
f 2020/4153/811 395/4154/811 396/4155/811

usemtl FrontColor
v 295.314 -1.5 -179.205
vt 11626.5 7055.32
vn 6.98987e-15 1 -1.22824e-14
vt 12104.6 6921.01
vt 12104.6 6926.72
v 299.921 -1.5 -184.235
vt 11807.9 7253.36
vt 11588.7 7577.26
vt 11273.3 7577.26
f 2021/4156/812 2020/4146/812 395/4157/812 394/4158/812 2022/4159/812 480/4160/812 479/4161/812 

v 295.314 -1 -179.205
vt -2593.96 39.3701
vn 0.740262 -4.12129e-16 -0.672319
vt -2593.96 19.685
f 2023/4162/813 2019/4148/813 2020/4151/813 2021/4163/813 

vn 4.11326e-15 1 -3.57954e-15
f 2017/4137/814 2016/4136/814 2019/4146/814 2023/4156/814 478/4161/814 477/4138/814 

vt -42.8913 39.3701
vn 0.828182 0 -0.56046
vt -673.119 39.3701
vt -673.119 19.685
vt -42.8913 19.685
f 478/4164/815 2023/4165/815 2021/4166/815 479/4167/815 

vt 133.882 59.0551
vt -735.475 59.0551
vt -735.475 39.3701
vt 133.882 39.3701
f 476/4168/815 2015/4169/815 2017/4170/815 477/4171/815 

vt -2569.31 19.685
vn 0.740262 0 -0.672319
vt -3010.56 19.685
vt -3010.56 1.13687e-13
v 299.921 -2 -184.235
vt -2569.31 1.13687e-13
f 2022/4172/816 394/4173/816 393/4174/816 2024/4175/816 

vn -1.77159e-17 1 2.77353e-17
vt 12104.6 7324.48
v 304.528 -2 -189.266
vt 11989.3 7451.4
vt 11904.1 7577.26
f 393/4158/817 392/4176/817 2025/4177/817 482/4178/817 481/4160/817 2024/4159/817 

vt -2544.65 0
vt -2716.11 0
vt -2716.11 -19.685
v 304.528 -2.5 -189.266
vt -2544.65 -19.685
f 2025/4179/816 392/4180/816 391/4181/816 2026/4182/816 

vt 12104.6 7577.26
f 391/4176/1 390/4183/1 483/4178/1 2026/4177/1 

vt -396.437 5.398e-10
vn 0.828182 -3.82687e-14 -0.56046
vt -548.409 5.398e-10
vt -548.409 -19.685
vt -396.437 -19.685
f 482/4184/818 2025/4185/818 2026/4186/818 483/4187/818 

vt -219.664 19.685
vt -610.764 19.685
vt -610.764 1.13687e-13
vt -219.664 1.13687e-13
f 480/4188/815 2022/4189/815 2024/4190/815 481/4191/815 

vt 525.381 78.7402
vn 0.837286 0 -0.546765
vt -492.615 78.7402
vt -492.615 59.0551
vt 525.381 59.0551
f 474/4192/819 2002/4193/819 2007/4194/819 475/4195/819 

vt 7258.37 98.4252
vt 7012.11 98.4252
vt 7012.11 78.7402
vt 7258.37 78.7402
f 472/4196/791 1788/4197/791 2003/4198/791 473/4199/791 

vt -539.653 98.4252
vn 0.791954 -2.62662e-17 -0.61058
vt -910.922 98.4252
vt -910.922 78.7402
vt -539.653 78.7402
f 1788/4200/820 1787/4201/820 2004/4202/820 2003/4203/820 

vt -132.01 98.4252
vn 0.827818 -2.44242e-17 -0.560997
vt -607.664 98.4252
vt -607.664 78.7402
vt -132.01 78.7402
f 1787/4204/821 1786/4205/821 2005/4206/821 2004/4207/821 

vt -2290.27 98.4252
vn 0.746182 -2.82984e-17 -0.665742
vt -2637.35 98.4252
vt -2637.35 78.7402
vt -2290.27 78.7402
f 1786/4208/822 1785/4209/822 2001/4210/822 2005/4211/822 

vt 4869.76 236.22
vt 4621.27 236.22
v 305.828 3.5 -39.8454
vt 4621.27 216.535
vt 4869.76 216.535
f 1722/4212/595 1724/4213/595 2027/4214/595 416/4215/595 

vt -2590.8 236.22
vn 0.941217 -5.65094e-18 -0.337803
vt -2674.7 236.22
v 306.548 3.5 -37.8397
vt -2674.7 216.535
vt -2590.8 216.535
f 1724/4216/823 1723/4217/823 2028/4218/823 2027/4219/823 

vt -9581.63 236.22
vt -9581.63 216.535
vt -9539.79 216.535
f 1723/922/566 418/4220/566 417/4221/566 2028/4222/566 

f 417/3331/1 416/3330/1 2027/3333/1 2028/3332/1 

usemtl D04_Dandelion_Burst
v 243.42 7.5 -97.1985
vt -3046.98 374.016
vn 0.777796 1.48857e-16 -0.628517
vt -3046.98 354.331
f 2029/4223/824 1591/3012/824 887/3015/824 888/4224/824 

usemtl A06_Ruby_Spark
vt -8976.77 4072.32
vn 7.9942e-15 -1 -5.15123e-15
v 234.653 7.5 -104.564
vt -9564.58 3542.64
v 240.269 7.5 -93.2955
vt -9459.41 3673.05
v 232.509 7.5 -99.8758
vt -9153.9 3932.12
f 895/4225/825 894/1599/825 2030/1606/825 2029/1605/825 1591/1604/825 1580/4226/825 2031/4227/825 2032/4228/825 

usemtl D04_Dandelion_Burst
v 225.566 7.5 -105.371
vt 8880.56 4148.47
vn 1.06445e-16 1 3.01504e-15
vt 8976.77 4072.32
v 228.69 7.5 -109.02
v 223.086 7.5 -112.978
v 216.829 7.5 -117.295
v 207.539 7.5 -123.057
v 199.791 7.5 -127.527
v 190.754 7.5 -132.405
v 180.236 7.5 -136.693
v 170.375 7.5 -139.487
v 157.326 7.5 -141.908
v 145.477 7.5 -141.649
v 132.992 7.5 -139.725
v 116.028 7.5 -135.166
v 99.3081 7.5 -131.117
v 86.405 7.5 -127.543
v 73.4755 7.5 -123.596
v 59.4165 7.5 -117.897
v 47.2519 7.5 -110.72
v 33.1386 7.5 -100.106
v 17.4589 7.5 -82.9702
vt 752.666 3093.38
v 21.6533 7.5 -82.6309
vt 852.491 3253.18
v 36.567 7.5 -98.2675
vt 1439.65 3868.8
v 51.6364 7.5 -109.54
vt 2032.93 4312.6
v 62.9516 7.5 -116.56
vt 2478.41 4588.98
v 74.3561 7.5 -121.486
vt 2927.4 4782.92
v 84.9244 7.5 -124.603
vt 3343.48 4905.62
v 96.7589 7.5 -127.731
vt 3809.4 5028.77
v 113.702 7.5 -131.693
vt 4476.48 5184.75
v 130.115 7.5 -135.885
vt 5122.63 5349.82
v 142.637 7.5 -137.748
vt 5615.63 5423.13
v 155.112 7.5 -138.147
vt 6106.78 5438.87
v 168.049 7.5 -135.937
vt 6616.1 5351.84
v 178.052 7.5 -133.222
vt 7009.92 5244.96
v 188.965 7.5 -128.817
vt 7439.56 5071.54
v 197.052 7.5 -124.636
vt 7757.94 4906.95
v 204.036 7.5 -120.6
vt 8032.92 4748.03
v 212.001 7.5 -115.46
vt 8346.49 4545.66
v 219.317 7.5 -110.068
vt 8634.53 4333.39
f 2033/4229/826 895/4230/826 894/1502/826 2034/1501/826 2035/1500/826 2036/1499/826 2037/1498/826 2038/1497/826 2039/1496/826 2040/1495/826 2041/1494/826 2042/1493/826 2043/1492/826 2044/1491/826 2045/1490/826 2046/1489/826 2047/1488/826 2048/1487/826 2049/1486/826 2050/1485/826 2051/1484/826 2052/1483/826 1046/1470/826 1045/4231/826 2053/4232/826 2054/4233/826 2055/4234/826 2056/4235/826 2057/4236/826 2058/4237/826 2059/4238/826 2060/4239/826 2061/4240/826 2062/4241/826 2063/4242/826 2064/4243/826 2065/4244/826 2066/4245/826 2067/4246/826 2068/4247/826 2069/4248/826 2070/4249/826 

usemtl FrontColor
v 225.566 8 -105.371
vt -4388.59 393.701
vn 0.620632 -1.44348e-16 -0.784102
vt -4511.29 393.701
vt -4511.29 374.016
vt -4388.59 374.016
f 2071/4250/827 896/4251/827 895/4252/827 2033/4253/827 

usemtl D04_Dandelion_Burst
v 21.6533 8 -82.6309
vn 1.23037e-16 1 2.56463e-15
vt 901.038 3058.64
v 25.8477 8 -82.2915
vt 1017.63 3239.82
v 39.9955 8 -96.4289
vt 1574.63 3796.41
v 56.0208 8 -108.36
vt 2205.54 4266.14
v 66.4867 8 -115.223
vt 2617.59 4536.36
v 78.424 8 -120
vt 3087.56 4724.4
v 89.8187 8 -122.909
vt 3536.17 4838.93
v 106.959 8 -126.837
vt 4210.99 4993.57
v 119.714 8 -129.63
vt 4713.15 5103.54
v 134.35 8 -132.997
vt 5289.36 5236.12
v 147.646 8 -134.502
vt 5812.84 5295.37
v 158.981 8 -133.826
vt 6259.08 5268.74
v 172 8 -130.772
vt 6771.67 5148.52
v 184.498 8 -126.194
vt 7263.7 4968.26
v 192.328 8 -122.954
vt 7571.97 4840.72
v 198.144 8 -119.863
vt 7800.96 4719
v 203.882 8 -116.156
vt 8026.85 4573.06
v 209.959 8 -111.617
vt 8266.12 4394.35
v 218.611 8 -104.633
vt 8606.72 4119.42
vt 8825.99 3934.99
v 219.317 8 -110.068
v 212.001 8 -115.46
v 204.036 8 -120.6
v 197.052 8 -124.636
v 188.965 8 -128.817
v 178.052 8 -133.222
v 168.049 8 -135.937
v 155.112 8 -138.147
v 142.637 8 -137.748
v 130.115 8 -135.885
v 113.702 8 -131.693
v 96.7589 8 -127.731
v 84.9244 8 -124.603
v 74.3561 8 -121.486
v 62.9516 8 -116.56
v 51.6364 8 -109.54
v 36.567 8 -98.2675
f 2072/4232/828 1044/4231/828 1043/4254/828 2073/4255/828 2074/4256/828 2075/4257/828 2076/4258/828 2077/4259/828 2078/4260/828 2079/4261/828 2080/4262/828 2081/4263/828 2082/4264/828 2083/4265/828 2084/4266/828 2085/4267/828 2086/4268/828 2087/4269/828 2088/4270/828 2089/4271/828 2090/4272/828 897/4273/828 896/4230/828 2071/4229/828 2091/4249/828 2092/4248/828 2093/4247/828 2094/4246/828 2095/4245/828 2096/4244/828 2097/4243/828 2098/4242/828 2099/4241/828 2100/4240/828 2101/4239/828 2102/4238/828 2103/4237/828 2104/4236/828 2105/4235/828 2106/4234/828 2107/4233/828 

usemtl FrontColor
vt -3022.32 393.701
vn -0.848119 -7.35816e-17 -0.529806
vt -3210.74 393.701
vt -3210.74 374.016
vt -3022.32 374.016
f 1044/4274/829 2072/4275/829 2053/4276/829 1045/4277/829 

vt -2942.5 393.701
vn -0.723637 0 -0.690181
vt -3793.22 393.701
vt -3793.22 374.016
vt -2942.5 374.016
f 2072/4278/830 2107/4279/830 2054/4280/830 2053/4281/830 

vt -3470.21 393.701
vn -0.599 0 -0.800749
vt -4211.11 393.701
vt -4211.11 374.016
vt -3470.21 374.016
f 2107/4282/831 2106/4283/831 2055/4284/831 2054/4285/831 

usemtl D04_Dandelion_Burst
vt -4001.03 393.701
vn -0.527188 0 -0.849749
vt -4525.28 393.701
vt -4525.28 374.016
vt -4001.03 374.016
f 2106/4286/832 2105/4287/832 2056/4288/832 2055/4289/832 

vt -4094.91 393.701
vn -0.396532 0 -0.918021
vt -4584 393.701
vt -4584 374.016
vt -4094.91 374.016
f 2105/4290/833 2104/4291/833 2057/4292/833 2056/4293/833 

vt -4160.71 393.701
vn -0.282851 0 -0.959164
vt -4594.51 393.701
vt -4594.51 374.016
vt -4160.71 374.016
f 2104/4294/834 2103/4295/834 2058/4296/834 2057/4297/834 

vt -4486.01 393.701
vn -0.255529 0 -0.966801
vt -4967.93 393.701
vt -4967.93 374.016
vt -4486.01 374.016
f 2103/4298/835 2102/4299/835 2059/4300/835 2058/4301/835 

vt -4854.38 393.701
vn -0.227698 0 -0.973732
vt -5539.44 393.701
vt -5539.44 374.016
vt -4854.38 374.016
f 2102/4302/836 2101/4303/836 2060/4304/836 2059/4305/836 

vt -5620.44 393.701
vn -0.247504 0 -0.968887
vt -6287.35 393.701
vt -6287.35 374.016
vt -5620.44 374.016
f 2101/4306/837 2100/4307/837 2061/4308/837 2060/4309/837 

vt -5853.83 393.701
vn -0.147093 0 -0.989123
vt -6352.25 393.701
vt -6352.25 374.016
vt -5853.83 374.016
f 2100/4310/838 2099/4311/838 2062/4312/838 2061/4313/838 

vt -5786.47 393.701
vn -0.0320326 0 -0.999487
vt -6277.87 393.701
vt -6277.87 374.016
vt -5786.47 374.016
f 2099/4314/839 2098/4315/839 2063/4316/839 2062/4317/839 

vt -5103.4 393.701
vn 0.168442 0 -0.985712
vt -5620.09 393.701
vt -5620.09 374.016
vt -5103.4 374.016
f 2098/4318/840 2097/4319/840 2064/4320/840 2063/4321/840 

vt -4983.38 393.701
vn 0.261919 0 -0.96509
vt -5391.45 393.701
vt -5391.45 374.016
vt -4983.38 374.016
f 2097/4322/841 2096/4323/841 2065/4324/841 2064/4325/841 

vt -4537.22 393.701
vn 0.374294 0 -0.92731
vt -5000.54 393.701
vt -5000.54 374.016
vt -4537.22 374.016
f 2096/4326/842 2095/4327/842 2066/4328/842 2065/4329/842 

vt -4279.66 393.701
vn 0.459233 0 -0.888316
vt -4638.06 393.701
vt -4638.06 374.016
vt -4279.66 374.016
f 2095/4330/843 2094/4331/843 2067/4332/843 2066/4333/843 

vt -4261.67 393.701
vn 0.500365 0 -0.865815
vt -4579.27 393.701
vt -4579.27 374.016
vt -4261.67 374.016
f 2094/4334/844 2093/4335/844 2068/4336/844 2067/4337/844 

usemtl FrontColor
vt -4174.56 393.701
vn 0.542272 0 -0.840203
vt -4547.76 393.701
vt -4547.76 374.016
vt -4174.56 374.016
f 2093/4338/845 2092/4339/845 2069/4340/845 2068/4341/845 

vt -4022.4 393.701
vn 0.593246 0 -0.805021
vt -4380.21 393.701
vt -4380.21 374.016
vt -4022.4 374.016
f 2092/4342/846 2091/4343/846 2070/4344/846 2069/4345/846 

vt -4298.73 393.701
vn 0.60082 0 -0.799385
vt -4606.5 393.701
vt -4606.5 374.016
vt -4298.73 374.016
f 2091/4346/847 2071/4347/847 2033/4348/847 2070/4349/847 

v 13.4056 8 -69.4279
vt -2597.85 393.701
vn -0.848119 7.71677e-16 -0.529806
v 13.4056 7.5 -69.4279
vt -2597.85 374.016
f 2108/4350/848 1044/4274/848 1045/4277/848 2109/4351/848 

v 18.021 8 -70.1282
vt 709.488 2760.95
vn 9.57105e-15 1 -3.73147e-15
vt 527.779 2733.38
v 10.2792 8 -51.4876
vt 404.695 2027.07
v 11.9493 8 -38.899
vt 470.447 1531.46
v 18.7501 8 -25.1599
vt 738.191 990.548
v 23.737 8 -17.4614
vt 934.529 687.458
vt 1240.75 -1.46908e-12
vt 1386.57 -1.47087e-12
v 26.5266 8 -19.5135
vt 1044.35 768.247
v 21.7794 8 -27.212
vt 857.456 1071.34
v 16.3313 8 -40.8285
vt 642.963 1607.42
v 15.3156 8 -54.064
vt 602.977 2128.5
f 2110/4352/849 1043/4254/849 1044/4231/849 2108/4353/849 2111/4354/849 2112/4355/849 2113/4356/849 2114/4357/849 123/4358/849 122/4359/849 2115/4360/849 2116/4361/849 2117/4362/849 2118/4363/849 

v 18.021 8.5 -70.1282
vt -2705.73 413.386
vn -0.840946 7.16774e-16 -0.54112
vt -3059.72 413.386
vt -3059.72 393.701
vt -2705.73 393.701
f 2119/4364/850 1042/4365/850 1043/4366/850 2110/4367/850 

v 22.6364 8.5 -70.8285
vt 891.197 2788.52
vn 7.39936e-15 1 -2.88671e-15
vt 1048.1 3024.2
v 15.3156 8.5 -54.064
v 16.3313 8.5 -40.8285
v 21.7794 8.5 -27.212
v 26.5266 8.5 -19.5135
vt 1386.57 -1.19333e-12
vt 1520.23 -1.19485e-12
v 38.6422 8.5 -0.394226
vt 1521.35 15.5207
v 36.1865 8.5 -6.10998
vt 1424.66 240.55
v 29.3458 8.5 -20.2726
vt 1155.35 798.134
v 25.2044 8.5 -29.7704
vt 992.298 1172.06
v 20.7132 8.5 -42.7579
vt 815.479 1683.38
v 20.352 8.5 -56.6404
vt 801.259 2229.94
f 2120/4368/851 1041/4369/851 1042/4254/851 2119/4352/851 2121/4363/851 2122/4362/851 2123/4361/851 2124/4360/851 121/4370/851 120/4371/851 2125/4372/851 2126/4373/851 2127/4374/851 2128/4375/851 2129/4376/851 2130/4377/851 

v 22.6364 9 -70.8285
vt -2815.04 433.071
vn -0.832399 -5.29612e-16 -0.554177
vt -3098.17 433.071
vt -3098.17 413.386
vt -2815.04 413.386
f 2131/4378/852 1040/4379/852 1041/4380/852 2120/4381/852 

v 27.2518 9 -71.5288
vt 1072.91 2816.09
vn 5.6771e-15 1 -2.00446e-15
vt 1190.85 2990.77
v 20.352 9 -56.6404
v 20.7132 9 -42.7579
v 25.2044 9 -29.7704
v 29.3458 9 -20.2726
v 36.1865 9 -6.10998
v 38.6422 9 -0.394226
vt 1520.23 -8.68073e-13
vt 1574.32 -8.68073e-13
v 40.7245 9 -1.98443
vt 1603.33 78.1273
v 40.4134 9 -3.86752
vt 1591.08 152.265
v 36.4881 9 -13.3669
vt 1436.54 526.257
v 31.5914 9 -23.6936
vt 1243.76 932.819
v 28.3005 9 -32.7209
vt 1114.19 1288.22
v 25.0951 9 -44.6874
vt 987.996 1759.35
v 25.3883 9 -59.2168
vt 999.541 2331.37
f 2132/4382/853 1039/4383/853 1040/4369/853 2131/4368/853 2133/4377/853 2134/4376/853 2135/4375/853 2136/4374/853 2137/4373/853 2138/4372/853 119/4384/853 118/4385/853 2139/4386/853 2140/4387/853 2141/4388/853 2142/4389/853 2143/4390/853 2144/4391/853 2145/4392/853 

v 27.2518 9.5 -71.5288
vt -2934.26 452.756
vn -0.828752 1.9025e-16 -0.559616
vt -3145.03 452.756
vt -3145.03 433.071
vt -2934.26 433.071
f 2146/4393/854 1038/4394/854 1039/4395/854 2132/4396/854 

v 31.8672 9.5 -72.2291
vt 1254.61 2843.66
vn 1.50965e-14 1 -3.4889e-15
v 25.3883 9.5 -59.2168
v 25.0951 9.5 -44.6874
v 28.3005 9.5 -32.7209
v 31.5914 9.5 -23.6936
v 36.4881 9.5 -13.3669
v 40.4134 9.5 -3.86752
v 40.7245 9.5 -1.98443
vt 1574.32 -1.57962e-12
vt 1628.4 -1.58037e-12
v 42.7489 9.5 -3.73682
vt 1683.03 147.119
v 42.163 9.5 -7.2828
vt 1659.96 286.725
v 37.9125 9.5 -18.1194
vt 1492.62 713.362
v 33.837 9.5 -27.1146
vt 1332.17 1067.5
v 31.3967 9.5 -35.6714
vt 1236.09 1404.38
v 29.477 9.5 -46.6169
vt 1160.51 1835.31
v 30.4247 9.5 -61.7932
vt 1197.82 2432.8
f 2147/4397/855 1037/2752/855 1038/4383/855 2146/4382/855 2148/4392/855 2149/4391/855 2150/4390/855 2151/4389/855 2152/4388/855 2153/4387/855 2154/4386/855 117/4398/855 116/4399/855 2155/4400/855 2156/4401/855 2157/4402/855 2158/4403/855 2159/4404/855 2160/4405/855 2161/4406/855 

v 31.8672 10 -72.2291
vt -3095.41 472.441
vn -0.874677 -1.92987e-16 -0.484706
vt -3229.16 472.441
vt -3229.16 452.756
vt -3095.41 452.756
f 2162/4407/856 1036/4408/856 1037/4409/856 2147/4410/856 

v 36.3829 10 -72.2458
vt 1432.4 2844.32
vn 1.16721e-14 1 -2.61479e-15
v 30.4247 10 -61.7932
v 29.477 10 -46.6169
v 31.3967 10 -35.6714
v 33.837 10 -27.1146
v 37.9125 10 -18.1194
v 42.163 10 -7.2828
v 42.7489 10 -3.73682
vt 1628.4 -1.23533e-12
vt 1682.48 -1.23533e-12
v 43.4031 10 -9.32579
vt 1708.78 367.157
v 39.8022 10 -22.2078
vt 1567.02 874.323
v 37.6163 10 -27.0925
vt 1480.96 1066.63
v 35.2598 10 -36.9003
vt 1388.18 1452.77
v 34.2174 10 -47.5147
vt 1347.14 1870.66
v 35.4112 10 -64.0279
vt 1394.14 2520.78
f 2163/4411/857 1035/2626/857 1036/2752/857 2162/4397/857 2164/4406/857 2165/4405/857 2166/4404/857 2167/4403/857 2168/4402/857 2169/4401/857 2170/4400/857 115/4412/857 114/4413/857 2171/4414/857 2172/4415/857 2173/4416/857 2174/4417/857 2175/4418/857 2176/4419/857 

v 36.3829 10.5 -72.2458
vt -3074.85 492.126
vn -0.979431 -4.42044e-18 -0.201777
vt -3074.85 472.441
f 2177/4420/858 1034/2645/858 1035/2648/858 2163/4421/858 

v 58.7777 10.5 -63.3352
vt 2314.08 2493.51
vn 3.34537e-15 1 -8.73229e-16
v 35.4112 10.5 -64.0279
v 34.2174 10.5 -47.5147
v 35.2598 10.5 -36.9003
v 37.6163 10.5 -27.0925
v 39.8022 10.5 -22.2078
v 43.4031 10.5 -9.32579
vt 1682.48 -4.29739e-13
vt 1736.56 -4.29739e-13
v 44.9901 10.5 -12.303
vt 1771.26 484.369
v 40.2396 10.5 -29.2975
vt 1584.24 1153.44
v 38.8374 10.5 -32.8132
vt 1529.03 1291.86
v 37.4353 10.5 -38.3337
vt 1473.83 1509.2
v 37.2025 10.5 -42.5983
vt 1464.66 1677.1
v 40.0213 10.5 -50.1209
vt 1575.64 1973.27
v 46.4396 10.5 -56.2021
vt 1828.33 2212.68
f 2178/4422/859 1033/2608/859 1034/2626/859 2177/4411/859 2179/4419/859 2180/4418/859 2181/4417/859 2182/4416/859 2183/4415/859 2184/4414/859 113/4423/859 112/4424/859 2185/4425/859 2186/4426/859 2187/4427/859 2188/4428/859 2189/4429/859 2190/4430/859 2191/4431/859 

v 58.7777 11 -63.3352
vt -3312.54 511.811
vn -0.558894 3.69577e-16 -0.829239
vt -3623.55 511.811
vt -3623.55 492.126
vt -3312.54 492.126
f 2192/4432/860 1032/4433/860 1033/4434/860 2178/4435/860 

v 67.3048 11 -60.4215
vt 2649.79 2378.8
vn 2.22493e-15 1 3.22938e-16
v 46.4396 11 -56.2021
v 40.0213 11 -50.1209
v 37.2025 11 -42.5983
v 37.4353 11 -38.3337
v 38.8374 11 -32.8132
v 40.2396 11 -29.2975
v 44.9901 11 -12.303
vt 1736.56 1.65283e-13
vt 1790.65 1.65283e-13
v 46.8756 11 -14.444
vt 1845.5 568.661
v 49.2593 11 -39.9774
vt 1939.34 1573.91
f 2193/4436/861 1031/2575/861 1032/2608/861 2192/4422/861 2194/4431/861 2195/4430/861 2196/4429/861 2197/4428/861 2198/4427/861 2199/4426/861 2200/4425/861 111/4437/861 110/4438/861 2201/4439/861 2202/4440/861 

v 67.3048 11.5 -60.4215
vt -3509.41 531.496
vn -0.78447 2.46783e-16 -0.620167
vt -3800.16 531.496
vt -3800.16 511.811
vt -3509.41 511.811
f 2203/4441/862 1030/4442/862 1031/4443/862 2193/4444/862 

v 68.5183 11.5 -58.9681
vt 2697.57 2321.58
vn 3.4013e-15 1 7.78966e-16
v 49.2593 11.5 -39.9774
v 46.8756 11.5 -14.444
vt 1790.65 4.14017e-13
vt 1844.73 4.14017e-13
v 49.0565 11.5 -15.7583
vt 1931.36 620.405
v 51.4783 11.5 -39.858
vt 2026.7 1569.21
f 2204/4445/863 1029/2546/863 1030/2575/863 2203/4436/863 2205/4440/863 2206/4439/863 109/4446/863 108/4447/863 2207/4448/863 2208/4449/863 

v 68.5183 12 -58.9681
vt -3505.3 551.181
vn -0.773661 3.12912e-16 -0.633599
vt -3848.39 551.181
vt -3848.39 531.496
vt -3505.3 531.496
f 2209/4450/864 1028/4451/864 1029/4452/864 2204/4453/864 

v 69.7318 12 -57.5148
vt 2745.35 2264.36
vn 6.13347e-15 1 1.81505e-15
v 51.4783 12 -39.858
v 49.0565 12 -15.7583
vt 1844.73 1.00042e-12
vt 1898.81 1.00042e-12
v 51.2373 12 -17.0726
vt 2017.22 672.149
v 53.6973 12 -39.7387
vt 2114.07 1564.51
f 2210/4454/865 1027/2484/865 1028/2546/865 2209/4445/865 2211/4449/865 2212/4448/865 107/4455/865 106/4456/865 2213/4457/865 2214/4458/865 

v 69.7318 12.5 -57.5148
vt -3503.39 570.866
vn -0.761874 -6.69136e-16 -0.647725
vt -3900.05 570.866
vt -3900.05 551.181
vt -3503.39 551.181
f 2215/4459/866 1026/4460/866 1027/4461/866 2210/4462/866 

v 70.9453 12.5 -56.0615
vt 2793.12 2207.14
vn 5.58444e-15 1 1.83337e-15
v 53.6973 12.5 -39.7387
v 51.2373 12.5 -17.0726
vt 1898.81 1.04661e-12
vt 1952.89 1.04661e-12
v 53.4181 12.5 -18.3869
vt 2103.08 723.892
v 55.9163 12.5 -39.6193
vt 2201.43 1559.82
f 2216/4463/867 1025/2455/867 1026/2484/867 2215/4454/867 2217/4458/867 2218/4457/867 105/4464/867 104/4465/867 2219/4466/867 2220/4467/867 

v 70.9453 13 -56.0615
vt -3503.8 590.551
vn -0.748993 6.7901e-16 -0.662578
vt -3955.49 590.551
vt -3955.49 570.866
vt -3503.8 570.866
f 2221/4468/868 1024/4469/868 1025/4470/868 2216/4471/868 

v 75.8043 13 -59.4504
vt 2984.42 2340.57
vn 1.74341e-14 1 1.42559e-14
v 55.9163 13 -39.6193
v 55.6985 13 -37.7683
vt 2192.85 1486.94
v 62.1341 13 -45.198
vt 2446.23 1779.45
f 2222/4472/869 1023/2371/869 1024/2455/869 2221/4463/869 2223/4467/869 2224/4473/869 2225/4474/869 

v 75.8043 13.5 -59.4504
vt -3792.39 610.236
vn -0.627989 4.40968e-16 -0.778222
vt -3792.39 590.551
f 2226/4475/870 1022/2383/870 1023/2386/870 2222/4476/870 

v 77.8979 13.5 -58.3354
vt 3066.85 2296.67
vn 5.04289e-15 1 1.71558e-15
v 62.1341 13.5 -45.198
v 53.123 13.5 -34.7949
vt 2091.46 1369.88
v 55.599 13.5 -19.7012
vt 2188.94 775.636
vt 2006.98 1.04691e-12
vt 2061.06 1.04691e-12
v 57.7798 13.5 -21.0155
vt 2274.8 827.38
v 55.9359 13.5 -35.233
vt 2202.2 1387.13
v 64.5354 13.5 -44.8596
vt 2540.76 1766.13
f 2227/4477/871 1021/2349/871 1022/2371/871 2226/4472/871 2228/4474/871 2229/4478/871 2230/4479/871 101/4480/871 100/4481/871 2231/4482/871 2232/4483/871 2233/4484/871 

v 77.8979 14 -58.3354
vt -3830.42 629.921
vn -0.618099 8.7915e-17 -0.7861
vt -4148.02 629.921
vt -4148.02 610.236
vt -3830.42 610.236
f 2234/4485/872 1020/4486/872 1021/4487/872 2227/4488/872 

v 79.9915 14 -57.2205
vt 3149.27 2252.78
vn 4.59634e-15 1 1.7614e-15
v 64.5354 14 -44.8596
v 55.9359 14 -35.233
v 57.7798 14 -21.0155
vt 2061.06 1.10955e-12
vt 2115.14 1.10955e-12
v 59.9606 14 -22.3297
vt 2360.66 879.124
v 58.7487 14 -35.6711
vt 2312.94 1404.37
v 66.9366 14 -44.5212
vt 2635.3 1752.8
f 2235/4489/873 1019/2270/873 1020/2349/873 2234/4477/873 2236/4484/873 2237/4483/873 2238/4482/873 99/4490/873 98/4491/873 2239/4492/873 2240/4493/873 2241/4494/873 

v 79.9915 14.5 -57.2205
vt -3869.91 649.606
vn -0.608669 5.46922e-16 -0.793424
vt -3869.91 629.921
f 2242/4495/874 1018/2281/874 1019/2284/874 2235/4496/874 

v 82.0851 14.5 -56.1056
vt 3231.7 2208.88
vn 3.51662e-15 1 1.5904e-15
v 66.9366 14.5 -44.5212
v 58.7487 14.5 -35.6711
v 59.9606 14.5 -22.3297
vt 2115.14 1.03313e-12
vt 2169.23 1.03313e-12
v 62.1415 14.5 -23.644
vt 2446.52 930.868
v 61.5616 14.5 -36.1092
vt 2423.69 1421.62
v 69.3378 14.5 -44.1828
vt 2729.84 1739.48
f 2243/4497/875 1017/2191/875 1018/2270/875 2242/4489/875 2244/4494/875 2245/4493/875 2246/4492/875 97/4498/875 96/4499/875 2247/4500/875 2248/4501/875 2249/4502/875 

v 82.0851 15 -56.1056
vt -3910.76 669.291
vn -0.599671 4.59498e-16 -0.800247
vt -3910.76 649.606
f 2250/4503/876 1016/2213/876 1017/2216/876 2243/4504/876 

v 84.1787 15 -54.9907
vt 3314.12 2164.99
vn 1.39945e-15 1 6.27886e-16
v 69.3378 15 -44.1828
v 61.5616 15 -36.1092
v 62.1415 15 -23.644
vt 2169.23 4.20239e-13
vt 2223.31 4.20239e-13
v 64.3223 15 -24.9583
vt 2532.37 982.611
v 64.3745 15 -36.5473
vt 2534.43 1438.87
v 71.7391 15 -43.8443
vt 2824.37 1726.16
f 2251/4505/877 1015/2192/877 1016/2191/877 2250/4497/877 2252/4502/877 2253/4501/877 2254/4500/877 95/4506/877 94/4507/877 2255/4508/877 2256/4509/877 2257/4510/877 

v 84.1787 15.5 -54.9907
vt -3952.9 688.976
vn -0.59108 -2.60608e-16 -0.806613
vt -4374.13 688.976
vt -4374.13 669.291
vt -3952.9 669.291
f 2258/4511/878 1014/4512/878 1015/4513/878 2251/4514/878 

v 83.1891 15.5 -51.7322
vt 3275.16 2036.7
vn 2.2771e-15 1 9.55329e-16
v 71.7391 15.5 -43.8443
v 64.3745 15.5 -36.5473
v 64.3223 15.5 -24.9583
vt 2223.31 6.58199e-13
vt 2277.39 6.58199e-13
v 66.5032 15.5 -26.2726
vt 2618.23 1034.36
v 67.1874 15.5 -36.9854
vt 2645.17 1456.12
v 73.1126 15.5 -42.7914
vt 2878.45 1684.7
f 2259/4515/879 1013/2111/879 1014/2192/879 2258/4505/879 2260/4510/879 2261/4509/879 2262/4508/879 93/4516/879 92/4517/879 2263/4518/879 2264/4519/879 2265/4520/879 

v 83.1891 16 -51.7322
vt -3848.71 708.661
vn -0.581916 -4.73177e-16 -0.813249
vt -3848.71 688.976
f 2266/4521/880 1012/2120/880 1013/2123/880 2259/4522/880 

vn 3.62979e-15 1 1.76278e-15
v 73.1126 16 -42.7914
v 67.1874 16 -36.9854
v 66.5032 16 -26.2726
vt 2277.39 1.24922e-12
vt 2331.47 1.24922e-12
v 68.684 16 -27.5869
v 70.0002 16 -37.4235
v 74.2031 16 -41.5418
v 81.3505 16 -47.8836
f 1131/2049/881 1011/2000/881 1012/2111/881 2266/4515/881 2267/4520/881 2268/4519/881 2269/4518/881 91/4523/881 90/4524/881 2270/2053/881 2271/2052/881 2272/2051/881 2273/2050/881 

vt -3271.21 708.661
vn -0.663696 0 -0.748002
vt -3801.58 708.661
vt -3801.58 688.976
vt -3271.21 688.976
f 2267/4525/882 2266/4526/882 2259/4527/882 2265/4528/882 

vt -2908.44 708.661
vn -0.69989 0 -0.714251
vt -3235.04 708.661
vt -3235.04 688.976
vt -2908.44 688.976
f 2268/4529/883 2267/4530/883 2265/4531/883 2264/4532/883 

vt -1199.13 708.661
vn -0.997967 0 -0.0637387
vt -1621.76 708.661
vt -1621.76 688.976
vt -1199.13 688.976
f 2269/4533/884 2268/4534/884 2264/4535/884 2263/4536/884 

vt -712.752 708.661
vn -0.949763 0 -0.312969
vt -1801.82 708.661
vt -1801.82 688.976
vt -712.752 688.976
f 91/4537/885 2269/4538/885 2263/4539/885 92/4540/885 

vt -756.596 728.346
vn -0.945881 0 -0.324514
vt -1904.84 728.346
vt -1904.84 708.661
vt -756.596 708.661
f 89/4541/886 1126/4542/886 2270/4543/886 90/4544/886 

vt -1435.15 728.346
vn -0.991166 2.9983e-33 -0.13263
vt -1825.86 728.346
vt -1825.86 708.661
vt -1435.15 708.661
f 1126/4545/887 1125/4546/887 2271/4547/887 2270/4548/887 

vt -2999.61 728.346
vn -0.69989 1.10232e-32 -0.714251
vt -3231.27 728.346
vt -3231.27 708.661
vt -2999.61 708.661
f 1125/4549/888 1124/4550/888 2272/4551/888 2271/4552/888 

vt -3270.68 728.346
vn -0.663696 1.14676e-32 -0.748002
vt -3646.87 728.346
vt -3646.87 708.661
vt -3270.68 708.661
f 1124/4553/889 1123/4554/889 2273/4555/889 2272/4556/889 

vt -3706.93 728.346
vn -0.567465 1.24433e-32 -0.823398
vt -4278.43 728.346
vt -4278.43 708.661
vt -3706.93 708.661
f 1123/4557/890 1122/4558/890 1131/4559/890 2273/4560/890 

usemtl D04_Dandelion_Burst
vn -3.55245e-18 1 2.08571e-15
v 175.034 15.5 -58.1022
v 166.031 15.5 -69.8342
v 160.664 15.5 -76.3786
v 157.286 15.5 -79.9352
v 151.408 15.5 -80.7828
v 142.75 15.5 -80.5954
v 127.112 15.5 -79.015
v 119.066 15.5 -78.0082
v 111.027 15.5 -74.6372
v 101.929 15.5 -67.9978
f 1156/2112/891 927/1982/891 926/2178/891 2274/2202/891 2275/2201/891 2276/2200/891 2277/2199/891 2278/2198/891 2279/2197/891 2280/2196/891 2281/2195/891 2282/2194/891 2283/2193/891 1014/2192/891 1013/2111/891 1148/2110/891 1149/2119/891 1150/2118/891 1151/2117/891 1152/2116/891 1153/2115/891 1154/2114/891 1155/2113/891 

usemtl FrontColor
vt -2525.88 688.976
vn 0.780201 -1.07719e-16 -0.625529
vt -2610.87 688.976
vt -2610.87 669.291
vt -2525.88 669.291
f 2274/4561/892 926/4562/892 925/4563/892 1177/4564/892 

usemtl A06_Ruby_Spark
vn 0.780201 -3.43587e-17 -0.625529
vt -3122.73 688.976
vt -3122.73 669.291
f 926/4562/893 1162/4565/893 1166/4566/893 925/4563/893 

usemtl FrontColor
vt -3056.45 688.976
vn 0.786241 4.12202e-29 -0.61792
vt -3367.19 688.976
vt -3367.19 669.291
vt -3056.45 669.291
f 1162/4567/894 1161/4568/894 1163/4569/894 1166/4570/894 

usemtl D04_Dandelion_Burst
vt -1798.31 688.976
vn 0.793328 4.65501e-16 -0.608795
vt -2380.53 688.976
vt -2380.53 669.291
vt -1798.31 669.291
f 2275/4571/895 2274/4572/895 1177/4573/895 1176/4574/895 

vt -1685.85 688.976
vn 0.773238 8.46012e-29 -0.634116
vt -2019.07 688.976
vt -2019.07 669.291
vt -1685.85 669.291
f 2276/4575/896 2275/4576/896 1176/4577/896 1175/4578/896 

vt -1982.39 688.976
vn 0.725102 -2.12734e-16 -0.688642
vt -2175.5 688.976
vt -2175.5 669.291
vt -1982.39 669.291
f 2277/4579/897 2276/4580/897 1175/4581/897 1174/4582/897 

usemtl FrontColor
vt -5446.02 688.976
vn 0.142714 -2.64101e-28 -0.989764
vt -5679.85 688.976
vt -5679.85 669.291
vt -5446.02 669.291
f 2278/4583/898 2277/4584/898 1174/4585/898 1173/4586/898 

vt -5687.44 688.976
vn -0.0216402 -1.33385e-28 -0.999766
vt -6028.36 688.976
vt -6028.36 669.291
vt -5687.44 669.291
f 2279/4587/899 2278/4588/899 1173/4589/899 1172/4590/899 

vt -5291.82 688.976
vn -0.100546 -1.3274e-28 -0.994932
vt -5910.65 688.976
vt -5910.65 669.291
vt -5291.82 669.291
f 2280/4591/900 2279/4592/900 1172/4593/900 1171/4594/900 

vt -5032.7 688.976
vn -0.124168 -7.27786e-17 -0.992261
vt -5351.94 688.976
vt -5351.94 669.291
vt -5032.7 669.291
f 2281/4595/901 2280/4596/901 1171/4597/901 1170/4598/901 

vt -5167.39 688.976
vn -0.386697 0 -0.922207
vt -5510.59 688.976
vt -5510.59 669.291
vt -5167.39 669.291
f 2282/4599/902 2281/4600/902 1170/4601/902 1169/4602/902 

vt -4819.67 688.976
vn -0.589493 -8.19874e-16 -0.807773
vt -5263.09 688.976
vt -5263.09 669.291
vt -4819.67 669.291
f 2283/4603/903 2282/4604/903 1169/4605/903 1168/4606/903 

vn -0.59108 8.54304e-16 -0.806613
vt -4819.26 688.976
vt -4819.26 669.291
f 1014/4512/904 2283/4607/904 1168/4608/904 1015/4513/904 

vt -3255.4 688.976
vn -0.66733 0 -0.744762
vt -3913 688.976
vt -3913 669.291
vt -3255.4 669.291
f 2260/4609/905 2258/4610/905 2251/4611/905 2257/4612/905 

vt -2813.08 688.976
vn -0.703843 0 -0.710355
vt -3221.25 688.976
vt -3221.25 669.291
vt -2813.08 669.291
f 2261/4613/906 2260/4614/906 2257/4615/906 2256/4616/906 

vt -994.001 688.976
vn -0.99999 0 -0.00450138
vt -1450.26 688.976
vt -1450.26 669.291
vt -994.001 669.291
f 2262/4617/907 2261/4618/907 2256/4619/907 2255/4620/907 

vt -667.09 688.976
vn -0.953925 0 -0.300044
vt -1697.16 688.976
vt -1697.16 669.291
vt -667.09 669.291
f 93/4621/908 2262/4622/908 2255/4623/908 94/4624/908 

vt -3181.91 669.291
vn -0.683094 0 -0.73033
vt -3869.08 669.291
vt -3869.08 649.606
vt -3181.91 649.606
f 2252/4625/909 2250/4626/909 2243/4627/909 2249/4628/909 

vt -2705.27 669.291
vn -0.720246 0 -0.693719
vt -3146.59 669.291
vt -3146.59 649.606
vt -2705.27 649.606
f 2253/4629/910 2252/4630/910 2249/4631/910 2248/4632/910 

vt -816.174 669.291
vn -0.99892 0 0.0464694
vt -1307.46 669.291
vt -1307.46 649.606
vt -816.174 649.606
f 2254/4633/911 2253/4634/911 2248/4635/911 2247/4636/911 

vt -619.283 669.291
vn -0.958383 0 -0.285486
vt -1590.57 669.291
vt -1590.57 649.606
vt -619.283 649.606
f 95/4637/912 2254/4638/912 2247/4639/912 96/4640/912 

vt -3111.18 649.606
vn -0.697277 0 -0.716802
vt -3828.21 649.606
vt -3828.21 629.921
vt -3111.18 629.921
f 2244/4641/913 2242/4642/913 2235/4643/913 2241/4644/913 

vt -2601.6 649.606
vn -0.734036 0 -0.67911
vt -3076.28 649.606
vt -3076.28 629.921
vt -2601.6 629.921
f 2245/4645/914 2244/4646/914 2241/4647/914 2240/4648/914 

vt -661.958 649.606
vn -0.995899 0 0.0904666
vt -1189.37 649.606
vt -1189.37 629.921
vt -661.958 629.921
f 2246/4649/915 2245/4650/915 2240/4651/915 2239/4652/915 

vt -568.926 649.606
vn -0.963146 0 -0.268978
vt -1481.69 649.606
vt -1481.69 629.921
vt -568.926 629.921
f 97/4653/916 2246/4654/916 2239/4655/916 98/4656/916 

vt -3043.09 629.921
vn -0.710085 2.64492e-32 -0.704116
vt -3790.25 629.921
vt -3790.25 610.236
vt -3043.09 610.236
f 2236/4657/917 2234/4658/917 2227/4659/917 2233/4660/917 

vt -2501.59 629.921
vn -0.745771 2.45897e-32 -0.666202
vt -3009.79 629.921
vt -3009.79 610.236
vt -2501.59 610.236
f 2237/4661/918 2236/4662/918 2233/4663/918 2232/4664/918 

vt -527.927 629.921
vn -0.991694 -1.1435e-32 0.128619
vt -1092.36 629.921
vt -1092.36 610.236
vt -527.927 610.236
f 2238/4665/919 2237/4666/919 2232/4667/919 2231/4668/919 

vt -515.507 629.921
vn -0.968216 0 -0.250117
vt -1370.05 629.921
vt -1370.05 610.236
vt -515.507 610.236
f 99/4669/920 2238/4670/920 2231/4671/920 100/4672/920 

vn -0.618099 -5.44705e-16 -0.7861
vt -4627.9 629.921
vt -4627.9 610.236
f 1020/4486/921 1235/4673/921 1243/4674/921 1021/4487/921 

usemtl D04_Dandelion_Burst
vt -4628.36 629.921
vn -0.591869 -7.89648e-29 -0.806034
vt -5179.47 629.921
vt -5179.47 610.236
vt -4628.36 610.236
f 1235/4675/922 1234/4676/922 1244/4677/922 1243/4678/922 

vt -5173.25 629.921
vn -0.560459 -1.10493e-28 -0.828182
vt -5671.75 629.921
vt -5671.75 610.236
vt -5173.25 610.236
f 1234/4679/923 1233/4680/923 1245/4681/923 1244/4682/923 

vt -5351.92 629.921
vn -0.296039 0 -0.955176
vt -5788.19 629.921
vt -5788.19 610.236
vt -5351.92 610.236
f 1233/4683/924 1232/4684/924 1246/4685/924 1245/4686/924 

vt -5454.73 629.921
vn -0.155358 1.44911e-16 -0.987858
vt -5861.04 629.921
vt -5861.04 610.236
vt -5454.73 610.236
f 1232/4687/925 1231/4688/925 1247/4689/925 1246/4690/925 

vt -5448.58 629.921
vn -0.0225946 1.20579e-29 -0.999745
vt -5986.07 629.921
vt -5986.07 610.236
vt -5448.58 610.236
f 1231/4691/926 1230/4692/926 1248/4693/926 1247/4694/926 

vt -4984.88 629.921
vn 0.216902 0 -0.976193
vt -5424.5 629.921
vt -5424.5 610.236
vt -4984.88 610.236
f 1230/4695/927 1229/4696/927 1249/4697/927 1248/4698/927 

vt -4069.06 629.921
vn 0.451749 -2.61742e-16 -0.892145
vt -4411.07 629.921
vt -4411.07 610.236
vt -4069.06 610.236
f 1229/4699/928 1228/4700/928 1250/4701/928 1249/4702/928 

vt -2251.86 629.921
vn 0.714569 3.8134e-28 -0.699565
vt -2641.93 629.921
vt -2641.93 610.236
vt -2251.86 610.236
f 1228/4703/929 1227/4704/929 1251/4705/929 1250/4706/929 

usemtl FrontColor
vt -1936.36 629.921
vn 0.779531 8.3567e-29 -0.626364
vt -2290.29 629.921
vt -2290.29 610.236
vt -1936.36 610.236
f 1227/4707/930 1226/4708/930 1236/4709/930 1251/4710/930 

vt -2977.53 610.236
vn -0.721692 -9.31279e-33 -0.692214
vt -3755.03 610.236
vt -3755.03 590.551
vt -2977.53 590.551
f 2228/4711/931 2226/4712/931 2222/4713/931 2225/4714/931 

vt -2404.78 610.236
vn -0.755865 -1.96153e-15 -0.654727
vt -2946.63 610.236
vt -2946.63 590.551
vt -2559.65 590.551
v 53.123 13 -34.7949
vt -2404.78 590.551
f 2229/4715/932 2228/4716/932 2225/4717/932 2224/4718/932 2284/4719/932 

vt -2091.46 1369.88
vn 9.73064e-15 -1 1.14488e-15
vt -2192.85 1486.94
v 54.4191 13 -26.8939
vt -2142.48 1058.82
f 2284/4720/933 2224/4721/933 2285/4722/933

vt -1732.99 590.551
vn -0.993149 -1.27685e-15 -0.116851
vt -1806.37 590.551
vt -1806.37 570.866
vt -964.681 570.866
v 53.4181 13 -18.3869
vt -964.681 590.551
vt -1301.92 590.551
f 2224/4723/934 2223/4724/934 2220/4725/934 2219/4726/934 2286/4727/934 2285/4728/934 

vt -2636.57 590.551
vn -0.738115 2.178e-32 -0.674675
vt -3513.57 590.551
vt -3513.57 570.866
vt -2636.57 570.866
f 2223/4729/935 2221/4730/935 2216/4731/935 2220/4732/935 

vt -396.708 590.551
vn -0.97915 0 -0.203138
vt -1136.01 590.551
vt -1136.01 570.866
vt -396.708 570.866
f 103/4733/936 2286/4734/936 2219/4735/936 104/4736/936 

vt 1952.89 1.70726e-12
vn 1.61829e-14 1 2.89097e-15
vt 2006.98 1.70726e-12
v 55.599 13 -19.7012
vt 2142.48 1058.82
f 103/4737/937 102/4738/937 2287/4479/937 2285/4739/937 2286/4466/937 

vt -458.378 610.236
vn -0.973569 0 -0.228392
vt -1255.07 610.236
vt -1255.07 590.551
vt -458.378 590.551
f 101/4740/938 2230/4741/938 2287/4742/938 102/4743/938 

vt -411.066 610.236
vn -0.986811 4.2074e-15 0.161878
vt -1013.25 610.236
vt -1013.25 590.551
vt -698.031 590.551
vt -411.066 590.551
f 2230/4744/939 2229/4745/939 2284/4746/939 2285/4747/939 2287/4748/939 

vn -0.748993 2.15838e-16 -0.662578
vt -4125.5 590.551
vt -4125.5 570.866
f 1024/4469/940 1287/4749/940 1305/4750/940 1025/4470/940 

usemtl D04_Dandelion_Burst
vt -4173.26 590.551
vn -0.639024 -9.02671e-16 -0.769187
vt -4889.5 590.551
vt -4889.5 570.866
vt -4173.26 570.866
f 1287/4751/941 1286/4752/941 1306/4753/941 1305/4754/941 

vt -4885.87 590.551
vn -0.610146 7.1603e-16 -0.792289
vt -5587.48 590.551
vt -5587.48 570.866
vt -4885.87 570.866
f 1286/4755/942 1285/4756/942 1307/4757/942 1306/4758/942 

vt -5438.07 590.551
vn -0.440191 0 -0.897904
vt -5965.46 590.551
vt -5965.46 570.866
vt -5438.07 570.866
f 1285/4759/943 1284/4760/943 1308/4761/943 1307/4762/943 

vt -5493.93 590.551
vn -0.216993 2.86394e-16 -0.976173
vt -6069.79 590.551
vt -6069.79 570.866
vt -5493.93 570.866
f 1284/4763/944 1283/4764/944 1309/4765/944 1308/4766/944 

vt -5478.93 590.551
vn -0.0343634 1.33337e-28 -0.999409
vt -5977.67 590.551
vt -5977.67 570.866
vt -5478.93 570.866
f 1283/4767/945 1282/4768/945 1310/4769/945 1309/4770/945 

vt -4780.91 590.551
vn 0.230712 0 -0.973022
vt -5211.6 590.551
vt -5211.6 570.866
vt -4780.91 570.866
f 1282/4771/946 1281/4772/946 1311/4773/946 1310/4774/946 

vt -3913.73 590.551
vn 0.443692 5.25851e-16 -0.896179
vt -4441.3 590.551
vt -4441.3 570.866
vt -3913.73 570.866
f 1281/4775/947 1280/4776/947 1312/4777/947 1311/4778/947 

vt -2826.27 590.551
vn 0.645117 0 -0.764084
vt -3355.92 590.551
vt -3355.92 570.866
vt -2826.27 570.866
f 1280/4779/948 1279/4780/948 1313/4781/948 1312/4782/948 

usemtl FrontColor
vt -3190.32 590.551
vn 0.662674 3.88837e-16 -0.748908
vt -3487.42 590.551
vt -3487.42 570.866
vt -3190.32 570.866
f 1279/4783/949 1278/4784/949 1314/4785/949 1313/4786/949 

vt -2405.23 590.551
vn 0.764709 1.8905e-16 -0.644376
vt -2578.26 590.551
vt -2578.26 570.866
vt -2405.23 570.866
f 1278/4787/950 1277/4788/950 1288/4789/950 1314/4790/950 

vt -2577.71 570.866
vn -0.742547 -1.95879e-34 -0.669794
vt -3520.21 570.866
vt -3520.21 551.181
vt -2577.71 551.181
f 2217/4791/951 2215/4792/951 2210/4793/951 2214/4794/951 

vt -885.878 570.866
vn -0.994162 -1.86681e-32 -0.107898
vt -1783.48 570.866
vt -1783.48 551.181
vt -885.878 551.181
f 2218/4795/952 2217/4796/952 2214/4797/952 2213/4798/952 

vt -329.419 570.866
vn -0.984836 6.56964e-29 -0.173487
vt -1011.92 570.866
vt -1011.92 551.181
vt -329.419 551.181
f 105/4799/953 2218/4800/953 2213/4801/953 106/4802/953 

vn -0.761874 1.3149e-16 -0.647725
vt -4146.32 570.866
vt -4146.32 551.181
f 1026/4460/954 1304/4803/954 1338/4804/954 1027/4461/954 

usemtl D04_Dandelion_Burst
vt -4193.04 570.866
vn -0.651375 1.0123e-28 -0.758756
vt -4892.92 570.866
vt -4892.92 551.181
vt -4193.04 551.181
f 1304/4805/955 1303/4806/955 1339/4807/955 1338/4808/955 

vt -4885.66 570.866
vn -0.613703 1.28796e-28 -0.789537
vt -5651.21 570.866
vt -5651.21 551.181
vt -4885.66 551.181
f 1303/4809/956 1302/4810/956 1340/4811/956 1339/4812/956 

vt -5489.78 570.866
vn -0.447531 -5.24729e-16 -0.894268
vt -6055.95 570.866
vt -6055.95 551.181
vt -5489.78 551.181
f 1302/4813/957 1301/4814/957 1341/4815/957 1340/4816/957 

vt -5571.33 570.866
vn -0.227105 2.85719e-16 -0.97387
vt -6199.65 570.866
vt -6199.65 551.181
vt -5571.33 551.181
f 1301/4817/958 1300/4818/958 1342/4819/958 1341/4820/958 

vt -5489.89 570.866
vn -0.0184833 -2.16909e-17 -0.999829
vt -5965.65 570.866
vt -5965.65 551.181
vt -5489.89 551.181
f 1300/4821/959 1299/4822/959 1343/4823/959 1342/4824/959 

vt -4629.83 570.866
vn 0.259414 -1.28849e-28 -0.965766
vt -5075.02 570.866
vt -5075.02 551.181
vt -4629.83 551.181
f 1299/4825/960 1298/4826/960 1344/4827/960 1343/4828/960 

vt -3799.11 570.866
vn 0.458293 -5.21521e-16 -0.888801
vt -4374.68 570.866
vt -4374.68 551.181
vt -3799.11 551.181
f 1298/4829/961 1297/4830/961 1345/4831/961 1344/4832/961 

vt -2920.4 570.866
vn 0.635528 -4.53032e-16 -0.772078
vt -3496.64 570.866
vt -3496.64 551.181
vt -2920.4 551.181
f 1297/4833/962 1296/4834/962 1346/4835/962 1345/4836/962 

vt -3493.46 570.866
vn 0.635869 1.0297e-28 -0.771797
vt -3791.46 570.866
vt -3791.46 551.181
vt -3493.46 551.181
f 1296/4837/963 1295/4838/963 1347/4839/963 1346/4840/963 

usemtl FrontColor
vt -3004.46 570.866
vn 0.714275 2.8781e-28 -0.699865
vt -3234 570.866
vt -3234 551.181
vt -3004.46 551.181
f 1295/4841/964 1294/4842/964 1315/4843/964 1347/4844/964 

vt -2520.04 551.181
vn -0.746376 1.36251e-32 -0.665524
vt -3528.07 551.181
vt -3528.07 531.496
vt -2520.04 531.496
f 2211/4845/965 2209/4846/965 2204/4847/965 2208/4848/965 

vt -810.407 551.181
vn -0.994989 -6.60389e-33 -0.0999874
vt -1764 551.181
vt -1764 531.496
vt -810.407 531.496
f 2212/4849/966 2211/4850/966 2208/4851/966 2207/4852/966 

vt -255.106 551.181
vn -0.990392 0 -0.138289
vt -881.53 551.181
vt -881.53 531.496
vt -255.106 531.496
f 107/4853/967 2212/4854/967 2207/4855/967 108/4856/967 

vn -0.773661 -1.19779e-16 -0.633599
vt -4169.68 551.181
vt -4169.68 531.496
f 1028/4451/968 1337/4857/968 1364/4858/968 1029/4452/968 

usemtl D04_Dandelion_Burst
vt -4214.67 551.181
vn -0.664131 8.77357e-16 -0.747616
vt -4898.39 551.181
vt -4898.39 531.496
vt -4214.67 531.496
f 1337/4859/969 1336/4860/969 1365/4861/969 1364/4862/969 

vt -4886.03 551.181
vn -0.616701 -2.27468e-29 -0.787197
vt -5715.54 551.181
vt -5715.54 531.496
vt -4886.03 531.496
f 1336/4863/970 1335/4864/970 1366/4865/970 1365/4866/970 

vt -5541.48 551.181
vn -0.453905 0 -0.89105
vt -6146.48 551.181
vt -6146.48 531.496
vt -5541.48 531.496
f 1335/4867/971 1334/4868/971 1367/4869/971 1366/4870/971 

vt -5433.72 551.181
vn -0.166692 -1.31549e-28 -0.986009
vt -6198.9 551.181
vt -6198.9 531.496
vt -5433.72 531.496
f 1334/4871/972 1333/4872/972 1368/4873/972 1367/4874/972 

vt -5317.06 551.181
vn 0.0593223 0 -0.998239
vt -5863.75 551.181
vt -5863.75 531.496
vt -5317.06 531.496
f 1333/4875/973 1332/4876/973 1369/4877/973 1368/4878/973 

vt -4698.75 551.181
vn 0.281756 -1.28011e-28 -0.959486
vt -5334.3 551.181
vt -5334.3 531.496
vt -4698.75 531.496
f 1332/4879/974 1331/4880/974 1370/4881/974 1369/4882/974 

vt -3785 551.181
vn 0.506187 0 -0.862424
vt -4187.73 551.181
vt -4187.73 531.496
vt -3785 531.496
f 1331/4883/975 1330/4884/975 1371/4885/975 1370/4886/975 

vt -2817.04 551.181
vn 0.660114 1.00217e-28 -0.751165
vt -3294.6 551.181
vt -3294.6 531.496
vt -2817.04 531.496
f 1330/4887/976 1329/4888/976 1372/4889/976 1371/4890/976 

vt -2862.86 551.181
vn 0.701656 2.05855e-16 -0.712516
vt -3141.37 551.181
vt -3141.37 531.496
vt -2862.86 531.496
f 1329/4891/977 1328/4892/977 1373/4893/977 1372/4894/977 

usemtl FrontColor
vt -3173.8 551.181
vn 0.698644 -2.09908e-16 -0.715469
vt -3432.01 551.181
vt -3432.01 531.496
vt -3173.8 531.496
f 1328/4895/978 1327/4896/978 1348/4897/978 1373/4898/978 

vt -2463.36 531.496
vn -0.749718 8.32238e-33 -0.661757
vt -3536.95 531.496
vt -3536.95 511.811
vt -2463.36 511.811
f 2205/4899/979 2203/4900/979 2193/4901/979 2202/4902/979 

vt -737.737 531.496
vn -0.995671 7.74103e-33 -0.0929493
vt -1747.36 531.496
vt -1747.36 511.811
vt -737.737 511.811
f 2206/4903/980 2205/4904/980 2202/4905/980 2201/4906/980 

vt -171.92 531.496
vn -0.99538 0 -0.0960101
vt -743.221 531.496
vt -743.221 511.811
vt -171.92 511.811
f 109/4907/981 2206/4908/981 2201/4909/981 110/4910/981 

vn -0.78447 -2.28753e-16 -0.620167
vt -4195.47 531.496
vt -4195.47 511.811
f 1030/4442/982 1363/4911/982 1394/4912/982 1031/4443/982 

usemtl D04_Dandelion_Burst
vt -4238.17 531.496
vn -0.677296 0 -0.73571
vt -4905.94 531.496
vt -4905.94 511.811
vt -4238.17 511.811
f 1363/4913/983 1362/4914/983 1395/4915/983 1394/4916/983 

vt -4886.86 531.496
vn -0.619264 2.21363e-29 -0.785183
vt -5780.34 531.496
vt -5780.34 511.811
vt -4886.86 511.811
f 1362/4917/984 1361/4918/984 1396/4919/984 1395/4920/984 

vt -5593.23 531.496
vn -0.459491 0 -0.888183
vt -6237.08 531.496
vt -6237.08 511.811
vt -5593.23 511.811
f 1361/4921/985 1360/4922/985 1397/4923/985 1396/4924/985 

vt -5489.19 531.496
vn -0.170756 0 -0.985313
vt -6316.78 531.496
vt -6316.78 511.811
vt -5489.19 511.811
f 1360/4925/986 1359/4926/986 1398/4927/986 1397/4928/986 

vt -5271.73 531.496
vn 0.0834736 0 -0.99651
vt -5807.76 531.496
vt -5807.76 511.811
vt -5271.73 511.811
f 1359/4929/987 1358/4930/987 1399/4931/987 1398/4932/987 

vt -4715.41 531.496
vn 0.282995 -3.32106e-16 -0.959121
vt -5368.55 531.496
vt -5368.55 511.811
vt -4715.41 511.811
f 1358/4933/988 1357/4934/988 1400/4935/988 1399/4936/988 

vt -3819.86 531.496
vn 0.502214 2.53702e-16 -0.864743
vt -4216.99 531.496
vt -4216.99 511.811
vt -3819.86 511.811
f 1357/4937/989 1356/4938/989 1401/4939/989 1400/4940/989 

vt -3007.34 531.496
vn 0.637784 0 -0.770215
vt -3463.39 531.496
vt -3463.39 511.811
vt -3007.34 511.811
f 1356/4941/990 1355/4942/990 1402/4943/990 1401/4944/990 

vt -3022.49 531.496
vn 0.680879 0 -0.732396
vt -3353.87 531.496
vt -3353.87 511.811
vt -3022.49 511.811
f 1355/4945/991 1354/4946/991 1403/4947/991 1402/4948/991 

vt -3316.53 531.496
vn 0.684383 0 -0.729123
vt -3610.91 531.496
vt -3610.91 511.811
vt -3316.53 511.811
f 1354/4949/992 1353/4950/992 1374/4951/992 1403/4952/992 

usemtl FrontColor
vt -2690.31 511.811
vn -0.500508 -2.30264e-32 -0.865732
vt -3251.4 511.811
vt -3251.4 492.126
vt -2690.31 492.126
f 2194/4953/993 2192/4954/993 2178/4955/993 2191/4956/993 

vt -2500.96 511.811
vn -0.687788 -2.15427e-32 -0.725912
vt -2849.06 511.811
vt -2849.06 492.126
vt -2500.96 492.126
f 2195/4957/994 2194/4958/994 2191/4959/994 2190/4960/994 

vt -2084.4 511.811
vn -0.936418 -1.54481e-32 -0.350886
vt -2400.67 511.811
vt -2400.67 492.126
vt -2084.4 492.126
f 2196/4961/995 2195/4962/995 2190/4963/995 2189/4964/995 

vt -1426.62 511.811
vn -0.998513 -7.13701e-33 0.0545094
vt -1594.77 511.811
vt -1594.77 492.126
vt -1426.62 492.126
f 2197/4965/996 2196/4966/996 2189/4967/996 2188/4968/996 

vt -875.693 511.811
vn -0.969225 -2.71876e-33 0.246175
vt -1099.94 511.811
vt -1099.94 492.126
vt -875.693 492.126
f 2198/4969/997 2197/4970/997 2188/4971/997 2187/4972/997 

vt -484.5 511.811
vn -0.928853 3.24271e-34 0.37045
vt -633.516 511.811
vt -633.516 492.126
vt -484.5 492.126
f 2199/4973/998 2198/4974/998 2187/4975/998 2186/4976/998 

vt 10.3529 511.811
vn -0.963082 -2.1659e-33 0.269209
vt -684.37 511.811
vt -684.37 492.126
vt 10.3529 492.126
f 2200/4977/999 2199/4978/999 2186/4979/999 2185/4980/999 

vt -124.08 511.811
vn -0.997444 6.65375e-29 -0.0714514
vt -609.69 511.811
vt -609.69 492.126
vt -124.08 492.126
f 111/4981/1000 2200/4982/1000 2185/4983/1000 112/4984/1000 

vn -0.558894 1.58493e-16 -0.829239
vt -3840.16 511.811
vt -3840.16 492.126
f 1032/4433/1001 1393/4985/1001 1410/4986/1001 1033/4434/1001 

usemtl D04_Dandelion_Burst
vt -3889.41 511.811
vn -0.622796 0 -0.782385
vt -4366.14 511.811
vt -4366.14 492.126
vt -3889.41 492.126
f 1393/4987/1002 1392/4988/1002 1411/4989/1002 1410/4990/1002 

vt -4390.7 511.811
vn -0.692427 9.6258e-29 -0.721488
vt -4915.76 511.811
vt -4915.76 492.126
vt -4390.7 492.126
f 1392/4991/1003 1391/4992/1003 1412/4993/1003 1411/4994/1003 

vt -4904.29 511.811
vn -0.650356 -8.67678e-29 -0.75963
vt -5811.16 511.811
vt -5811.16 492.126
vt -4904.29 492.126
f 1391/4995/1004 1390/4996/1004 1413/4997/1004 1412/4998/1004 

vt -5646.24 511.811
vn -0.497707 0 -0.867345
vt -6272.78 511.811
vt -6272.78 492.126
vt -5646.24 492.126
f 1390/4999/1005 1389/5000/1005 1414/5001/1005 1413/5002/1005 

vt -5760.76 511.811
vn -0.278765 0 -0.960359
vt -6425.88 511.811
vt -6425.88 492.126
vt -5760.76 492.126
f 1389/5003/1006 1388/5004/1006 1415/5005/1006 1414/5006/1006 

vt -5726.54 511.811
vn -0.0815637 -4.35276e-29 -0.996668
vt -6146.35 511.811
vt -6146.35 492.126
vt -5726.54 492.126
f 1388/5007/1007 1387/5008/1007 1416/5009/1007 1415/5010/1007 

vt -6029.24 511.811
vn -0.0535323 -2.66449e-28 -0.998566
vt -6253.91 511.811
vt -6253.91 492.126
vt -6029.24 492.126
f 1387/5011/1008 1386/5012/1008 1417/5013/1008 1416/5014/1008 

vt -4886.59 511.811
vn 0.215806 -3.75712e-28 -0.976436
vt -5083.36 511.811
vt -5083.36 492.126
vt -4886.59 492.126
f 1386/5015/1009 1385/5016/1009 1418/5017/1009 1417/5018/1009 

vt -4312.62 511.811
vn 0.337539 0 -0.941311
vt -4577.34 511.811
vt -4577.34 492.126
vt -4312.62 492.126
f 1385/5019/1010 1384/5020/1010 1419/5021/1010 1418/5022/1010 

vt -4271.29 511.811
vn 0.381639 2.71179e-16 -0.924312
vt -4776.21 511.811
vt -4776.21 492.126
vt -4271.29 492.126
f 1384/5023/1011 1383/5024/1011 1420/5025/1011 1419/5026/1011 

vt -3872.15 511.811
vn 0.499573 0 -0.866272
vt -4250.4 511.811
vt -4250.4 492.126
vt -3872.15 492.126
f 1383/5027/1012 1382/5028/1012 1421/5029/1012 1420/5030/1012 

vt -3159.8 511.811
vn 0.620843 -3.31322e-28 -0.783935
vt -3581.48 511.811
vt -3581.48 492.126
vt -3159.8 492.126
f 1382/5031/1013 1381/5032/1013 1422/5033/1013 1421/5034/1013 

vt -3127.09 511.811
vn 0.665475 0 -0.746421
vt -3511.54 511.811
vt -3511.54 492.126
vt -3127.09 492.126
f 1381/5035/1014 1380/5036/1014 1423/5037/1014 1422/5038/1014 

vt -3430.83 511.811
vn 0.67306 4.5786e-28 -0.739588
vt -3761.47 511.811
vt -3761.47 492.126
vt -3430.83 492.126
f 1380/5039/1015 1379/5040/1015 1404/5041/1015 1423/5042/1015 

usemtl FrontColor
vt -2667.05 492.126
vn -0.993082 0 -0.117422
vt -2992.84 492.126
vt -2992.84 472.441
vt -2667.05 472.441
f 2179/5043/1016 2177/5044/1016 2163/5045/1016 2176/5046/1016 

vt -1962.92 492.126
vn -0.997397 0 -0.072106
vt -2614.75 492.126
vt -2614.75 472.441
vt -1962.92 472.441
f 2180/5047/1017 2179/5048/1017 2176/5049/1017 2175/5050/1017 

vt -1310.15 492.126
vn -0.995213 0 0.0977286
vt -1730.05 492.126
vt -1730.05 472.441
vt -1310.15 472.441
f 2181/5051/1018 2180/5052/1018 2175/5053/1018 2174/5054/1018 

vt -691.133 492.126
vn -0.972328 0 0.233621
vt -1088.26 492.126
vt -1088.26 472.441
vt -691.133 472.441
f 2182/5055/1019 2181/5056/1019 2174/5057/1019 2173/5058/1019 

vt -157.979 492.126
vn -0.912772 0 0.40847
vt -368.666 492.126
vt -368.666 472.441
vt -157.979 472.441
f 2183/5059/1020 2182/5060/1020 2173/5061/1020 2172/5062/1020 

vt 106.418 492.126
vn -0.963082 0 0.269209
vt -420.19 492.126
vt -420.19 472.441
vt 106.418 472.441
f 2184/5063/1021 2183/5064/1021 2172/5065/1021 2171/5066/1021 

vt -120.216 492.126
vn -0.997444 0 -0.0714514
vt -488.313 492.126
vt -488.313 472.441
vt -120.216 472.441
f 113/5067/1022 2184/5068/1022 2171/5069/1022 114/5070/1022 

vt -2573.9 472.441
vn -0.990582 -2.24504e-17 -0.136923
vt -2988.67 472.441
vt -2988.67 452.756
vt -2573.9 452.756
f 2164/5071/1023 2162/5072/1023 2147/5073/1023 2161/5074/1023 

vt -1904.07 472.441
vn -0.998056 -1.9757e-17 -0.0623245
vt -2502.73 472.441
vt -2502.73 452.756
vt -1904.07 452.756
f 2165/5075/1024 2164/5076/1024 2161/5077/1024 2160/5078/1024 

vt -1169.73 472.441
vn -0.984965 -1.06305e-17 0.172751
vt -1607.24 472.441
vt -1607.24 452.756
vt -1169.73 452.756
f 2166/5079/1025 2165/5080/1025 2160/5081/1025 2159/5082/1025 

vt -661.226 472.441
vn -0.961658 -6.38222e-18 0.27425
vt -1011.54 472.441
vt -1011.54 452.756
vt -661.226 452.756
f 2167/5083/1026 2166/5084/1026 2159/5085/1026 2158/5086/1026 

vt -33.7778 472.441
vn -0.910868 -2.56253e-19 0.412698
vt -422.573 472.441
vt -422.573 452.756
vt -33.7778 452.756
f 2168/5087/1027 2167/5088/1027 2158/5089/1027 2157/5090/1027 

vt 339.205 472.441
vn -0.93095 -2.40621e-18 0.365148
vt -119.077 472.441
vt -119.077 452.756
vt 339.205 452.756
f 2169/5091/1028 2168/5092/1028 2157/5093/1028 2156/5094/1028 

vt 129.195 472.441
vn -0.986625 -1.10283e-17 0.163008
vt -12.3027 472.441
vt -12.3027 452.756
vt 129.195 452.756
f 2170/5095/1029 2169/5096/1029 2156/5097/1029 2155/5098/1029 

vt -566.827 472.441
vn -0.937462 0 -0.348088
vt -723.76 472.441
vt -723.76 452.756
vt -566.827 452.756
f 115/5099/1030 2170/5100/1030 2155/5101/1030 116/5102/1030 

vn -0.874677 -9.54169e-18 -0.484706
vt -3420.94 472.441
v 35.875 9.5 -79.4614
vt -3420.94 452.756
f 1036/4408/1031 1481/5103/1031 2288/5104/1031 1037/4409/1031 

vt -3137.02 472.441
vn -0.665959 4.37723e-16 -0.745989
vt -3492.64 472.441
v 42.6132 9.5 -85.4767
vt -3492.64 452.756
vt -3137.02 452.756
f 1481/5105/1032 1480/5106/1032 2289/5107/1032 2288/5108/1032 

vt -3226.21 472.441
vn -0.538665 -3.59332e-29 -0.84252
vt -3750.76 472.441
v 53.8386 9.5 -92.6537
vt -3750.76 452.756
vt -3226.21 452.756
f 1480/5109/1033 1479/5110/1033 2290/5111/1033 2289/5112/1033 

usemtl D04_Dandelion_Burst
vt -3615.77 472.441
vn -0.482153 0 -0.876087
vt -4065.68 472.441
v 63.8503 9.5 -98.1636
vt -4065.68 452.756
vt -3615.77 452.756
f 1479/5113/1034 1478/5114/1034 2291/5115/1034 2290/5116/1034 

vt -3847.53 472.441
vn -0.399176 -5.37994e-16 -0.916874
vt -4390.33 472.441
v 76.4914 9.5 -103.667
vt -4390.33 452.756
vt -3847.53 452.756
f 1478/5117/1035 1477/5118/1035 2292/5119/1035 2291/5120/1035 

vt -4649.49 472.441
vn -0.500337 0 -0.865831
vt -5218.64 472.441
v 89.0082 9.5 -110.9
vt -5218.64 452.756
vt -4649.49 452.756
f 1477/5121/1036 1476/5122/1036 2293/5123/1036 2292/5124/1036 

vt -4965.4 472.441
vn -0.402554 2.44257e-28 -0.915396
vt -5400.46 472.441
v 99.1239 9.5 -115.349
vt -5400.46 452.756
vt -4965.4 452.756
f 1476/5125/1037 1475/5126/1037 2294/5127/1037 2293/5128/1037 

vt -5096.17 472.441
vn -0.303334 3.55975e-16 -0.952884
vt -5573.7 472.441
v 110.682 9.5 -119.028
vt -5573.7 452.756
vt -5096.17 452.756
f 1475/5129/1038 1474/5130/1038 2295/5131/1038 2294/5132/1038 

vt -5157.89 472.441
vn -0.187235 0 -0.982315
vt -5559.46 472.441
v 120.701 9.5 -120.938
vt -5559.46 452.756
vt -5157.89 452.756
f 1474/5133/1039 1473/5134/1039 2296/5135/1039 2295/5136/1039 

vt -5259.57 472.441
vn -0.112991 -2.65123e-28 -0.993596
vt -5678.7 472.441
v 131.279 9.5 -122.141
vt -5678.7 452.756
vt -5259.57 452.756
f 1473/5137/1040 1472/5138/1040 2297/5139/1040 2296/5140/1040 

vt -5234.11 472.441
vn -0.0137546 2.66807e-28 -0.999905
vt -5894.02 472.441
v 148.039 9.5 -122.371
vt -5894.02 452.756
vt -5234.11 452.756
f 1472/5141/1041 1471/5142/1041 2298/5143/1041 2297/5144/1041 

vt -5211.97 472.441
vn 0.119291 -6.36615e-29 -0.992859
vt -5725.12 472.441
v 160.98 9.5 -120.816
vt -5725.12 452.756
vt -5211.97 452.756
f 1471/5145/1042 1470/5146/1042 2299/5147/1042 2298/5148/1042 

vt -4936.66 472.441
vn 0.251678 2.58243e-28 -0.967811
vt -5457.21 472.441
v 173.776 9.5 -117.489
vt -5457.21 452.756
vt -4936.66 452.756
f 1470/5149/1043 1469/5150/1043 2300/5151/1043 2299/5152/1043 

vt -4581.78 472.441
vn 0.378503 -2.71557e-16 -0.9256
vt -4862.77 472.441
v 180.382 9.5 -114.787
vt -4862.77 452.756
vt -4581.78 452.756
f 1469/5153/1044 1468/5154/1044 2301/5155/1044 2300/5156/1044 

vt -4615.75 472.441
vn 0.411129 2.38332e-29 -0.911577
vt -4892.27 472.441
v 186.785 9.5 -111.9
vt -4892.27 452.756
vt -4615.75 452.756
f 1468/5157/1045 1467/5158/1045 2302/5159/1045 2301/5160/1045 

vt -3453.33 472.441
vn 0.578126 0 -0.815948
vt -3698.74 472.441
v 191.871 9.5 -108.296
vt -3698.74 452.756
vt -3453.33 452.756
f 1467/5161/1046 1466/5162/1046 2303/5163/1046 2302/5164/1046 

vt -3253.73 472.441
vn 0.622895 4.59033e-16 -0.782305
vt -3608.56 472.441
v 198.922 9.5 -102.682
vt -3608.56 452.756
vt -3253.73 452.756
f 1466/5165/1047 1465/5166/1047 2304/5167/1047 2303/5168/1047 

vt -3367.41 472.441
vn 0.645925 0 -0.763401
vt -3939.67 472.441
vt -3939.67 452.756
vt -3367.41 452.756
f 1465/5169/1048 1464/5170/1048 1482/5171/1048 2304/5172/1048 

v 33.9 9.5 -81.3743
vt 1334.64 3203.71
vn 1.60257e-16 1 2.57661e-15
vt 8543.23 3677.46
v 211.955 9.5 -97.7673
vt 8344.67 3849.11
v 200.073 9.5 -107.668
vt 7876.9 4238.88
v 193.862 9.5 -112.784
vt 7632.35 4440.3
v 188.638 9.5 -115.885
vt 7426.69 4562.38
v 182.699 9.5 -118.377
vt 7192.86 4660.52
v 171.019 9.5 -123.004
vt 6733.04 4842.69
v 160.832 9.5 -125.386
vt 6331.98 4936.44
v 148.471 9.5 -126.866
vt 5845.32 4994.72
v 134.118 9.5 -126.042
vt 5280.25 4962.29
v 121.76 9.5 -124.422
vt 4793.7 4898.49
v 107.553 9.5 -121.435
vt 4234.38 4780.9
v 90.7653 9.5 -117.725
vt 3573.44 4634.86
v 81.8003 9.5 -115.527
vt 3220.48 4548.31
v 76.815 9.5 -113.922
vt 3024.21 4485.13
v 71.8133 9.5 -110.832
vt 2827.3 4363.45
v 62.7704 9.5 -104.398
vt 2471.27 4110.15
v 45.8428 9.5 -92.0359
vt 1804.83 3623.46
f 2305/5173/1049 1038/4383/1049 1037/2752/1049 2288/2751/1049 2289/2750/1049 2290/2749/1049 2291/2748/1049 2292/2747/1049 2293/2746/1049 2294/2745/1049 2295/2744/1049 2296/2743/1049 2297/2742/1049 2298/2741/1049 2299/2740/1049 2300/2739/1049 2301/2738/1049 2302/2737/1049 2303/2736/1049 2304/2735/1049 1482/2734/1049 903/2733/1049 902/5174/1049 2306/5175/1049 2307/5176/1049 2308/5177/1049 2309/5178/1049 2310/5179/1049 2311/5180/1049 2312/5181/1049 2313/5182/1049 2314/5183/1049 2315/5184/1049 2316/5185/1049 2317/5186/1049 2318/5187/1049 2319/5188/1049 2320/5189/1049 2321/5190/1049 2322/5191/1049 

usemtl FrontColor
vn -0.828752 -3.1315e-16 -0.559616
vt -3401.97 452.756
v 33.9 9 -81.3743
vt -3401.97 433.071
f 1038/4394/1050 2305/5192/1050 2323/5193/1050 1039/4395/1050 

vt -3129.17 452.756
vn -0.665959 4.44248e-29 -0.745989
vt -3759.46 452.756
v 45.8428 9 -92.0359
vt -3759.46 433.071
vt -3129.17 433.071
f 2305/5194/1051 2322/5195/1051 2324/5196/1051 2323/5197/1051 

usemtl D04_Dandelion_Burst
vt -3594.52 452.756
vn -0.589759 9.47726e-16 -0.807579
vt -4419.75 452.756
v 62.7704 9 -104.398
vt -4419.75 433.071
vt -3594.52 433.071
f 2322/5198/1052 2321/5199/1052 2325/5200/1052 2324/5201/1052 

vt -4396.38 452.756
vn -0.579724 4.78107e-16 -0.814813
vt -4833.32 452.756
v 71.8133 9 -110.832
vt -4833.32 433.071
vt -4396.38 433.071
f 2321/5202/1053 2320/5203/1053 2326/5204/1053 2325/5205/1053 

vt -4698.88 452.756
vn -0.525668 0 -0.85069
vt -4930.36 452.756
v 76.815 9 -113.922
vt -4930.36 433.071
vt -4698.88 433.071
f 2320/5206/1054 2319/5207/1054 2327/5208/1054 2326/5209/1054 

vt -4253.05 452.756
vn -0.306413 -2.53997e-28 -0.951899
vt -4459.24 452.756
v 81.8003 9 -115.527
vt -4459.24 433.071
vt -4253.05 433.071
f 2319/5210/1055 2318/5211/1055 2328/5212/1055 2327/5213/1055 

vt -4211.02 452.756
vn -0.238154 -1.42472e-16 -0.971227
vt -4574.43 452.756
v 90.7653 9 -117.725
vt -4574.43 433.071
vt -4211.02 433.071
f 2318/5214/1056 2317/5215/1056 2329/5216/1056 2328/5217/1056 

vt -4489.29 452.756
vn -0.215761 2.8786e-29 -0.976446
vt -5166.17 452.756
v 107.553 9 -121.435
vt -5166.17 433.071
vt -4489.29 433.071
f 2317/5218/1057 2316/5219/1057 2330/5220/1057 2329/5221/1057 

vt -5127.35 452.756
vn -0.205725 2.87109e-16 -0.97861
vt -5698.91 452.756
v 121.76 9 -124.422
vt -5698.91 433.071
vt -5127.35 433.071
f 2316/5222/1058 2315/5223/1058 2331/5224/1058 2330/5225/1058 

vt -5389.97 452.756
vn -0.130034 -2.64566e-28 -0.99151
vt -5880.69 452.756
v 134.118 9 -126.042
vt -5880.69 433.071
vt -5389.97 433.071
f 2315/5226/1059 2314/5227/1059 2332/5228/1059 2331/5229/1059 

vt -5555.82 452.756
vn -0.0572795 0 -0.998358
vt -6121.82 452.756
v 148.471 9 -126.866
vt -6121.82 433.071
vt -5555.82 433.071
f 2314/5230/1060 2313/5231/1060 2333/5232/1060 2332/5233/1060 

vt -5210 452.756
vn 0.118899 -1.45652e-16 -0.992906
vt -5700.13 452.756
v 160.832 9 -125.386
vt -5700.13 433.071
vt -5210 433.071
f 2313/5234/1061 2312/5235/1061 2334/5236/1061 2333/5237/1061 

vt -5042.23 452.756
vn 0.227604 -2.59829e-28 -0.973754
vt -5454.11 452.756
v 171.019 9 -123.004
vt -5454.11 433.071
vt -5042.23 433.071
f 2312/5238/1062 2311/5239/1062 2335/5240/1062 2334/5241/1062 

vt -4475.95 452.756
vn 0.368333 2.48072e-28 -0.929694
vt -4970.53 452.756
v 182.699 9 -118.377
vt -4970.53 433.071
vt -4475.95 433.071
f 2311/5242/1063 2310/5243/1063 2336/5244/1063 2335/5245/1063 

vt -4828.82 452.756
vn 0.386993 0 -0.922083
vt -5082.41 452.756
v 188.638 9 -115.885
vt -5082.41 433.071
vt -4828.82 433.071
f 2310/5246/1064 2309/5247/1064 2337/5248/1064 2336/5249/1064 

vt -4057.26 452.756
vn 0.510465 -2.29448e-28 -0.859898
vt -4296.42 452.756
v 193.862 9 -112.784
vt -4296.42 433.071
vt -4057.26 433.071
f 2309/5250/1065 2308/5251/1065 2338/5252/1065 2337/5253/1065 

vt -3068.48 452.756
vn 0.635747 -2.05967e-28 -0.771897
vt -3385.3 452.756
v 200.073 9 -107.668
vt -3385.3 433.071
vt -3068.48 433.071
f 2308/5254/1066 2307/5255/1066 2339/5256/1066 2338/5257/1066 

vt -3337.87 452.756
vn 0.640154 3.00461e-16 -0.768247
vt -3946.75 452.756
v 211.955 9 -97.7673
vt -3946.75 433.071
vt -3337.87 433.071
f 2307/5258/1067 2306/5259/1067 2340/5260/1067 2339/5261/1067 

usemtl FrontColor
vt -3795.67 452.756
vn 0.653974 -1.66174e-16 -0.756517
vt -4058.14 452.756
vt -4058.14 433.071
vt -3795.67 433.071
f 2306/5262/1068 902/5263/1068 901/5264/1068 2340/5265/1068 

usemtl A06_Ruby_Spark
vn 0.653974 -1.85391e-16 -0.756517
v 223.466 9.5 -87.8158
vt -4394.76 452.756
v 223.466 9 -87.8158
vt -4394.76 433.071
f 902/5263/1069 2341/5266/1069 2342/5267/1069 901/5264/1069 

vn 1.61766e-14 -1 -1.6526e-14
vt -8543.23 3677.46
vt -8797.89 3457.32
v 229.729 9.5 -82.3004
vt -9044.44 3240.17
vt -9136.99 3153.21
f 903/2729/1070 902/5268/1070 2341/5269/1070 2343/5270/1070 1503/5271/1070 1485/2732/1070 1484/2731/1070 1483/2730/1070 

vt -4317.3 452.756
vn 0.660931 -5.25249e-17 -0.750447
vt -4645.84 452.756
v 229.729 9 -82.3004
vt -4645.84 433.071
vt -4317.3 433.071
f 2341/5272/1071 2343/5273/1071 2344/5274/1071 2342/5275/1071 

usemtl D04_Dandelion_Burst
vt -4371.93 452.756
vn 0.684814 -7.12981e-17 -0.728718
vt -4371.93 433.071
f 2343/5276/1072 1503/2815/1072 1518/2818/1072 2344/5277/1072 

usemtl A06_Ruby_Spark
vn 2.67797e-15 -1 -9.06619e-16
vt -8691.6 3812.6
v 228.22 9 -90.4988
vt -8985.04 3562.95
v 233.966 9 -85.4893
vt -9211.26 3365.72
v 235.672 9 -83.363
vt -9278.41 3282.01
f 901/5268/1073 900/5278/1073 2345/5279/1073 2346/5280/1073 2347/5281/1073 1518/5271/1073 2344/5270/1073 2342/5269/1073 

usemtl D04_Dandelion_Burst
vn 6.50084e-17 1 1.63105e-15
vt 8691.6 3812.6
v 219.318 9 -98.0727
vt 8634.56 3861.13
v 211.779 9 -104.248
vt 8337.75 4104.26
v 202.127 9 -111.922
vt 7957.74 4406.36
v 196.597 9 -115.952
vt 7740.02 4565.03
v 190.704 9 -119.384
vt 7508.04 4700.17
v 183.584 9 -122.199
vt 7227.73 4810.99
v 170.73 9 -126.996
vt 6721.66 4999.84
v 157.925 9 -130.005
vt 6217.52 5118.3
v 146.488 9 -130.741
vt 5767.25 5147.29
v 132.668 9 -129.298
vt 5223.17 5090.47
v 118.518 9 -126.331
vt 4666.08 4973.64
v 105.829 9 -123.728
vt 4166.5 4871.18
v 89.0477 9 -120.108
vt 3505.82 4728.65
v 79.6593 9 -117.96
vt 3136.19 4644.08
v 70.0218 9 -113.887
vt 2756.77 4483.73
v 60.4052 9 -107.18
vt 2378.16 4219.68
v 43.424 9 -94.5903
vt 1709.61 3724.03
v 30.0421 9 -81.9522
vt 1182.76 3226.46
f 2340/5175/1074 901/5174/1074 900/5282/1074 2348/5283/1074 2349/5284/1074 2350/5285/1074 2351/5286/1074 2352/5287/1074 2353/5288/1074 2354/5289/1074 2355/5290/1074 2356/5291/1074 2357/5292/1074 2358/5293/1074 2359/5294/1074 2360/5295/1074 2361/5296/1074 2362/5297/1074 2363/5298/1074 2364/5299/1074 2365/5300/1074 1040/4369/1074 1039/4383/1074 2323/5173/1074 2324/5191/1074 2325/5190/1074 2326/5189/1074 2327/5188/1074 2328/5187/1074 2329/5186/1074 2330/5185/1074 2331/5184/1074 2332/5183/1074 2333/5182/1074 2334/5181/1074 2335/5180/1074 2336/5179/1074 2337/5178/1074 2338/5177/1074 2339/5176/1074 

usemtl FrontColor
vt -4074.47 433.071
vn 0.647995 -6.48717e-17 -0.761644
vt -4149.37 433.071
vt -4149.37 413.386
v 219.318 8.5 -98.0727
vt -4074.47 413.386
f 2348/5301/1075 900/5302/1075 899/5303/1075 2366/5304/1075 

usemtl A06_Ruby_Spark
vn 0.647995 -3.56794e-16 -0.761644
vt -4534.63 433.071
v 228.22 8.5 -90.4988
vt -4534.63 413.386
f 900/5302/1076 2345/5305/1076 2367/5306/1076 899/5303/1076 

vt -4431.19 433.071
vn 0.657148 0 -0.753761
vt -4731.31 433.071
v 233.966 8.5 -85.4893
vt -4731.31 413.386
vt -4431.19 413.386
f 2345/5307/1077 2346/5308/1077 2368/5309/1077 2367/5310/1077 

usemtl D04_Dandelion_Burst
vt -3138.26 433.071
vn 0.780047 -1.79509e-17 -0.625721
vt -3245.58 433.071
vt -3245.58 413.386
vt -3138.26 413.386
f 2346/5311/1078 2347/5312/1078 1540/5313/1078 2368/5314/1078 

usemtl FrontColor
vn 0.780047 1.25854e-17 -0.625721
v 238.271 9 -80.1223
vt -3409.14 433.071
vt -3409.14 413.386
f 2347/5312/1079 2369/5315/1079 1541/5316/1079 1540/5313/1079 

vn -2.06707e-15 1 1.48403e-16
vt 10323.3 1118.2
v 257.041 9 -32.491
v 253.935 9 -40.8115
v 250.683 9 -52.9636
v 247.208 9 -62.5141
v 242.029 9 -73.3122
f 2369/2883/1080 2347/2882/1080 1518/2802/1080 1517/2801/1080 1519/2814/1080 1520/2813/1080 1521/2812/1080 1522/2811/1080 1523/2810/1080 1524/2809/1080 1527/5317/1080 2370/2888/1080 2371/2887/1080 2372/2886/1080 2373/2885/1080 2374/2884/1080 

vt -7403.76 433.071
vn 0.620282 -7.24489e-15 -0.784379
v 262.598 9 -28.0966
vt -7423.16 433.071
vt -7423.16 413.386
vt -7144.24 413.386
vt -7144.24 433.071
f 1527/5318/1081 2375/5319/1081 1547/5320/1081 1546/5321/1081 2370/5322/1081 

vt -10323.3 1118.2
vn 1.2599e-15 -1 -6.31768e-15
vt -10473.6 1088.21
vt -10338.5 1106.17
f 1527/5323/1082 1526/5324/1082 2375/5325/1082

vt -10259.2 433.071
vn 0.131689 1.44344e-15 -0.991291
vt -10479.2 433.071
vt -10479.2 413.386
vt -10102.8 413.386
vt -10102.8 433.071
vt -10239.1 433.071
f 1529/5326/1083 1536/5327/1083 1535/5328/1083 1547/5329/1083 2375/5330/1083 1526/5331/1083 

vt -10753.3 1057.38
vn 7.49197e-16 -1 -5.19083e-15
vt -10789.1 1040.73
vt -10711.6 1056.6
vt -10493.6 1085.56
f 1528/5332/1084 1531/5333/1084 1536/5334/1084 1529/5335/1084 

vt 10493.6 1085.56
vn 2.12338e-14 1 -1.59838e-13
vt 10473.6 1088.21
f 1529/5336/1085 1526/5337/1085 1525/2808/1085

vt -1990.93 433.071
vn 0.936857 3.6772e-18 -0.349712
vt -2340.58 433.071
vt -2340.58 413.386
vt -1990.93 413.386
f 2371/5338/1086 2370/5339/1086 1546/5340/1086 1545/5341/1086 

vt -536.951 433.071
vn 0.966011 1.17071e-17 -0.258502
vt -1032.21 433.071
vt -1032.21 413.386
vt -536.951 413.386
f 2372/5342/1087 2371/5343/1087 1545/5344/1087 1544/5345/1087 

vt -1014.97 433.071
vn 0.939727 4.37531e-18 -0.341924
vt -1415.09 433.071
vt -1415.09 413.386
vt -1014.97 413.386
f 2373/5346/1088 2372/5347/1088 1544/5348/1088 1543/5349/1088 

vt -1518.25 433.071
vn 0.901657 -3.8947e-18 -0.432452
vt -1989.74 433.071
vt -1989.74 413.386
vt -1518.25 413.386
f 2374/5350/1089 2373/5351/1089 1543/5352/1089 1542/5353/1089 

vt -1770.47 433.071
vn 0.875539 -8.68361e-18 -0.483147
vt -2076.69 433.071
vt -2076.69 413.386
vt -1770.47 413.386
f 2369/5354/1090 2374/5355/1090 1542/5356/1090 1541/5357/1090 

usemtl A06_Ruby_Spark
vn 6.51044e-15 -1 -5.08507e-15
vt -8825.99 3934.99
v 226.893 8.5 -97.6662
vt -8932.81 3845.13
v 232.97 8.5 -92.1209
vt -9172.03 3626.81
vt -9407.28 3399.38
f 899/5278/1091 898/5358/1091 2376/5359/1091 2377/5360/1091 1539/5361/1091 1540/5281/1091 2368/5280/1091 2367/5279/1091 

usemtl D04_Dandelion_Burst
vn 9.39106e-17 1 2.12113e-15
v 218.611 8.5 -104.633
v 209.959 8.5 -111.617
v 203.882 8.5 -116.156
v 198.144 8.5 -119.863
v 192.328 8.5 -122.954
v 184.498 8.5 -126.194
v 172 8.5 -130.772
v 158.981 8.5 -133.826
v 147.646 8.5 -134.502
v 134.35 8.5 -132.997
v 119.714 8.5 -129.63
v 106.959 8.5 -126.837
v 89.8187 8.5 -122.909
v 78.424 8.5 -120
v 66.4867 8.5 -115.223
v 56.0208 8.5 -108.36
v 39.9955 8.5 -96.4289
v 25.8477 8.5 -82.2915
v 30.0421 8.5 -81.9522
v 43.424 8.5 -94.5903
v 60.4052 8.5 -107.18
v 70.0218 8.5 -113.887
v 79.6593 8.5 -117.96
v 89.0477 8.5 -120.108
v 105.829 8.5 -123.728
v 118.518 8.5 -126.331
v 132.668 8.5 -129.298
v 146.488 8.5 -130.741
v 157.925 8.5 -130.005
v 170.73 8.5 -126.996
v 183.584 8.5 -122.199
v 190.704 8.5 -119.384
v 196.597 8.5 -115.952
v 202.127 8.5 -111.922
v 211.779 8.5 -104.248
f 2366/5283/1092 899/5282/1092 898/4273/1092 2378/4272/1092 2379/4271/1092 2380/4270/1092 2381/4269/1092 2382/4268/1092 2383/4267/1092 2384/4266/1092 2385/4265/1092 2386/4264/1092 2387/4263/1092 2388/4262/1092 2389/4261/1092 2390/4260/1092 2391/4259/1092 2392/4258/1092 2393/4257/1092 2394/4256/1092 2395/4255/1092 1042/4254/1092 1041/4369/1092 2396/5300/1092 2397/5299/1092 2398/5298/1092 2399/5297/1092 2400/5296/1092 2401/5295/1092 2402/5294/1092 2403/5293/1092 2404/5292/1092 2405/5291/1092 2406/5290/1092 2407/5289/1092 2408/5288/1092 2409/5287/1092 2410/5286/1092 2411/5285/1092 2412/5284/1092 

usemtl FrontColor
vt -3934.7 413.386
vn 0.643714 -1.35671e-16 -0.765266
vt -4221.22 413.386
vt -4221.22 393.701
vt -3934.7 393.701
f 2378/5362/1093 898/5363/1093 897/5364/1093 2090/5365/1093 

vn 0.643714 -6.0722e-17 -0.765266
vt -4360.82 413.386
v 226.893 8 -97.6662
vt -4360.82 393.701
f 898/5363/1094 2376/5366/1094 2413/5367/1094 897/5364/1094 

usemtl A06_Ruby_Spark
vt -4006.14 413.386
vn 0.674099 0 -0.738641
vt -4330.01 413.386
v 232.97 8 -92.1209
vt -4330.01 393.701
vt -4006.14 393.701
f 2376/5368/1095 2377/5369/1095 2414/5370/1095 2413/5371/1095 

vt -4073.39 413.386
vn 0.695061 -6.03175e-16 -0.718951
vt -4073.39 393.701
f 2377/5372/1096 1539/2901/1096 1558/2904/1096 2414/5373/1096 

vn 4.49849e-15 -1 -4.00331e-15
v 232.509 8 -99.8758
v 240.269 8 -93.2955
f 897/5358/1097 896/4225/1097 2415/4228/1097 2416/4227/1097 1569/4226/1097 1558/5361/1097 2414/5360/1097 2413/5359/1097 

usemtl FrontColor
vn 0.620632 1.46562e-16 -0.784102
vt -4737.19 393.701
vt -4737.19 374.016
f 896/4251/1098 2415/5374/1098 2032/5375/1098 895/4252/1098 

usemtl A06_Ruby_Spark
vt -4438.51 393.701
vn 0.646757 0 -0.762696
vt -4839.08 393.701
vt -4839.08 374.016
vt -4438.51 374.016
f 2415/5376/1099 2416/5377/1099 2031/5378/1099 2032/5379/1099 

usemtl D04_Dandelion_Burst
vt -3079.18 393.701
vn 0.778402 1.24258e-16 -0.627766
vt -3079.18 374.016
f 2416/5380/1100 1569/2957/1100 1580/2960/1100 2031/5381/1100 

usemtl FrontColor
vt -3672.03 413.386
vn 0.628101 0 -0.778132
vt -4109.75 413.386
vt -4109.75 393.701
vt -3672.03 393.701
f 2379/5382/1101 2378/5383/1101 2090/5384/1101 2089/5385/1101 

vt -3694.46 413.386
vn 0.598411 0 -0.80119
vt -3993.1 413.386
vt -3993.1 393.701
vt -3694.46 393.701
f 2380/5386/1102 2379/5387/1102 2089/5388/1102 2088/5389/1102 

usemtl D04_Dandelion_Burst
vt -3991.78 413.386
vn 0.542644 0 -0.839963
vt -4260.71 413.386
vt -4260.71 393.701
vt -3991.78 393.701
f 2381/5390/1103 2380/5391/1103 2088/5392/1103 2087/5393/1103 

vt -4413.81 413.386
vn 0.469389 0 -0.882992
vt -4673.14 413.386
vt -4673.14 393.701
vt -4413.81 393.701
f 2382/5394/1104 2381/5395/1104 2087/5396/1104 2086/5397/1104 

vt -4812.58 413.386
vn 0.382299 0 -0.924038
vt -5146.19 413.386
vt -5146.19 393.701
vt -4812.58 393.701
f 2383/5398/1105 2382/5399/1105 2086/5400/1105 2085/5401/1105 

vt -4587.32 413.386
vn 0.343998 0 -0.93897
vt -5111.33 413.386
vt -5111.33 393.701
vt -4587.32 393.701
f 2384/5402/1106 2383/5403/1106 2085/5404/1106 2084/5405/1106 

vt -4890.76 413.386
vn 0.228324 0 -0.973585
vt -5417.27 413.386
vt -5417.27 393.701
vt -4890.76 393.701
f 2385/5406/1107 2384/5407/1107 2084/5408/1107 2083/5409/1107 

vt -5487.05 413.386
vn 0.0595752 0 -0.998224
vt -5934.07 413.386
vt -5934.07 393.701
vt -5487.05 393.701
f 2386/5410/1108 2385/5411/1108 2083/5412/1108 2082/5413/1108 

vt -5844.67 413.386
vn -0.112462 0 -0.993656
vt -6371.5 413.386
vt -6371.5 393.701
vt -5844.67 393.701
f 2387/5414/1109 2386/5415/1109 2082/5416/1109 2081/5417/1109 

vt -5737.51 413.386
vn -0.224233 0 -0.974536
vt -6328.78 413.386
vt -6328.78 393.701
vt -5737.51 393.701
f 2388/5418/1110 2387/5419/1110 2081/5420/1110 2080/5421/1110 

vt -5181.71 413.386
vn -0.213913 0 -0.976853
vt -5695.76 413.386
vt -5695.76 393.701
vt -5181.71 393.701
f 2389/5422/1111 2388/5423/1111 2080/5424/1111 2079/5425/1111 

vt -4527.68 413.386
vn -0.223366 0 -0.974735
vt -5219.99 413.386
vt -5219.99 393.701
vt -4527.68 393.701
f 2390/5426/1112 2389/5427/1112 2079/5428/1112 2078/5429/1112 

vt -4160.3 413.386
vn -0.247376 0 -0.968919
vt -4623.3 413.386
vt -4623.3 393.701
vt -4160.3 393.701
f 2391/5430/1113 2390/5431/1113 2078/5432/1113 2077/5433/1113 

vt -4115.46 413.386
vn -0.371485 0 -0.928439
vt -4621.65 413.386
vt -4621.65 393.701
vt -4115.46 393.701
f 2392/5434/1114 2391/5435/1114 2077/5436/1114 2076/5437/1114 

vt -4183.83 413.386
vn -0.548387 0 -0.836224
vt -4676.57 413.386
vt -4676.57 393.701
vt -4183.83 393.701
f 2393/5438/1115 2392/5439/1115 2076/5440/1115 2075/5441/1115 

vt -3530.16 413.386
vn -0.59718 0 -0.802107
vt -4316.74 413.386
vt -4316.74 393.701
vt -3530.16 393.701
f 2394/5442/1116 2393/5443/1116 2075/5444/1116 2074/5445/1116 

usemtl FrontColor
vt -3009.89 413.386
vn -0.706846 0 -0.707367
vt -3797.32 413.386
vt -3797.32 393.701
vt -3009.89 393.701
f 2395/5446/1117 2394/5447/1117 2074/5448/1117 2073/5449/1117 

vn -0.840946 1.49378e-16 -0.54112
vt -3275.17 413.386
vt -3275.17 393.701
f 1042/4365/1118 2395/5450/1118 2073/5451/1118 1043/4366/1118 

vn -0.832399 -3.12617e-16 -0.554177
vt -3341.16 433.071
vt -3341.16 413.386
f 1040/4379/1119 2365/5452/1119 2396/5453/1119 1041/4380/1119 

vt -3075.23 433.071
vn -0.686614 0 -0.727022
vt -3799.89 433.071
vt -3799.89 413.386
vt -3075.23 413.386
f 2365/5454/1120 2364/5455/1120 2397/5456/1120 2396/5457/1120 

usemtl D04_Dandelion_Burst
vt -3591.22 433.071
vn -0.595558 0 -0.803312
vt -4423.47 433.071
vt -4423.47 413.386
vt -3591.22 413.386
f 2364/5458/1121 2363/5459/1121 2398/5460/1121 2397/5461/1121 

vt -4364.46 433.071
vn -0.572044 0 -0.820223
vt -4826.05 433.071
vt -4826.05 413.386
vt -4364.46 413.386
f 2363/5462/1122 2362/5463/1122 2399/5464/1122 2398/5465/1122 

vt -4284.71 433.071
vn -0.389272 0 -0.921123
vt -4696.63 433.071
vt -4696.63 413.386
vt -4284.71 413.386
f 2362/5466/1123 2361/5467/1123 2400/5468/1123 2399/5469/1123 

vt -4093.02 433.071
vn -0.223044 0 -0.974808
vt -4472.2 433.071
vt -4472.2 413.386
vt -4093.02 413.386
f 2361/5470/1124 2360/5471/1124 2401/5472/1124 2400/5473/1124 

vt -4424.18 433.071
vn -0.210886 0 -0.977511
vt -5100.07 433.071
vt -5100.07 413.386
vt -4424.18 413.386
f 2360/5474/1125 2359/5475/1125 2402/5476/1125 2401/5477/1125 

vt -5060.22 433.071
vn -0.20091 0 -0.97961
vt -5570.19 433.071
vt -5570.19 413.386
vt -5060.22 413.386
f 2359/5478/1126 2358/5479/1126 2403/5480/1126 2402/5481/1126 

vt -5587.54 433.071
vn -0.205241 0 -0.978711
vt -6156.75 433.071
vt -6156.75 413.386
vt -5587.54 413.386
f 2358/5482/1127 2357/5483/1127 2404/5484/1127 2403/5485/1127 

vt -5723.69 433.071
vn -0.103877 0 -0.99459
vt -6270.73 433.071
vt -6270.73 413.386
vt -5723.69 413.386
f 2357/5486/1128 2356/5487/1128 2405/5488/1128 2404/5489/1128 

vt -5424.58 433.071
vn 0.0642563 0 -0.997933
vt -5875.79 433.071
vt -5875.79 413.386
vt -5424.58 413.386
f 2356/5490/1129 2355/5491/1129 2406/5492/1129 2405/5493/1129 

vt -4881.88 433.071
vn 0.228746 0 -0.973486
vt -5399.75 433.071
vt -5399.75 413.386
vt -4881.88 413.386
f 2355/5494/1130 2354/5495/1130 2407/5496/1130 2406/5497/1130 

vt -4549.41 433.071
vn 0.349623 0 -0.936891
vt -5089.56 433.071
vt -5089.56 413.386
vt -4549.41 413.386
f 2354/5498/1131 2353/5499/1131 2408/5500/1131 2407/5501/1131 

vt -4952.76 433.071
vn 0.367651 0 -0.929964
vt -5254.19 433.071
vt -5254.19 413.386
vt -4952.76 413.386
f 2353/5502/1132 2352/5503/1132 2409/5504/1132 2408/5505/1132 

vt -4121.69 433.071
vn 0.503355 0 -0.86408
vt -4390.16 433.071
vt -4390.16 413.386
vt -4121.69 413.386
f 2352/5506/1133 2351/5507/1133 2410/5508/1133 2409/5509/1133 

vt -3566.42 433.071
vn 0.588975 0 -0.808151
vt -3835.82 433.071
vt -3835.82 413.386
vt -3566.42 413.386
f 2351/5510/1134 2350/5511/1134 2411/5512/1134 2410/5513/1134 

usemtl FrontColor
vt -3487.08 433.071
vn 0.6223 0 -0.782779
vt -3972.54 433.071
vt -3972.54 413.386
vt -3487.08 413.386
f 2350/5514/1135 2349/5515/1135 2412/5516/1135 2411/5517/1135 

vt -3849.2 433.071
vn 0.633685 0 -0.773591
vt -4232.88 433.071
vt -4232.88 413.386
vt -3849.2 413.386
f 2349/5518/1136 2348/5519/1136 2366/5520/1136 2412/5521/1136 

vt -2454.7 452.756
vn -0.988739 1.21566e-33 -0.149649
vt -2944.94 452.756
vt -2944.94 433.071
vt -2454.7 433.071
f 2148/5522/1137 2146/5523/1137 2132/5524/1137 2145/5525/1137 

vt -1778.93 452.756
vn -0.999796 -2.80126e-33 -0.0201791
vt -2351.07 452.756
vt -2351.07 433.071
vt -1778.93 433.071
f 2149/5526/1138 2148/5527/1138 2145/5528/1138 2144/5529/1138 

vt -956.06 452.756
vn -0.965945 -1.12578e-32 0.258747
vt -1443.79 452.756
vt -1443.79 433.071
vt -956.06 433.071
f 2150/5530/1139 2149/5531/1139 2144/5532/1139 2143/5533/1139 

vt -450.417 452.756
vn -0.939519 -1.37414e-32 0.342498
vt -828.701 452.756
vt -828.701 433.071
vt -450.417 433.071
f 2151/5534/1140 2150/5535/1140 2143/5536/1140 2142/5537/1140 

vt 139.982 452.756
vn -0.903564 -1.62601e-32 0.428453
vt -309.971 452.756
vt -309.971 433.071
vt 139.982 433.071
f 2152/5538/1141 2151/5539/1141 2142/5540/1141 2141/5541/1141 

vt 466.893 452.756
vn -0.924208 -1.48997e-32 0.381891
vt 62.2301 452.756
vt 62.2301 433.071
vt 466.893 433.071
f 2153/5542/1142 2152/5543/1142 2141/5544/1142 2140/5545/1142 

vt 184.273 452.756
vn -0.986625 -8.38621e-33 0.163008
vt 109.13 452.756
vt 109.13 433.071
vt 184.273 433.071
f 2154/5546/1143 2153/5547/1143 2140/5548/1143 2139/5549/1143 

vt -548.001 452.756
vn -0.937462 6.25362e-29 -0.348088
vt -631.34 452.756
vt -631.34 433.071
vt -548.001 433.071
f 117/5550/1144 2154/5551/1144 2139/5552/1144 118/5553/1144 

vt -2328.95 433.071
vn -0.987285 -4.47731e-17 -0.158962
vt -2894.73 433.071
vt -2894.73 413.386
vt -2328.95 413.386
f 2133/5554/1145 2131/5555/1145 2120/5556/1145 2130/5557/1145 

vt -1661.6 433.071
vn -0.999662 -3.08387e-17 0.0260096
vt -2208.34 433.071
vt -2208.34 413.386
vt -1661.6 413.386
f 2134/5558/1146 2133/5559/1146 2130/5560/1146 2129/5561/1146 

vt -783.4 433.071
vn -0.945087 -5.72258e-18 0.326819
vt -1324.43 433.071
vt -1324.43 413.386
vt -783.4 413.386
f 2135/5562/1147 2134/5563/1147 2129/5564/1147 2128/5565/1147 

vt -269.816 433.071
vn -0.916647 8.62614e-19 0.399698
vt -677.749 433.071
vt -677.749 413.386
vt -269.816 413.386
f 2136/5566/1148 2135/5567/1148 2128/5568/1148 2127/5569/1148 

vt 403.022 433.071
vn -0.900464 4.126e-18 0.43493
vt -216.196 433.071
vt -216.196 413.386
vt 403.022 413.386
f 2137/5570/1149 2136/5571/1149 2127/5572/1149 2126/5573/1149 

vt 586.287 433.071
vn -0.91879 4.08339e-19 0.394748
vt 341.368 433.071
vt 341.368 413.386
vt 586.287 413.386
f 2138/5574/1150 2137/5575/1150 2126/5576/1150 2125/5577/1150 

vt -108.623 433.071
vn -0.997444 -5.24069e-18 -0.0714514
vt -124.183 433.071
vt -124.183 413.386
vt -108.623 413.386
f 119/5578/1151 2138/5579/1151 2125/5580/1151 120/5581/1151 

vt -2199.08 413.386
vn -0.986114 -4.42212e-17 -0.166072
vt -2840.44 413.386
vt -2840.44 393.701
vt -2199.08 393.701
f 2121/5582/1152 2119/5583/1152 2110/5584/1152 2118/5585/1152 

vt -1553.51 413.386
vn -0.997069 -2.24994e-17 0.0765117
vt -2076.13 413.386
vt -2076.13 393.701
vt -1553.51 393.701
f 2122/5586/1153 2121/5587/1153 2118/5588/1153 2117/5589/1153 

vt -676.146 413.386
vn -0.928441 6.33388e-18 0.371481
vt -1253.55 413.386
vt -1253.55 393.701
vt -676.146 393.701
f 2123/5590/1154 2122/5591/1154 2117/5592/1154 2116/5593/1154 

vt -105.762 413.386
vn -0.85118 2.25561e-17 0.524874
vt -461.845 413.386
vt -461.845 393.701
vt -105.762 393.701
f 2124/5594/1155 2123/5595/1155 2116/5596/1155 2115/5597/1155 

vt 564.198 413.386
vn -0.913472 0 0.406903
vt -276.822 413.386
vt -276.822 393.701
vt 564.198 393.701
f 121/5598/1156 2124/5599/1156 2115/5600/1156 122/5601/1156 

vt -2066.45 393.701
vn -0.985153 -4.23125e-17 -0.171676
vt -2783.41 393.701
vt -2783.41 374.016
v 10.2792 7.5 -51.4876
vt -2066.45 374.016
f 2111/5602/1157 2108/5603/1157 2109/5604/1157 2417/5605/1157 

vn 1.17871e-14 1 -4.987e-15
v 8.79018 7.5 -68.7276
v 5.24288 7.5 -48.9112
v 7.56743 7.5 -36.9695
v 15.7207 7.5 -23.1079
v 20.9475 7.5 -15.4094
vt 1094.94 -1.86522e-12
vt 1240.75 -1.86694e-12
v 23.737 7.5 -17.4614
v 18.7501 7.5 -25.1599
v 11.9493 7.5 -38.899
f 2109/4353/1158 1045/4231/1158 1046/1470/1158 2418/1480/1158 2419/1479/1158 2420/1478/1158 2421/1477/1158 2422/1476/1158 125/5606/1158 124/5607/1158 2423/4357/1158 2424/4356/1158 2425/4355/1158 2417/4354/1158 

vt -2491.28 374.016
vn -0.854218 -4.37052e-18 -0.519915
vt -2985.95 374.016
vt -2985.95 354.331
vt -2491.28 354.331
f 2418/5608/1159 1046/5609/1159 817/5610/1159 823/5611/1159 

vn -0.854218 -4.61895e-17 -0.519915
vt -3147.71 374.016
vt -3147.71 354.331
f 1046/5609/1160 2052/5612/1160 826/5613/1160 817/5610/1160 

vt -2873.93 374.016
vn -0.73776 0 -0.675063
vt -3788.38 374.016
vt -3788.38 354.331
vt -2873.93 354.331
f 2052/5614/1161 2051/5615/1161 827/5616/1161 826/5617/1161 

vt -3411.57 374.016
vn -0.601055 0 -0.799208
vt -4106.82 374.016
vt -4106.82 354.331
vt -3411.57 354.331
f 2051/5618/1162 2050/5619/1162 828/5620/1162 827/5621/1162 

usemtl D04_Dandelion_Burst
vt -3817.2 374.016
vn -0.508123 0 -0.861284
vt -4373.26 374.016
vt -4373.26 354.331
vt -3817.2 354.331
f 2050/5622/1163 2049/5623/1163 829/5624/1163 828/5625/1163 

vt -3911.58 374.016
vn -0.375663 0 -0.926756
vt -4508.83 374.016
vt -4508.83 354.331
vt -3911.58 354.331
f 2049/5626/1164 2048/5627/1164 830/5628/1164 829/5629/1164 

vt -4187.4 374.016
vn -0.291967 0 -0.956428
vt -4719.62 374.016
vt -4719.62 354.331
vt -4187.4 354.331
f 2048/5630/1165 2047/5631/1165 831/5632/1165 830/5633/1165 

vt -4618.73 374.016
vn -0.266939 0 -0.963713
vt -5145.86 374.016
vt -5145.86 354.331
vt -4618.73 354.331
f 2047/5634/1166 2046/5635/1166 832/5636/1166 831/5637/1166 

vt -5014.93 374.016
vn -0.235372 0 -0.971905
vt -5692.22 374.016
vt -5692.22 354.331
vt -5014.93 354.331
f 2046/5638/1167 2045/5639/1167 833/5640/1167 832/5641/1167 

vt -5792.55 374.016
vn -0.25952 0 -0.965738
vt -6484.11 374.016
vt -6484.11 354.331
vt -5792.55 354.331
f 2045/5642/1168 2044/5643/1168 834/5644/1168 833/5645/1168 

vt -6012.9 374.016
vn -0.152361 0 -0.988325
vt -6510.24 374.016
vt -6510.24 354.331
vt -6012.9 354.331
f 2044/5646/1169 2043/5647/1169 835/5648/1169 834/5649/1169 

vt -5847.74 374.016
vn -0.0218187 0 -0.999762
vt -6314.36 374.016
vt -6314.36 354.331
vt -5847.74 354.331
f 2043/5650/1170 2042/5651/1170 836/5652/1170 835/5653/1170 

vt -5070.71 374.016
vn 0.182439 0 -0.983217
vt -5593.2 374.016
vt -5593.2 354.331
vt -5070.71 354.331
f 2042/5654/1171 2041/5655/1171 837/5656/1171 836/5657/1171 

vt -4956.99 374.016
vn 0.27255 0 -0.962142
vt -5360.51 374.016
vt -5360.51 354.331
vt -4956.99 354.331
f 2041/5658/1172 2040/5659/1172 838/5660/1172 837/5661/1172 

vt -4538.72 374.016
vn 0.377572 0 -0.92598
vt -4985.9 374.016
vt -4985.9 354.331
vt -4538.72 354.331
f 2040/5662/1173 2039/5663/1173 839/5664/1173 838/5665/1173 

vt -4133.17 374.016
vn 0.474941 0 -0.880018
vt -4537.45 374.016
vt -4537.45 354.331
vt -4133.17 354.331
f 2039/5666/1174 2038/5667/1174 840/5668/1174 839/5669/1174 

usemtl FrontColor
vt -4303.56 374.016
vn 0.499792 0 -0.866145
vt -4655.74 374.016
vt -4655.74 354.331
vt -4303.56 354.331
f 2038/5670/1175 2037/5671/1175 841/5672/1175 840/5673/1175 

vt -4390.51 374.016
vn 0.52704 0 -0.84984
vt -4820.9 374.016
vt -4820.9 354.331
vt -4390.51 354.331
f 2037/5674/1176 2036/5675/1176 842/5676/1176 841/5677/1176 

vt -4404.04 374.016
vn 0.567889 0 -0.823105
vt -4703.32 374.016
vt -4703.32 354.331
vt -4404.04 354.331
f 2036/5678/1177 2035/5679/1177 843/5680/1177 842/5681/1177 

vt -4608.63 374.016
vn 0.57684 0 -0.816857
vt -4878.74 374.016
vt -4878.74 354.331
vt -4608.63 354.331
f 2035/5682/1178 2034/5683/1178 844/5684/1178 843/5685/1178 

vt -4642.94 374.016
vn 0.598606 -3.68352e-17 -0.801044
vt -4790.09 374.016
vt -4790.09 354.331
vt -4642.94 354.331
f 2034/5686/1179 894/5687/1179 845/5688/1179 844/5689/1179 

vn 0.598606 -1.91158e-16 -0.801044
vt -4936.02 374.016
vt -4936.02 354.331
f 894/5687/1180 2030/5690/1180 889/5691/1180 845/5688/1180 

usemtl A06_Ruby_Spark
vt -4425.05 374.016
vn 0.643272 0 -0.765638
vt -4875.86 374.016
vt -4875.86 354.331
vt -4425.05 354.331
f 2030/5692/1181 2029/5693/1181 888/5694/1181 889/5695/1181 

usemtl FrontColor
vt -1931.88 374.016
vn -0.984353 -4.56055e-17 -0.176207
vt -2724.45 374.016
vt -2724.45 354.331
vt -1931.88 354.331
f 2419/5696/1182 2418/5697/1182 823/5698/1182 822/5699/1182 

vt -1371.75 374.016
vn -0.981576 -1.14871e-17 0.191073
vt -1850.72 374.016
vt -1850.72 354.331
vt -1371.75 354.331
f 2420/5700/1183 2419/5701/1183 822/5702/1183 821/5703/1183 

vt -470.375 374.016
vn -0.86195 2.1347e-17 0.506993
vt -1103.51 374.016
vt -1103.51 354.331
vt -470.375 354.331
f 2421/5704/1184 2420/5705/1184 821/5706/1184 820/5707/1184 

vt -38.6808 374.016
vn -0.827339 2.74465e-17 0.561704
vt -405.025 374.016
vt -405.025 354.331
vt -38.6808 354.331
f 2422/5708/1185 2421/5709/1185 820/5710/1185 819/5711/1185 

vt 445.534 374.016
vt -218.6 374.016
vt -218.6 354.331
vt 445.534 354.331
f 125/5712/1156 2422/5713/1156 819/5714/1156 126/5715/1156 

vt 504.866 393.701
vt -247.711 393.701
vt -247.711 374.016
vt 504.866 374.016
f 123/5716/1156 2114/5717/1156 2423/5718/1156 124/5719/1156 

vt -68.8918 393.701
vn -0.839292 2.42801e-17 0.543681
vt -430.018 393.701
vt -430.018 374.016
vt -68.8918 374.016
f 2114/5720/1186 2113/5721/1186 2424/5722/1186 2423/5723/1186 

vt -560.269 393.701
vn -0.896216 1.39532e-17 0.443619
vt -1163.82 393.701
vt -1163.82 374.016
vt -560.269 374.016
f 2113/5724/1187 2112/5725/1187 2425/5726/1187 2424/5727/1187 

vt -1456.28 393.701
vn -0.991314 -1.59723e-17 0.131515
vt -1956.24 393.701
vt -1956.24 374.016
vt -1456.28 374.016
f 2112/5728/1188 2111/5729/1188 2417/5730/1188 2425/5731/1188 

vt -2140.81 472.441
vn 0.860495 -4.28451e-18 -0.509459
vt -2388.89 472.441
vt -2388.89 452.756
vt -2140.81 452.756
f 1486/5732/1189 1492/5733/1189 1504/5734/1189 1487/5735/1189 

vt -1966.06 472.441
vn 0.882653 -2.40557e-18 -0.470025
vt -2450.14 472.441
vt -2450.14 452.756
vt -1966.06 452.756
f 1492/5736/1190 1491/5737/1190 1505/5738/1190 1504/5739/1190 

vt -1410.12 472.441
vn 0.928681 2.14974e-18 -0.370878
vt -1799.39 472.441
vt -1799.39 452.756
vt -1410.12 452.756
f 1491/5740/1191 1490/5741/1191 1506/5742/1191 1505/5743/1191 

vt -838.781 472.441
vn 0.960859 6.26274e-18 -0.277039
vt -1297.51 472.441
vt -1297.51 452.756
vt -838.781 452.756
f 1490/5744/1192 1489/5745/1192 1507/5746/1192 1506/5747/1192 

vt -2545.54 472.441
vn 0.916974 8.83209e-19 -0.398947
vt -2948.42 472.441
vt -2948.42 452.756
vt -2545.54 452.756
f 1489/5748/1193 1488/5749/1193 1495/5750/1193 1507/5751/1193 

vt -10055.9 472.441
vn 0.0675514 -3.65887e-17 -0.997716
vt -10514.2 472.441
vt -10514.2 452.756
vt -10055.9 452.756
f 1493/5752/1194 1496/5753/1194 1499/5754/1194 1494/5755/1194 

vt -9317.18 472.441
vn 0.495906 -2.42259e-17 -0.868376
vt -9665.67 472.441
vt -9665.67 452.756
vt -9317.18 452.756
f 1497/5756/1195 1500/5757/1195 1501/5758/1195 1498/5759/1195 

usemtl F05_Fresh_Green
vn -3.52842e-33 -1 5.40265e-33
vt -6727.85 1694.11
vt -6727.85 2024.09
f 890/3585/1196 1047/5760/1196 930/5761/1196

vt -12104.6 1.58291e-12
f 143/5762/1196 1047/5760/1196 890/3585/1196

f 143/5762/1196 747/1830/1196 1047/5760/1196

vt -1.13687e-13 2.16256e-30
f 142/5763/1196 747/1830/1196 143/5762/1196

vt -8.01498e-13 7577.26
f 747/1830/1196 142/5763/1196 484/5764/1196

vt -1735.74 5967.2
f 484/5764/1196 714/5765/1196 747/1830/1196

vt -8342.53 7037.45
f 714/5765/1196 484/5764/1196 713/5766/1196

vt -12104.6 7577.26
f 713/5766/1196 484/5764/1196 389/5767/1196

f 713/5766/1196 389/5767/1196 890/3585/1196

f 143/5762/1196 890/3585/1196 389/5767/1196

usemtl D04_Dandelion_Burst
f 930/5761/668 1047/5760/668 747/1830/668 714/5765/668 713/5766/668 890/3585/668 

usemtl FrontColor
vt -798.888 748.031
vn -0.942259 0 -0.334886
vt -2006.46 748.031
vt -2006.46 728.346
vt -798.888 728.346
f 87/5768/1197 1115/5769/1197 1127/5770/1197 88/5771/1197 

vt -1704.64 748.031
vn -0.977168 -9.39528e-33 -0.21247
vt -2065.66 748.031
vt -2065.66 728.346
vt -1704.64 728.346
f 1115/5772/1198 1114/5773/1198 1128/5774/1198 1127/5775/1198 

vt -3090.78 748.031
vn -0.69989 3.7634e-33 -0.714251
vt -3227.5 748.031
vt -3227.5 728.346
vt -3090.78 728.346
f 1114/5776/1199 1113/5777/1199 1129/5778/1199 1128/5779/1199 

vt -3270.14 748.031
vn -0.663696 4.88838e-33 -0.748002
vt -3492.16 748.031
vt -3492.16 728.346
vt -3270.14 728.346
f 1113/5780/1200 1112/5781/1200 1130/5782/1200 1129/5783/1200 

vt -3570.77 748.031
vn -0.540541 8.31439e-33 -0.841317
vt -3974.58 748.031
vt -3974.58 728.346
vt -3570.77 728.346
f 1112/5784/1201 1111/5785/1201 1121/5786/1201 1130/5787/1201 

vt -839.845 767.717
vn -0.938878 0 -0.34425
vt -2106.87 767.717
vt -2106.87 748.031
vt -839.845 748.031
f 85/5788/1202 1057/5789/1202 1116/5790/1202 86/5791/1202 

vt -2054.44 767.717
vn -0.946437 0 -0.322889
vt -2400.93 767.717
vt -2400.93 748.031
vt -2054.44 748.031
f 1057/5792/1203 1056/5793/1203 1117/5794/1203 1116/5795/1203 

vt -3259.83 767.717
vn -0.647085 0 -0.762418
vt -3353.84 767.717
vt -3353.84 748.031
vt -3259.83 748.031
f 1056/5796/1204 1055/5797/1204 1118/5798/1204 1117/5799/1204 

vt -3440.57 767.717
vn -0.488031 0 -0.872826
vt -3678.35 767.717
vt -3678.35 748.031
vt -3440.57 748.031
f 1055/5800/1205 1054/5801/1205 1119/5802/1205 1118/5803/1205 

vt -3661.62 767.717
vn -0.36909 0 -0.929394
vt -4086.24 767.717
vt -4086.24 748.031
vt -3661.62 748.031
f 1054/5804/1206 1053/5805/1206 1120/5806/1206 1119/5807/1206 

vt -4076.47 767.717
vn -0.347211 0 -0.937787
vt -4856.71 767.717
vt -4856.71 748.031
vt -4076.47 748.031
f 1053/5808/1207 1052/5809/1207 1061/5810/1207 1120/5811/1207 

vn -1.22091e-14 1 4.97332e-15
f 179/1927/1208 178/187/1208 183/206/1208 1050/1992/1208 1051/7/1208 1067/1928/1208 

vn 0.849274 -1.10496e-16 -0.527953
f 1050/2008/1209 183/213/1209 189/216/1209 1049/2009/1209 

vn 1.95514e-14 1 -1.3844e-14
f 1049/1992/1210 189/206/1210 1048/1990/1210

vt -1550.55 767.717
vn 0.880879 0 -0.473341
vt -1906.27 767.717
vt -1906.27 748.031
vt -1550.55 748.031
f 1066/5812/1211 180/5813/1211 179/5814/1211 1067/5815/1211 

vt -948.553 787.402
vn -0.924832 0 -0.380377
vt -2206.55 787.402
vt -2206.55 767.717
vt -948.553 767.717
f 32/5816/1212 31/5817/1212 1058/5818/1212 84/5819/1212 

vt -3009.95 787.402
vn -0.653584 0 -0.756854
vt -3689.4 787.402
vt -3689.4 767.717
vt -3009.95 767.717
f 31/5820/1213 30/5821/1213 1059/5822/1213 1058/5823/1213 

vt -3834.67 787.402
vn -0.374005 0 -0.927427
vt -4605.14 787.402
vt -4605.14 767.717
vt -3834.67 767.717
f 30/5824/1214 29/5825/1214 1060/5826/1214 1059/5827/1214 

vt -4517.16 787.402
vn -0.222127 0 -0.975018
vt -5020.53 787.402
vt -5020.53 767.717
vt -4517.16 767.717
f 29/5828/1215 19/5829/1215 20/5830/1215 1060/5831/1215 

usemtl F05_Fresh_Green
vn 3.93231e-14 1 3.17431e-14
v 26.3069 6 -111.172
vt 1035.71 4376.85
f 751/1723/1216 752/1722/1216 2426/5832/1216 776/1342/1216 778/1349/1216 

usemtl FrontColor
vt -3481.62 314.961
vn -0.6075 -2.18433e-14 -0.794319
vt -3504.69 314.961
vt -3504.69 295.276
v 26.3069 5.5 -111.172
vt -3481.62 295.276
f 2426/5833/1217 752/5834/1217 753/5835/1217 2427/5836/1217 

vn -0.6075 -2.26027e-14 -0.794319
vt -4048.98 314.961
v 37.7539 5.5 -119.927
vt -4048.98 295.276
f 752/5834/1218 968/5837/1218 2428/5838/1218 753/5835/1218 

vt -2193.4 314.961
vn -0.153475 0 -0.988153
vt -2439.85 314.961
v 43.9396 5.5 -120.887
vt -2439.85 295.276
vt -2193.4 295.276
f 968/5839/1219 967/5840/1219 2429/5841/1219 2428/5842/1219 

usemtl D04_Dandelion_Burst
vt -3144.11 314.961
vn -0.315734 0 -0.948848
vt -3594.55 314.961
v 54.7957 5.5 -124.5
vt -3594.55 295.276
vt -3144.11 295.276
f 967/5843/1220 966/5844/1220 2430/5845/1220 2429/5846/1220 

vt -3649.55 314.961
vn -0.328933 0 -0.944353
vt -4442.93 314.961
v 73.8262 5.5 -131.128
vt -4442.93 295.276
vt -3649.55 295.276
f 966/5847/1221 965/5848/1221 2431/5849/1221 2430/5850/1221 

vt -4315.11 314.961
vn -0.298513 0 -0.954406
vt -5058.36 314.961
v 91.8441 5.5 -136.764
vt -5058.36 295.276
vt -4315.11 295.276
f 965/5851/1222 964/5852/1222 2432/5853/1222 2431/5854/1222 

vt -5002.48 314.961
vn -0.285459 0 -0.958391
vt -5605.38 314.961
v 106.521 5.5 -141.135
vt -5605.38 295.276
vt -5002.48 295.276
f 964/5855/1223 963/5856/1223 2433/5857/1223 2432/5858/1223 

vt -5479.42 314.961
vn -0.256669 0 -0.966499
vt -6097.71 314.961
v 121.699 5.5 -145.166
vt -6097.71 295.276
vt -5479.42 295.276
f 963/5859/1224 962/5860/1224 2434/5861/1224 2433/5862/1224 

vt -6351.25 314.961
vn -0.315868 0 -0.948803
vt -7069.63 314.961
v 139.012 5.5 -150.93
vt -7069.63 295.276
vt -6351.25 295.276
f 962/5863/1225 961/5864/1225 2435/5865/1225 2434/5866/1225 

vt -7135.45 314.961
vn -0.332047 0 -0.943263
vt -7650.99 314.961
v 151.364 5.5 -155.278
vt -7650.99 295.276
vt -7135.45 295.276
f 961/5867/1226 960/5868/1226 2436/5869/1226 2435/5870/1226 

usemtl FrontColor
vt -8086.7 314.961
vn -0.902047 0 -0.431637
vt -8536.87 314.961
v 156.299 5.5 -165.592
vt -8536.87 295.276
vt -8086.7 295.276
f 960/5871/1227 959/5872/1227 2437/5873/1227 2436/5874/1227 

vt -8567.77 314.961
vn -0.897025 -1.02324e-14 -0.441979
vt -8567.77 295.276
f 959/5875/1228 524/882/1228 528/885/1228 2437/5876/1228 

usemtl D04_Dandelion_Burst
vn -5.84892e-15 1 -1.79592e-14
v 137.454 5.5 -159.284
vt 5411.56 6271.01
v 123.395 5.5 -150.415
vt 4858.06 5921.84
v 111.993 5.5 -144.928
vt 4409.17 5705.83
v 99.5325 5.5 -141.764
vt 3918.6 5581.25
v 83.2695 5.5 -137.173
vt 3278.33 5400.51
v 69.7912 5.5 -133.493
vt 2747.69 5255.64
v 53.3058 5.5 -128.773
vt 2098.65 5069.8
v 42.4038 5.5 -126.808
vt 1669.44 4992.44
v 35.345 5.5 -125.622
vt 1391.53 4945.75
vt 1237.93 4816.09
f 2437/1712/1229 528/879/1229 530/887/1229 2438/5877/1229 2439/5878/1229 2440/5879/1229 2441/5880/1229 2442/5881/1229 2443/5882/1229 2444/5883/1229 2445/5884/1229 2446/5885/1229 754/5886/1229 753/1722/1229 2428/1721/1229 2429/1720/1229 2430/1719/1229 2431/1718/1229 2432/1717/1229 2433/1716/1229 2434/1715/1229 2435/1714/1229 2436/1713/1229 

usemtl FrontColor
vt -8282.42 295.276
vn -0.748305 -1.53624e-14 -0.663355
v 137.454 5 -159.284
vt -8282.42 275.591
f 2438/5887/1230 530/890/1230 533/893/1230 2447/5888/1230 

usemtl D04_Dandelion_Burst
vn -7.47313e-15 1 -2.23443e-14
v 135.882 5 -160.435
vt 5349.67 6316.33
v 128.418 5 -155.363
vt 5055.82 6116.66
v 115.345 5 -148.75
vt 4541.13 5856.31
v 102.718 5 -145.393
vt 4044.02 5724.14
v 84.4145 5 -140.171
vt 3323.41 5518.54
v 71.0167 5 -136.946
vt 2795.93 5391.58
v 55.0472 5 -133.281
vt 2167.21 5247.27
v 42.4707 5 -131.903
vt 1672.08 5193.02
v 35.345 5 -125.622
v 42.4038 5 -126.808
v 53.3058 5 -128.773
v 69.7912 5 -133.493
v 83.2695 5 -137.173
v 99.5325 5 -141.764
v 111.993 5 -144.928
v 123.395 5 -150.415
f 2447/5877/1231 533/887/1231 536/903/1231 2448/5889/1231 2449/5890/1231 2450/5891/1231 2451/5892/1231 2452/5893/1231 2453/5894/1231 2454/5895/1231 2455/5896/1231 756/1325/1231 755/5886/1231 2456/5885/1231 2457/5884/1231 2458/5883/1231 2459/5882/1231 2460/5881/1231 2461/5880/1231 2462/5879/1231 2463/5878/1231 

usemtl FrontColor
vt -7989.68 275.591
vn -0.905474 -1.00174e-14 -0.424401
v 135.882 4.5 -160.435
vt -7989.68 255.906
f 2448/5897/1232 536/905/1232 538/908/1232 2464/5898/1232 

usemtl D04_Dandelion_Burst
vn -6.90901e-15 1 -2.17365e-14
v 125.502 4.5 -157.175
v 121.802 4.5 -154.661
v 113.382 4.5 -150.866
v 103.247 4.5 -148.169
v 85.5595 4.5 -143.169
v 72.2422 4.5 -140.399
v 56.7885 4.5 -137.788
v 42.5376 4.5 -136.997
v 42.4707 4.5 -131.903
v 55.0472 4.5 -133.281
v 71.0167 4.5 -136.946
v 84.4145 4.5 -140.171
v 102.718 4.5 -145.393
v 115.345 4.5 -148.75
v 128.418 4.5 -155.363
f 2464/5889/1233 538/903/1233 540/914/1233 2465/1277/1233 2466/1276/1233 2467/1275/1233 2468/1274/1233 2469/1273/1233 2470/1272/1233 2471/1271/1233 2472/1270/1233 746/1269/1233 757/1325/1233 2473/5896/1233 2474/5895/1233 2475/5894/1233 2476/5893/1233 2477/5892/1233 2478/5891/1233 2479/5890/1233 

usemtl FrontColor
vt -7793.75 255.906
vn -0.879508 -1.09806e-14 -0.475884
vt -7793.75 236.22
f 2465/5899/1234 540/916/1234 542/919/1234 741/5900/1234 

vt -7388.52 255.906
vn -0.562032 0 -0.827115
vt -7564.65 255.906
vt -7564.65 236.22
vt -7388.52 236.22
f 2466/5901/1235 2465/5902/1235 741/5903/1235 740/5904/1235 

usemtl D04_Dandelion_Burst
vt -6510.21 255.906
vn -0.410901 0 -0.91168
vt -6873.79 255.906
vt -6873.79 236.22
vt -6510.21 236.22
f 2467/5905/1236 2466/5906/1236 740/5907/1236 739/5908/1236 

vt -5428.08 255.906
vn -0.257125 0 -0.966378
vt -5841.01 255.906
vt -5841.01 236.22
vt -5428.08 236.22
f 2468/5909/1237 2467/5910/1237 739/5911/1237 738/5912/1237 

vt -4774.85 255.906
vn -0.272046 0 -0.962284
vt -5498.49 255.906
vt -5498.49 236.22
vt -4774.85 236.22
f 2469/5913/1238 2468/5914/1238 738/5915/1238 737/5916/1238 

vt -3910.14 255.906
vn -0.203625 0 -0.979049
vt -4445.66 255.906
vt -4445.66 236.22
vt -3910.14 236.22
f 2470/5917/1239 2469/5918/1239 737/5919/1239 736/5920/1239 

vt -3108.2 255.906
vn -0.166583 0 -0.986027
vt -3725.23 255.906
vt -3725.23 236.22
vt -3108.2 236.22
f 2471/5921/1240 2470/5922/1240 736/5923/1240 735/5924/1240 

vt -1971 255.906
vn -0.0554107 0 -0.998464
vt -2532.92 255.906
vt -2532.92 236.22
vt -1971 236.22
f 2472/5925/1241 2471/5926/1241 735/5927/1241 734/5928/1241 

usemtl FrontColor
vt -1894.28 255.906
vn -0.0776398 -2.39223e-14 -0.996981
vt -2088.41 255.906
vt -2088.41 236.22
vt -1894.28 236.22
f 746/5929/1242 2472/5930/1242 734/5931/1242 733/5932/1242 

vt -1963.88 275.591
vn -0.113559 -2.5496e-14 -0.993531
vt -2250.97 275.591
vt -2250.97 255.906
vt -1963.88 255.906
f 756/5933/1243 2455/5934/1243 2473/5935/1243 757/5936/1243 

usemtl D04_Dandelion_Burst
vt -2227.75 275.591
vn -0.108919 0 -0.994051
vt -2725.85 275.591
vt -2725.85 255.906
vt -2227.75 255.906
f 2455/5937/1244 2454/5938/1244 2474/5939/1244 2473/5940/1244 

vt -3286.17 275.591
vn -0.223714 0 -0.974655
vt -3931.24 275.591
vt -3931.24 255.906
vt -3286.17 255.906
f 2454/5941/1245 2453/5942/1245 2475/5943/1245 2474/5944/1245 

vt -3979.97 275.591
vn -0.234007 0 -0.972235
vt -4522.51 275.591
vt -4522.51 255.906
vt -3979.97 255.906
f 2453/5945/1246 2452/5946/1246 2476/5947/1246 2475/5948/1246 

vt -4709.95 275.591
vn -0.274362 0 -0.961627
vt -5459.32 275.591
vt -5459.32 255.906
vt -4709.95 255.906
f 2452/5949/1247 2451/5950/1247 2477/5951/1247 2476/5952/1247 

vt -5379.1 275.591
vn -0.256959 0 -0.966422
vt -5893.48 275.591
vt -5893.48 255.906
vt -5379.1 255.906
f 2451/5953/1248 2450/5954/1248 2478/5955/1248 2477/5956/1248 

vt -6695.56 275.591
vn -0.451363 0 -0.89234
vt -7272.35 275.591
vt -7272.35 255.906
vt -6695.56 255.906
f 2450/5957/1249 2449/5958/1249 2479/5959/1249 2478/5960/1249 

usemtl FrontColor
vt -7619.51 275.591
vt -7974.78 275.591
vt -7974.78 255.906
vt -7619.51 255.906
f 2449/5961/1235 2448/5962/1235 2464/5963/1235 2479/5964/1235 

usemtl D04_Dandelion_Burst
v 33.7374 5 -130.904
vt -1904.91 275.591
vn -0.113559 7.64367e-18 -0.993531
vt -1904.91 255.906
f 2480/5965/1250 756/5933/1250 757/5936/1250 763/5966/1250 

usemtl F05_Fresh_Green
vn 2.42828e-14 1 1.4976e-14
v 16.6618 5 -116.673
v 21.4844 5 -113.922
vt 845.842 4485.14
f 755/5886/1251 756/1325/1251 2480/1324/1251 2481/1323/1251 768/1322/1251 770/1335/1251 2482/5967/1251 

usemtl D04_Dandelion_Burst
vt -3444.77 275.591
vn -0.640232 5.53684e-15 -0.768181
vt -4319.91 275.591
vt -4319.91 255.906
vt -3444.77 255.906
f 2481/5968/1252 2480/5969/1252 763/5970/1252 762/5971/1252 

vn -0.656517 1.03252e-14 -0.754311
vt -3510.47 275.591
vt -3510.47 255.906
f 768/1331/1253 2481/5972/1253 762/5973/1253 761/1332/1253 

usemtl FrontColor
vn -0.660517 3.55147e-15 -0.750811
v 21.4844 5.5 -113.922
vt -3597.58 295.276
vt -3597.58 275.591
f 772/1338/1254 2483/5974/1254 2482/5975/1254 770/1339/1254 

usemtl F05_Fresh_Green
vn 1.65216e-14 1 5.35522e-15
f 753/1722/1255 754/5886/1255 2483/5967/1255 772/1335/1255 774/1342/1255 2427/5832/1255 

usemtl FrontColor
vt -3539.37 295.276
vn -0.645021 -2.17322e-14 -0.764165
vt -4052.46 295.276
vt -4052.46 275.591
vt -3539.37 275.591
f 2483/5976/1256 754/5977/1256 755/5978/1256 2482/5979/1256 

vn -0.645021 -2.15427e-14 -0.764165
vt -4253.47 295.276
vt -4253.47 275.591
f 754/5977/1257 2446/5980/1257 2456/5981/1257 755/5978/1257 

vt -2191.72 295.276
vn -0.165681 0 -0.986179
vt -2473.52 295.276
vt -2473.52 275.591
vt -2191.72 275.591
f 2446/5982/1258 2445/5983/1258 2457/5984/1258 2456/5985/1258 

usemtl D04_Dandelion_Burst
vt -2528.61 295.276
vn -0.177398 0 -0.984139
vt -2964.74 295.276
vt -2964.74 275.591
vt -2528.61 275.591
f 2445/5986/1259 2444/5987/1259 2458/5988/1259 2457/5989/1259 

vt -3413.12 295.276
vn -0.275266 0 -0.961368
vt -4088.24 295.276
vt -4088.24 275.591
vt -3413.12 275.591
f 2444/5990/1260 2443/5991/1260 2459/5992/1260 2458/5993/1260 

vt -4034.85 295.276
vn -0.263368 0 -0.964695
vt -4584.91 295.276
vt -4584.91 275.591
vt -4034.85 275.591
f 2443/5994/1261 2442/5995/1261 2460/5996/1261 2459/5997/1261 

vt -4622.18 295.276
vn -0.271669 0 -0.962391
vt -5287.48 295.276
vt -5287.48 275.591
vt -4622.18 275.591
f 2442/5998/1262 2441/5999/1262 2461/6000/1262 2460/6001/1262 

vt -5171.83 295.276
vn -0.246144 0 -0.969233
vt -5677.97 295.276
vt -5677.97 275.591
vt -5171.83 275.591
f 2441/6002/1263 2440/6003/1263 2462/6004/1263 2461/6005/1263 

vt -6447.21 295.276
vn -0.43361 0 -0.9011
vt -6945.37 295.276
vt -6945.37 275.591
vt -6447.21 275.591
f 2440/6006/1264 2439/6007/1264 2463/6008/1264 2462/6009/1264 

vt -7268.39 295.276
vn -0.533549 0 -0.845769
vt -7922.83 295.276
vt -7922.83 275.591
vt -7268.39 275.591
f 2439/6010/1265 2438/6011/1265 2447/6012/1265 2463/6013/1265 

usemtl FrontColor
vn -0.663022 1.31231e-14 -0.7486
vt -3677.28 314.961
vt -3677.28 295.276
f 776/1345/1266 2426/6014/1266 2427/6015/1266 774/1346/1266 

vt -144.733 354.331
vn -0.771054 0 0.63677
vt -1061.26 354.331
vt -1061.26 334.646
vt -144.733 334.646
f 816/6016/1267 795/6017/1267 794/6018/1267 815/6019/1267 

vt -122.498 334.646
vt -898.218 334.646
vt -898.218 314.961
vt -122.498 314.961
f 814/6020/1267 793/6021/1267 792/6022/1267 813/6023/1267 

vt -100.263 314.961
vt -735.179 314.961
vt -735.179 295.276
vt -100.263 295.276
f 812/6024/1267 791/6025/1267 790/6026/1267 811/6027/1267 

vt -78.0278 295.276
vt -572.14 295.276
vt -572.14 275.591
vt -78.0278 275.591
f 810/6028/1267 789/6029/1267 788/6030/1267 809/6031/1267 

vt -55.7927 275.591
vt -409.1 275.591
vt -409.1 255.906
vt -55.7927 255.906
f 808/6032/1267 787/6033/1267 786/6034/1267 807/6035/1267 

vt -33.5576 255.906
vt -246.061 255.906
vt -246.061 236.22
vt -33.5576 236.22
f 806/6036/1267 785/6037/1267 784/6038/1267 805/6039/1267 

v 2.88765e-15 4 -0
vt 2.86442e-13 1.20129e-13
vt 74.2504 1.20129e-13
vt 1.72755e-13 107.674
f 2484/6040/229 139/6041/229 804/1410/229 783/6042/229 

vt -11.3225 236.22
vt -83.0222 236.22
vt -83.0222 216.535
vt -11.3225 216.535
f 804/6043/1267 783/6044/1267 782/6045/1267 803/6046/1267 

vt -2793.76 255.906
vn -0.649114 0 -0.760691
vt -3406.52 255.906
v 11.8393 4 -119.423
vt -3406.52 236.22
vt -2793.76 236.22
f 766/6047/1268 765/6048/1268 2485/6049/1268 799/6050/1268 

vt -3353.95 255.906
vn -0.636918 3.593e-15 -0.770932
vt -3772.97 255.906
v 20.0445 4 -126.202
vt -3772.97 236.22
vt -3353.95 236.22
f 765/6051/1269 760/6052/1269 2486/6053/1269 2485/6054/1269 

usemtl D04_Dandelion_Burst
vt 4390.15 255.906
vn 0.636918 -3.13186e-15 0.770932
vt 3772.97 255.906
vt 3772.97 236.22
vt 4390.15 236.22
f 758/6055/1270 760/6056/1270 2486/6057/1270 759/6058/1270 

usemtl FrontColor
vt -789.153 4968.6
vn -4.03833e-14 -1 -4.52075e-14
v 24.5809 4 -136.692
vt -967.754 5381.58
v 31.7641 4 -142.489
vt -1250.56 5609.82
vt -1582.6 5613.09
vt -1481.16 5378.53
vt -1264.96 5361.69
f 2486/6059/1271 2487/6060/1271 2488/6061/1271 732/6062/1271 733/6063/1271 759/6064/1271 

vn 9.02629e-15 1 4.43841e-15
v 10.7419 4 -125.523
vt 422.909 4941.84
vt -2.13219e-12 4642.21
vt -2.13181e-12 4303.97
f 2485/1328/1272 2486/1321/1272 2487/1205/1272 2489/6065/1272 800/6066/1272 799/6067/1272 

vt -3432.83 236.22
vn -0.628053 -4.78941e-16 -0.778171
vt -4132.99 236.22
vt -4132.99 216.535
v 10.7419 3.5 -125.523
vt -3432.83 216.535
f 2489/6068/1273 2487/6069/1273 696/6070/1273 2490/6071/1273 

vt 4132.99 216.535
vn 0.628053 -6.0542e-14 0.778171
vt 4496.41 216.535
vt 4496.41 236.22
vt 4132.99 236.22
f 696/6072/1274 697/6073/1274 2488/6074/1274 2487/6075/1274 

v 31.7641 3 -142.489
vt 4496.41 196.85
vn 0.628053 -1.58686e-14 0.778171
v 24.5809 3 -136.692
vt 4132.99 196.85
f 2491/6076/1275 697/6073/1275 696/6072/1275 2492/6077/1275 

vt 1637.74 196.85
vn 0.00983665 -2.34396e-14 0.999952
vt 1637.74 216.535
vt 1305.68 216.535
vt 1305.68 196.85
f 699/6078/1276 691/6079/1276 697/6080/1276 2491/6081/1276 

vn 0.00983665 -4.56026e-14 0.999952
vt 1637.74 236.22
vt 1305.68 236.22
f 697/6080/1277 691/6079/1277 732/6082/1277 2488/6083/1277 

vn -3.6557e-14 -1 -3.17763e-14
vt -1215.15 5953.64
vt -1492.12 6076.17
v 38.4754 3 -154.298
vt -1514.78 6074.71
vt -1632.83 6022.91
vt -1736.81 5969.67
f 2492/6060/1278 683/6084/1278 689/6085/1278 2493/6086/1278 716/6087/1278 715/6088/1278 698/5765/1278 699/6062/1278 2491/6061/1278 

v 46.308 3 -156.7
vt -1823.15 6169.31
vn -1.74048e-14 -1 -3.16105e-14
vt -1338.4 6238.62
v 37.1013 3 -158.345
vt -1460.68 6234.06
v 44.4774 3 -157.548
vt -1751.08 6202.67
f 2494/6089/1279 715/6088/1279 716/6087/1279 2493/6086/1279 689/6085/1279 683/6084/1279 681/6090/1279 2495/6091/1279 2496/6092/1279 

v 50.7596 3 -154.64
vt 1998.41 6088.18
vn -2.87095e-14 1 9.90841e-14
vt 1823.15 6169.31
vt 2145.75 6033.62
f 2497/6093/1280 2494/6094/1280 715/1201/1280 701/1246/1280 702/6095/1280 

vt 937.092 196.85
vn 0.420076 -7.79562e-17 -0.907489
vt 743.965 196.85
v 50.7596 2.5 -154.64
vt 743.965 177.165
v 46.308 2.5 -156.7
vt 937.092 177.165
f 2494/6096/1281 2497/6097/1281 2498/6098/1281 2499/6099/1281 

vt 240.173 196.85
vn 0.347266 -1.45307e-14 -0.937767
vt 83.055 196.85
vt 83.055 177.165
vt 240.173 177.165
f 2497/6100/1282 702/6101/1282 703/6102/1282 2498/6103/1282 

vn 0.347266 -2.16421e-14 -0.937767
v 57.1529 3 -152.272
vt -28.2351 196.85
v 57.1529 2.5 -152.272
vt -28.2351 177.165
f 702/6101/1283 2500/6104/1283 2501/6105/1283 703/6102/1283 

usemtl D04_Dandelion_Burst
vt 2250.12 5994.97
vn -7.55536e-15 1 -3.17452e-14
v 58.0114 3 -145.643
v 68.3901 3 -144.846
v 81.6092 3 -147.133
v 96.5265 3 -151.789
v 107.33 3 -155.178
v 99.4958 3 -156.366
vt 3917.16 6156.12
v 91.0858 3 -153.341
vt 3586.06 6037.04
v 78.3627 3 -150.316
vt 3085.15 5917.95
v 68.0756 3 -149.648
vt 2680.14 5891.64
f 2500/6106/1284 702/6095/1284 701/1246/1284 718/1261/1284 2502/1260/1284 2503/1259/1284 2504/1258/1284 2505/1257/1284 2506/1256/1284 548/931/1284 550/942/1284 2507/6107/1284 2508/6108/1284 2509/6109/1284 2510/6110/1284 

vt 551.214 216.535
vn 0.380785 0 -0.924664
vt 71.5686 216.535
vt 71.5686 196.85
vt 551.214 196.85
f 717/6111/1285 724/6112/1285 2502/6113/1285 718/6114/1285 

vt -1838.12 216.535
vn 0.076576 0 -0.997064
vt -2247.94 216.535
vt -2247.94 196.85
vt -1838.12 196.85
f 724/6115/1286 723/6116/1286 2503/6117/1286 2502/6118/1286 

vt -3625.05 216.535
vn -0.170433 0 -0.985369
vt -4153.21 216.535
vt -4153.21 196.85
vt -3625.05 196.85
f 723/6119/1287 722/6120/1287 2504/6121/1287 2503/6122/1287 

vt -4793.03 216.535
vn -0.297969 0 -0.954576
vt -5408.28 216.535
vt -5408.28 196.85
vt -4793.03 196.85
f 722/6123/1288 721/6124/1288 2505/6125/1288 2504/6126/1288 

vt -5414.5 216.535
vn -0.29927 0 -0.954169
vt -5860.29 216.535
vt -5860.29 196.85
vt -5414.5 196.85
f 721/6127/1289 720/6128/1289 2506/6129/1289 2505/6130/1289 

usemtl FrontColor
vt -7265.82 216.535
vn -0.686114 -1.67156e-14 -0.727494
vt -7265.82 196.85
f 720/6131/1290 546/933/1290 548/936/1290 2506/6132/1290 

vt -6895.74 196.85
vn -0.621811 -1.79409e-14 -0.783167
v 99.4958 2.5 -156.366
vt -6895.74 177.165
f 2507/6133/1291 550/944/1291 552/947/1291 2511/6134/1291 

usemtl D04_Dandelion_Burst
v 66.1379 2.5 -153.83
vt 2603.85 6056.29
vn -6.32561e-15 1 -3.19419e-14
v 68.0756 2.5 -149.648
v 78.3627 2.5 -150.316
v 91.0858 2.5 -153.341
v 91.6612 2.5 -157.553
vt 3608.71 6202.89
v 85.6452 2.5 -154.892
vt 3371.86 6098.13
v 77.5771 2.5 -152.231
vt 3054.22 5993.36
v 72.6827 2.5 -151.914
vt 2861.52 5980.85
f 2512/6135/1292 704/968/1292 703/6095/1292 2501/6106/1292 2513/6110/1292 2514/6109/1292 2515/6108/1292 2511/6107/1292 552/942/1292 554/953/1292 2516/6136/1292 2517/6137/1292 2518/6138/1292 2519/6139/1292 

usemtl FrontColor
vt -17.5139 177.165
vn 0.378902 -2.13216e-14 -0.925437
vt -114.96 177.165
v 66.1379 2 -153.83
vt -114.96 157.48
vt -17.5139 157.48
f 704/6140/1293 2512/6141/1293 2520/6142/1293 562/6143/1293 

usemtl D04_Dandelion_Burst
vt -797.065 177.165
vn 0.281008 0 -0.959705
vt -1065.55 177.165
v 72.6827 2 -151.914
vt -1065.55 157.48
vt -797.065 157.48
f 2512/6144/1294 2519/6145/1294 2521/6146/1294 2520/6147/1294 

vt -3243.23 177.165
vn -0.0648272 0 -0.997897
vt -3436.33 177.165
v 77.5771 2 -152.231
vt -3436.33 157.48
vt -3243.23 157.48
f 2519/6148/1295 2518/6149/1295 2522/6150/1295 2521/6151/1295 

vt -4777.77 177.165
vn -0.31322 0 -0.949681
vt -5112.24 177.165
v 85.6452 2 -154.892
vt -5112.24 157.48
vt -4777.77 157.48
f 2518/6152/1296 2517/6153/1296 2523/6154/1296 2522/6155/1296 

usemtl FrontColor
vt -5550.45 177.165
vn -0.404515 0 -0.914532
vt -5809.44 177.165
v 91.6612 2 -157.553
vt -5809.44 157.48
vt -5550.45 157.48
f 2517/6156/1297 2516/6157/1297 2524/6158/1297 2523/6159/1297 

vt -6546.86 177.165
vn -0.582612 -1.88533e-14 -0.81275
vt -6546.86 157.48
f 2516/6160/1298 554/955/1298 556/958/1298 2524/6161/1298 

usemtl D04_Dandelion_Burst
vn -7.53119e-15 1 -3.97517e-14
f 556/953/1299 562/968/1299 2520/6135/1299 2521/6139/1299 2522/6138/1299 2523/6137/1299 2524/6136/1299 

usemtl FrontColor
v 59.7333 2.5 -156.452
vt 157.503 177.165
vn 0.378902 -1.40518e-14 -0.925437
vt 157.503 157.48
f 2525/6162/1300 704/6140/1300 562/6143/1300 561/6163/1300 

v 50.0189 2.5 -160.827
vn -4.13716e-15 1 3.0219e-14
v 48.2488 2.5 -161.188
f 2526/966/1301 2527/965/1301 2499/6094/1301 2498/6093/1301 703/6095/1301 704/968/1301 2525/967/1301 

vt -593.332 177.165
vn 0.1998 2.56383e-16 -0.979837
vt -664.453 177.165
vt -664.453 157.48
vt -593.332 157.48
f 2527/6164/1302 2526/6165/1302 560/6166/1302 559/6167/1302 

vt 804.619 177.165
vn 0.410653 7.78927e-18 -0.911792
vt 385.161 177.165
vt 385.161 157.48
vt 804.619 157.48
f 2526/6168/1303 2525/6169/1303 561/6170/1303 560/6171/1303 

v 39.6311 2.5 -162.945
vt -247.069 177.165
vn 0.1998 1.42734e-16 -0.979837
v 39.6311 2 -162.945
vt -247.069 157.48
f 2528/6172/1304 2527/6164/1304 559/6167/1304 2529/6173/1304 

vn -6.2713e-15 -1 -6.60484e-15
vt -1422.61 6433.33
vt -1560.28 6415.18
vt -1899.56 6345.99
v 44.4774 2.5 -157.548
v 37.1013 2.5 -158.345
f 675/6090/1305 673/6174/1305 2528/6175/1305 2527/6176/1305 2499/6089/1305 2530/6092/1305 2531/6091/1305 

vn 0.13076 -1.55541e-18 -0.991414
vt -708.035 177.165
vt -708.035 157.48
f 673/1177/1306 2528/6177/1306 2529/6178/1306 667/1178/1306 

vn -3.67883e-15 -1 -3.29928e-15
vt -1507.94 6630.66
v 42.2665 2 -167.64
vt -1664.04 6599.99
vt -1974.56 6519.42
f 667/6174/1307 665/6179/1307 2532/6180/1307 558/6181/1307 559/6176/1307 2529/6175/1307 

vn 0.192798 1.69296e-17 -0.981239
vt -360.356 157.48
v 42.2665 1.5 -167.64
vt -360.356 137.795
f 665/1168/1308 2532/6182/1308 2533/6183/1308 659/1169/1308 

vt 46.7521 157.48
vn 0.251131 4.50183e-18 -0.967953
vt 46.7521 137.795
f 2532/6184/1309 558/975/1309 569/978/1309 2533/6185/1309 

usemtl F05_Fresh_Green
vn -1.78197e-15 -1 5.5079e-16
vt -1596 6834.27
v 43.7387 1.5 -172.91
vt -1722 6807.48
vt -2060.81 6718.85
f 659/6179/1310 657/6186/1310 2534/6187/1310 576/6188/1310 569/6181/1310 2533/6180/1310 

vn 0.207961 -7.04849e-18 -0.978137
vt -268.659 137.795
v 43.7387 1 -172.91
vt -268.659 118.11
f 657/1159/1311 2534/6189/1311 2535/6190/1311 651/1160/1311 

vt 56.8431 137.795
vn 0.253072 -2.42463e-16 -0.967447
vt 56.8431 118.11
f 2534/6191/1312 576/1011/1312 583/1014/1312 2535/6192/1312 

vn -7.07293e-16 -1 2.24599e-15
vt -1683.64 7036.93
v 45.2109 1 -178.18
vt -1779.96 7014.97
vt -2147.02 6918.19
f 651/6186/1313 649/6193/1313 2536/6194/1313 590/6195/1313 583/6188/1313 2535/6187/1313 

vn 0.222274 3.86696e-18 -0.974984
vt -176.184 118.11
v 45.2109 0.5 -178.18
vt -176.184 98.4252
f 649/1150/1314 2536/6196/1314 2537/6197/1314 643/1151/1314 

vt 67.2975 118.11
vn 0.254946 -1.04653e-17 -0.966955
vt 67.2975 98.4252
f 2536/6198/1315 590/1047/1315 597/1050/1315 2537/6199/1315 

vn 2.73536e-16 1 1.10487e-16
vt 1779.96 7014.97
f 604/1076/1316 641/1136/1316 643/1145/1316 2537/6200/1316 597/1040/1316 

vn 0.235181 -1.2376e-16 -0.971952
f 608/1081/1317 635/1142/1317 641/1141/1317 604/1082/1317 

vt -1771.09 7239.15
vn -5.10218e-18 -1 -8.61328e-16
vt -2237.06 7126.4
f 635/6201/1318 633/1108/1318 610/1107/1318 608/6202/1318 

vn 0.243131 3.36512e-16 -0.969994
f 633/1132/1319 610/1091/1319 616/1090/1319 626/1133/1319 

usemtl FrontColor
vt 1016.51 196.85
vn 0.420076 -2.81885e-19 -0.907489
vt 1016.51 177.165
f 2496/6203/1320 2494/6096/1320 2499/6099/1320 2530/6204/1320 

vt -782.13 196.85
vn 0.107488 0 -0.994206
vt -1074.22 196.85
vt -1074.22 177.165
vt -782.13 177.165
f 2495/6205/1321 2496/6206/1321 2530/6207/1321 2531/6208/1321 

vn 0.0372318 9.20204e-18 -0.999307
vt -1227.56 196.85
vt -1227.56 177.165
f 681/1186/1322 2495/6209/1322 2531/6210/1322 675/1187/1322 

usemtl D04_Dandelion_Burst
vt -787.22 196.85
vn 0.233633 0 -0.972325
vt -1229.49 196.85
vt -1229.49 177.165
vt -787.22 177.165
f 2500/6211/1323 2510/6212/1323 2513/6213/1323 2501/6214/1323 

vt -3056.44 196.85
vt -3462.3 196.85
vt -3462.3 177.165
vt -3056.44 177.165
f 2510/6215/1295 2509/6216/1295 2514/6217/1295 2513/6218/1295 

vt -4370.28 196.85
vn -0.231294 0 -0.972884
vt -4885.15 196.85
vt -4885.15 177.165
vt -4370.28 177.165
f 2509/6219/1324 2508/6220/1324 2515/6221/1324 2514/6222/1324 

vt -5417.62 196.85
vn -0.338442 0 -0.940987
vt -5769.49 196.85
vt -5769.49 177.165
vt -5417.62 177.165
f 2508/6223/1325 2507/6224/1325 2511/6225/1325 2515/6226/1325 

usemtl FrontColor
vt 1053.67 216.535
vn 0.401797 7.26372e-18 -0.915729
vt 924.753 216.535
vt 924.753 196.85
vt 1053.67 196.85
f 695/6227/1326 694/6228/1326 716/6229/1326 2493/6230/1326 

vt -1097.76 216.535
vn 0.0643931 7.6734e-18 -0.997925
vt -1120.47 216.535
vt -1120.47 196.85
vt -1097.76 196.85
f 688/6231/1327 695/6232/1327 2493/6233/1327 689/6234/1327 

vn 4.84069e-15 1 1.62252e-15
vt -1.04818e-12 5332.54
vt -1.04779e-12 4642.21
f 2490/6065/1328 696/1205/1328 687/1190/1328 690/1189/1328 802/6235/1328 801/6236/1328 

vt -2444.33 216.535
vn -0.458379 0 -0.888757
vt -3725.33 216.535
vt -3725.33 196.85
vt -2444.33 196.85
f 802/6237/1329 690/6238/1329 682/6239/1329 686/6240/1329 

vt -2683.66 236.22
vn -0.5781 0 -0.815966
vt -3201.96 236.22
vt -3201.96 216.535
vt -2683.66 216.535
f 800/6241/1330 2489/6242/1330 2490/6243/1330 801/6244/1330 

vt -1294.23 196.85
vn -0.214886 0 -0.976639
vt -1649.78 196.85
vt -1649.78 177.165
vt -1294.23 177.165
f 685/6245/1331 684/6246/1331 679/6247/1331 678/6248/1331 

vt -1326.75 196.85
vn -0.161341 0 -0.986899
vt -2216.5 196.85
vt -2216.5 177.165
vt -1326.75 177.165
f 684/6249/1332 680/6250/1332 674/6251/1332 679/6252/1332 

vt -696.024 177.165
vn -0.110782 0 -0.993845
vt -1140.46 177.165
vt -1140.46 157.48
vt -696.024 157.48
f 677/6253/1333 676/6254/1333 671/6255/1333 670/6256/1333 

vt -1382.62 177.165
vn -0.149379 8.15735e-18 -0.98878
vt -2206.99 177.165
vt -2206.99 157.48
vt -1382.62 157.48
f 676/6257/1334 672/6258/1334 666/6259/1334 671/6260/1334 

vt -561.813 157.48
vn -0.0862068 0 -0.996277
vt -1153.12 157.48
vt -1153.12 137.795
vt -561.813 137.795
f 669/6261/1335 668/6262/1335 663/6263/1335 662/6264/1335 

vt -1511.33 157.48
vn -0.141312 -8.03933e-18 -0.989965
vt -2235.45 157.48
vt -2235.45 137.795
vt -1511.33 137.795
f 668/6265/1336 664/6266/1336 658/6267/1336 663/6268/1336 

vt -481.969 137.795
vn -0.0713895 0 -0.997449
vt -1220.36 137.795
vt -1220.36 118.11
vt -481.969 118.11
f 661/6269/1337 660/6270/1337 655/6271/1337 654/6272/1337 

vt -1619.06 137.795
vn -0.130639 -1.58301e-17 -0.99143
vt -2242.99 137.795
vt -2242.99 118.11
vt -1619.06 118.11
f 660/6273/1338 656/6274/1338 650/6275/1338 655/6276/1338 

vt -429.517 118.11
vn -0.0614871 0 -0.998108
vt -1315.1 118.11
vt -1315.1 98.4252
vt -429.517 98.4252
f 653/6277/1339 652/6278/1339 647/6279/1339 646/6280/1339 

vt -1693.61 118.11
vn -0.115861 -3.1059e-17 -0.993265
vt -2217.45 118.11
vt -2217.45 98.4252
vt -1693.61 98.4252
f 652/6281/1340 648/6282/1340 642/6283/1340 647/6284/1340 

vt -392.782 98.4252
vn -0.0544041 0 -0.998519
vt -1425.62 98.4252
vt -1425.62 78.7402
vt -392.782 78.7402
f 645/6285/1341 644/6286/1341 639/6287/1341 638/6288/1341 

vt -925.581 98.4252
vn 0.0145156 -3.9289e-17 -0.999895
vt -1551.09 98.4252
vt -1551.09 78.7402
vt -925.581 78.7402
f 644/6289/1342 640/6290/1342 634/6291/1342 639/6292/1342 

vt -365.892 78.7402
vn -0.0490871 0 -0.998794
vt -1546.02 78.7402
vt -1546.02 59.0551
vt -365.892 59.0551
f 637/6293/1343 636/6294/1343 631/6295/1343 630/6296/1343 

vt -668.848 78.7402
vn 0.0675155 -4.75952e-17 -0.997718
vt -1230.7 78.7402
vt -1230.7 59.0551
vt -668.848 59.0551
f 636/6297/1344 632/6298/1344 629/6299/1344 631/6300/1344 

vt -476.415 78.7402
vn 0.248587 -4.69741e-17 -0.968609
vt -882.55 78.7402
vt -882.55 59.0551
vt -476.415 59.0551
f 609/6301/1345 614/6302/1345 619/6303/1345 615/6304/1345 

vt -2777.05 78.7402
vn -0.00197063 -4.74119e-17 -0.999998
vt -3144.63 78.7402
vt -3144.63 59.0551
vt -2777.05 59.0551
f 614/6305/1346 613/6306/1346 620/6307/1346 619/6308/1346 

vt -5963.34 78.7402
vt -6792.51 78.7402
vt -6792.51 59.0551
vt -5963.34 59.0551
f 613/6309/183 492/6310/183 491/6311/183 620/6312/183 

vt -501.459 98.4252
vn 0.235797 -3.88291e-17 -0.971802
vt -897.178 98.4252
vt -897.178 78.7402
vt -501.459 78.7402
f 603/6313/1347 606/6314/1347 611/6315/1347 607/6316/1347 

vt -2643.12 98.4252
vn -0.00197063 -3.92452e-17 -0.999998
vt -3197.16 98.4252
vt -3197.16 78.7402
vt -2643.12 78.7402
f 606/6317/1348 605/6318/1348 612/6319/1348 611/6320/1348 

vt -5930.97 98.4252
vt -7180.78 98.4252
vt -7180.78 78.7402
vt -5930.97 78.7402
f 605/6321/183 494/6322/183 493/6323/183 612/6324/183 

vt 10308.3 334.646
vn 0.88982 0 0.456312
vt 9871.17 334.646
vt 9871.17 314.961
vt 10308.3 314.961
f 448/6325/1349 520/6326/1349 526/6327/1349 449/6328/1349 

vt 10438.2 334.646
vn 0.625839 0 0.779952
vt 10116.7 334.646
vt 10116.7 314.961
vt 10438.2 314.961
f 520/6329/1350 519/6330/1350 527/6331/1350 526/6332/1350 

vt 8693.91 334.646
vn 0.214905 0 0.976635
vt 8178.67 334.646
vt 8178.67 314.961
vt 8693.91 314.961
f 519/6333/1351 518/6334/1351 523/6335/1351 527/6336/1351 

vt 10689.4 354.331
vn 0.776227 0 0.630454
v 191.23 7 -189.426
vt 10535.4 354.331
vt 10535.4 334.646
vt 10689.4 334.646
f 446/6337/1352 2538/6338/1352 521/6339/1352 447/6340/1352 

v 187.823 7 -188.145
f 446/871/1 445/865/1 2539/873/1 2538/872/1 

vt -9134.19 354.331
vt -9310.78 354.331
vt -9310.78 334.646
vt -9134.19 334.646
f 2539/6341/124 445/6342/124 444/6343/124 522/6344/124 

vt 9671.91 354.331
vn 0.351979 0 0.936008
vt 9528.62 354.331
vt 9528.62 334.646
vt 9671.91 334.646
f 2538/6345/1353 2539/6346/1353 522/6347/1353 521/6348/1353 

vt -10667.2 494.533
vn 5.28705e-15 -1 5.97027e-14
vt -10743.7 456.56
vt -10421.9 428.064
f 281/6349/1354 284/6350/1354 282/6351/1354

v 164.471 18.5 -7.57639
vt -3391.92 807.087
vn 0.827182 0 -0.561935
vt -3752.52 807.087
vt -3752.52 787.402
vt -3391.92 787.402
f 2540/6352/1355 50/6353/1355 21/6354/1355 44/6355/1355 

vt 6369.17 3.45728e-13
vn -5.62047e-17 1 4.28366e-16
vt 6677.85 3.45728e-13
v 161.703 18.5 -15.2749
v 157.609 18.5 -30.2749
v 152.688 18.5 -37.5716
v 145.631 18.5 -42.7907
v 132.947 18.5 -46.016
v 123.167 18.5 -46.4977
v 112.353 18.5 -44.9401
v 100.557 18.5 -40.6376
v 91.7466 18.5 -37.3383
v 78.1547 18.5 -27.3315
vt 2547.8 3.45728e-13
vt 2601.89 3.45728e-13
v 80.8147 18.5 -25.1117
vt 3181.68 988.651
v 101.288 18.5 -36.5984
vt 3987.7 1440.88
v 107.111 18.5 -38.6303
vt 4216.95 1520.88
v 115.665 18.5 -40.6623
vt 4553.74 1600.88
v 121.926 18.5 -40.777
vt 4800.24 1605.39
v 131.269 18.5 -39.3188
vt 5168.07 1547.98
v 138.241 18.5 -36.7691
vt 5442.55 1447.6
v 146.76 18.5 -32.7546
vt 5777.96 1289.55
v 151.674 18.5 -25.5427
vt 5971.42 1005.62
v 154.686 18.5 -19.8222
vt 6090 780.402
v 158.212 18.5 -7.59406
vt 6228.81 298.979
f 51/6356/1356 50/6357/1356 2540/53/1356 2541/52/1356 2542/51/1356 2543/50/1356 2544/49/1356 2545/48/1356 2546/47/1356 2547/46/1356 2548/45/1356 2549/44/1356 2550/43/1356 83/6358/1356 82/6359/1356 2551/6360/1356 2552/6361/1356 2553/6362/1356 2554/6363/1356 2555/6364/1356 2556/6365/1356 2557/6366/1356 2558/6367/1356 2559/6368/1356 2560/6369/1356 2561/6370/1356 

vt -1587.4 807.087
vn 0.94106 0 -0.338239
vt -1909.47 807.087
vt -1909.47 787.402
vt -1587.4 787.402
f 2541/6371/1357 2540/6372/1357 44/6373/1357 43/6374/1357 

vt -484.233 807.087
vn 0.964701 0 -0.263347
vt -1096.39 807.087
vt -1096.39 787.402
vt -484.233 787.402
f 2542/6375/1358 2541/6376/1358 43/6377/1358 42/6378/1358 

vt -2134.89 807.087
vn 0.829066 0 -0.559151
vt -2481.39 807.087
vt -2481.39 787.402
vt -2134.89 787.402
f 2543/6379/1359 2542/6380/1359 42/6381/1359 41/6382/1359 

vt -3607.79 807.087
vn 0.594663 0 -0.803975
vt -3953.33 807.087
vt -3953.33 787.402
vt -3607.79 787.402
f 2544/6383/1360 2543/6384/1360 41/6385/1360 40/6386/1360 

vt -4626.27 807.087
vn 0.246434 0 -0.969159
vt -5141.54 807.087
vt -5141.54 787.402
vt -4626.27 787.402
f 2545/6387/1361 2544/6388/1361 40/6389/1361 39/6390/1361 

vt -4753.17 807.087
vn 0.0491928 0 -0.998789
vt -5138.69 807.087
vt -5138.69 787.402
vt -4753.17 787.402
f 2546/6391/1362 2545/6392/1362 39/6393/1362 38/6394/1362 

vt -4630.38 807.087
vn -0.142557 0 -0.989787
vt -5060.53 807.087
vt -5060.53 787.402
vt -4630.38 787.402
f 2547/6395/1363 2546/6396/1363 38/6397/1363 37/6398/1363 

vt -4267.5 807.087
vn -0.342681 0 -0.939452
vt -4761.81 807.087
vt -4761.81 787.402
vt -4267.5 787.402
f 2548/6399/1364 2547/6400/1364 37/6401/1364 36/6402/1364 

vt -3898.19 807.087
vn -0.350678 0 -0.936496
vt -4268.59 807.087
vt -4268.59 787.402
vt -3898.19 787.402
f 2549/6403/1365 2548/6404/1365 36/6405/1365 35/6406/1365 

vt -3115.81 807.087
vn -0.592883 0 -0.805288
vt -3780.3 807.087
vt -3780.3 787.402
vt -3115.81 787.402
f 2550/6407/1366 2549/6408/1366 35/6409/1366 34/6410/1366 

vt -1124.31 807.087
vn -0.897366 0 -0.441288
vt -2323.43 807.087
vt -2323.43 787.402
vt -1124.31 787.402
f 83/6411/1367 2550/6412/1367 34/6413/1367 33/6414/1367 

vt -1316.23 826.772
vn -0.862606 0 -0.505876
v 80.8147 19 -25.1117
vt -2462.35 826.772
vt -2462.35 807.087
vt -1316.23 807.087
f 81/6415/1368 2562/6416/1368 2551/6417/1368 82/6418/1368 

vt 6060.49 1.28157e-12
vn -2.1163e-16 1 1.55008e-15
vt 6369.17 1.28157e-12
v 158.212 19 -7.59406
v 154.686 19 -19.8222
v 151.674 19 -25.5427
v 146.76 19 -32.7546
v 138.241 19 -36.7691
v 131.269 19 -39.3188
v 121.926 19 -40.777
v 115.665 19 -40.6623
v 107.111 19 -38.6303
v 101.288 19 -36.5984
vt 2601.89 1.28157e-12
vt 2655.97 1.28157e-12
v 82.3089 19 -22.5303
vt 3240.51 887.021
v 106.165 19 -34.4119
vt 4179.74 1354.8
v 113.412 19 -34.8946
vt 4465.03 1373.8
v 123.881 19 -34.7555
vt 4877.19 1368.33
v 137.211 19 -29.3151
vt 5402 1154.14
v 145.09 19 -22.0676
vt 5712.21 868.802
v 152.151 19 -6.48428
vt 5990.18 255.287
v 153.844 19 -0.19641
vt 6056.86 7.73267
f 53/6419/1369 52/6420/1369 2563/6370/1369 2564/6369/1369 2565/6368/1369 2566/6367/1369 2567/6366/1369 2568/6365/1369 2569/6364/1369 2570/6363/1369 2571/6362/1369 2572/6361/1369 2562/6360/1369 81/6421/1369 80/6422/1369 2573/6423/1369 2574/6424/1369 2575/6425/1369 2576/6426/1369 2577/6427/1369 2578/6428/1369 2579/6429/1369 2580/6430/1369 

vt -2376.37 826.772
vn 0.905211 0 -0.424963
vt -2706.66 826.772
vt -2706.66 807.087
vt -2376.37 807.087
f 2563/6431/1370 52/6432/1370 51/6433/1370 2561/6434/1370 

vt -937.298 826.772
vn 0.960859 0 -0.277037
vt -1438.33 826.772
vt -1438.33 807.087
vt -937.298 807.087
f 2564/6435/1371 2563/6436/1371 2561/6437/1371 2560/6438/1371 

vt -1892.19 826.772
vn 0.884844 0 -0.465887
vt -2146.72 826.772
vt -2146.72 807.087
vt -1892.19 807.087
f 2565/6439/1372 2564/6440/1372 2560/6441/1372 2559/6442/1372 

vt -2187.84 826.772
vn 0.826395 0 -0.563091
vt -2531.42 826.772
vt -2531.42 807.087
vt -2187.84 807.087
f 2566/6443/1373 2565/6444/1373 2559/6445/1373 2558/6446/1373 

vt -4306.26 826.772
vn 0.426263 0 -0.904599
vt -4677.05 826.772
vt -4677.05 807.087
vt -4306.26 807.087
f 2567/6447/1374 2566/6448/1374 2558/6449/1374 2557/6450/1374 

vt -4321.97 826.772
vn 0.343471 0 -0.939163
vt -4614.23 826.772
vt -4614.23 807.087
vt -4321.97 807.087
f 2568/6451/1375 2567/6452/1375 2557/6453/1375 2556/6454/1375 

vt -4495.26 826.772
vn 0.154207 0 -0.988039
vt -4867.54 826.772
vt -4867.54 807.087
vt -4495.26 807.087
f 2569/6455/1376 2568/6456/1376 2556/6457/1376 2555/6458/1376 

vt -4582.3 826.772
vn -0.018317 0 -0.999832
vt -4828.84 826.772
vt -4828.84 807.087
vt -4582.3 807.087
f 2570/6459/1377 2569/6460/1377 2555/6461/1377 2554/6462/1377 

vt -4454.28 826.772
vn -0.231103 0 -0.972929
vt -4800.43 826.772
vt -4800.43 807.087
vt -4454.28 807.087
f 2571/6463/1378 2570/6464/1378 2554/6465/1378 2553/6466/1378 

vt -4239.78 826.772
vn -0.329469 0 -0.944167
vt -4482.59 826.772
vt -4482.59 807.087
vt -4239.78 807.087
f 2572/6467/1379 2571/6468/1379 2553/6469/1379 2552/6470/1379 

vt -3258.53 826.772
vn -0.489312 0 -0.872109
vt -4182.75 826.772
vt -4182.75 807.087
vt -3258.53 807.087
f 2562/6471/1380 2572/6472/1380 2552/6473/1380 2551/6474/1380 

vt -1461.46 846.457
vn -0.834996 0 -0.550256
v 82.3089 19.5 -22.5303
vt -2523.77 846.457
vt -2523.77 826.772
vt -1461.46 826.772
f 79/6475/1381 2581/6476/1381 2573/6477/1381 80/6478/1381 

vt 5816.08 1.36186e-12
vn -3.30533e-16 1 1.60889e-15
vt 6060.49 1.36186e-12
v 153.844 19.5 -0.19641
v 152.151 19.5 -6.48428
v 145.09 19.5 -22.0676
v 137.211 19.5 -29.3151
v 123.881 19.5 -34.7555
v 113.412 19.5 -34.8946
v 106.165 19.5 -34.4119
vt 2655.97 1.36186e-12
vt 2710.05 1.36186e-12
v 81.5134 19.5 -19.2387
vt 3209.19 757.428
v 101.885 19.5 -29.3844
vt 4011.2 1156.86
v 109.715 19.5 -29.6558
vt 4319.5 1167.55
v 120.818 19.5 -29.355
vt 4756.61 1155.71
v 135.746 19.5 -26.6204
vt 5344.33 1048.05
v 142.232 19.5 -20.482
vt 5599.7 806.377
f 55/6479/1382 54/6480/1382 2582/6430/1382 2583/6429/1382 2584/6428/1382 2585/6427/1382 2586/6426/1382 2587/6425/1382 2588/6424/1382 2581/6423/1382 79/6481/1382 78/6482/1382 2589/6483/1382 2590/6484/1382 2591/6485/1382 2592/6486/1382 2593/6487/1382 2594/6488/1382 

vt -2566.94 846.457
vt -2575.48 846.457
vt -2575.48 826.772
vt -2566.94 826.772
f 2582/6489/1370 54/6490/1370 53/6491/1370 2580/6492/1370 

vt -1311.39 846.457
vn 0.965589 0 -0.260074
vt -1567.76 846.457
vt -1567.76 826.772
vt -1311.39 826.772
f 2583/6493/1383 2582/6494/1383 2580/6495/1383 2579/6496/1383 

vt -1566.02 846.457
vn 0.91087 0 -0.412693
vt -2239.57 846.457
vt -2239.57 826.772
vt -1566.02 826.772
f 2584/6497/1384 2583/6498/1384 2579/6499/1384 2578/6500/1384 

vt -3194.54 846.457
vn 0.676982 0 -0.735999
vt -3616.02 846.457
vt -3616.02 826.772
vt -3194.54 826.772
f 2585/6501/1385 2584/6502/1385 2578/6503/1385 2577/6504/1385 

vt -3998.54 846.457
vn 0.377869 0 -0.925859
vt -4565.38 846.457
vt -4565.38 826.772
vt -3998.54 826.772
f 2586/6505/1386 2585/6506/1386 2577/6507/1386 2576/6508/1386 

vt -4446.39 846.457
vn 0.0132786 0 -0.999912
vt -4858.59 846.457
vt -4858.59 826.772
vt -4446.39 826.772
f 2587/6509/1387 2586/6510/1387 2576/6511/1387 2575/6512/1387 

vt -4260.54 846.457
vn -0.0664556 0 -0.997789
vt -4546.46 846.457
vt -4546.46 826.772
vt -4260.54 826.772
f 2588/6513/1388 2587/6514/1388 2575/6515/1388 2574/6516/1388 

vt -3296.11 846.457
vn -0.445813 0 -0.895126
vt -4345.38 846.457
vt -4345.38 826.772
vt -3296.11 826.772
f 2581/6517/1389 2588/6518/1389 2574/6519/1389 2573/6520/1389 

vt -1491.22 866.142
v 81.5134 20 -19.2387
vt -2398.33 866.142
vt -2398.33 846.457
vt -1491.22 846.457
f 77/6521/1381 2595/6522/1381 2589/6523/1381 78/6524/1381 

vt 5573.43 6.76217e-13
vn -1.17941e-17 1 7.80723e-16
vt 5816.08 6.76217e-13
v 142.232 20 -20.482
v 135.746 20 -26.6204
v 120.818 20 -29.355
v 109.715 20 -29.6558
v 101.885 20 -29.3844
vt 2710.05 6.76217e-13
vt 2764.13 6.76217e-13
v 80.718 20 -15.947
vt 3177.87 627.834
v 97.6036 20 -24.3568
vt 3842.66 958.929
v 106.019 20 -24.417
vt 4173.97 961.3
v 117.755 20 -23.9545
vt 4636.03 943.089
v 131.86 20 -21.5615
vt 5191.33 848.88
v 137.114 20 -16.5896
vt 5398.17 653.136
f 57/6525/1390 56/6526/1390 2596/6488/1390 2597/6487/1390 2598/6486/1390 2599/6485/1390 2600/6484/1390 2595/6483/1390 77/6527/1390 76/6528/1390 2601/6529/1390 2602/6530/1390 2603/6531/1390 2604/6532/1390 2605/6533/1390 2606/6534/1390 

vt -672.442 866.142
vn 0.965832 0 -0.259169
vt -1507.35 866.142
vt -1507.35 846.457
vt -672.442 846.457
f 2596/6535/1391 56/6536/1391 55/6537/1391 2594/6538/1391 

vt -3161.34 866.142
vn 0.687352 0 -0.726325
vt -3512.94 866.142
vt -3512.94 846.457
vt -3161.34 846.457
f 2597/6539/1392 2596/6540/1392 2594/6541/1392 2593/6542/1392 

vt -4470.51 866.142
vn 0.180188 0 -0.983632
vt -5068.01 866.142
vt -5068.01 846.457
vt -4470.51 846.457
f 2598/6543/1393 2597/6544/1393 2593/6545/1393 2592/6546/1393 

vt -4286.29 866.142
vn 0.0270824 0 -0.999633
vt -4723.56 866.142
vt -4723.56 846.457
vt -4286.29 846.457
f 2599/6547/1394 2598/6548/1394 2592/6549/1394 2591/6550/1394 

vt -4048.87 866.142
vn -0.0346417 0 -0.9994
vt -4357.35 866.142
vt -4357.35 846.457
vt -4048.87 846.457
f 2600/6551/1395 2599/6552/1395 2591/6553/1395 2590/6554/1395 

vt -3210.3 866.142
vt -4106.28 866.142
vt -4106.28 846.457
vt -3210.3 846.457
f 2595/6555/1389 2600/6556/1389 2590/6557/1389 2589/6558/1389 

vt -1520.98 885.827
v 80.718 20.5 -15.947
vt -2272.88 885.827
vt -2272.88 866.142
vt -1520.98 866.142
f 75/6559/1381 2607/6560/1381 2601/6561/1381 76/6562/1381 

vt 5330.78 2.63775e-12
vn -5.56643e-17 1 2.97773e-15
vt 5573.43 2.63775e-12
v 137.114 20.5 -16.5896
v 131.86 20.5 -21.5615
v 117.755 20.5 -23.9545
v 106.019 20.5 -24.417
v 97.6036 20.5 -24.3568
vt 2764.13 2.63775e-12
vt 2818.22 2.63775e-12
v 79.9225 20.5 -12.6553
vt 3146.55 498.24
v 93.3227 20.5 -19.3292
vt 3674.12 760.992
v 102.322 20.5 -19.1783
vt 4028.44 755.05
v 114.693 20.5 -18.5539
vt 4515.45 730.469
v 127.974 20.5 -16.5027
vt 5038.33 649.713
v 131.995 20.5 -12.6973
vt 5196.64 499.895
f 59/6563/1396 58/6564/1396 2608/6534/1396 2609/6533/1396 2610/6532/1396 2611/6531/1396 2612/6530/1396 2607/6529/1396 75/6565/1396 74/6566/1396 2613/6567/1396 2614/6568/1396 2615/6569/1396 2616/6570/1396 2617/6571/1396 2618/6572/1396 

vt -768.216 885.827
vn 0.965832 5.1543e-28 -0.259169
vt -1444.46 885.827
vt -1444.46 866.142
vt -768.216 866.142
f 2608/6573/1397 58/6574/1397 57/6575/1397 2606/6576/1397 

vt -3187.11 885.827
vt -3471.89 885.827
vt -3471.89 866.142
vt -3187.11 866.142
f 2609/6577/1392 2608/6578/1392 2606/6579/1392 2605/6580/1392 

vt -4412.97 885.827
vn 0.167266 0 -0.985912
vt -4976.2 885.827
vt -4976.2 866.142
vt -4412.97 866.142
f 2610/6581/1398 2609/6582/1398 2605/6583/1398 2604/6584/1398 

vt -4132.87 885.827
vn 0.0393825 0 -0.999224
vt -4595.29 885.827
vt -4595.29 866.142
vt -4132.87 866.142
f 2611/6585/1399 2610/6586/1399 2604/6587/1399 2603/6588/1399 

vt -3849.43 885.827
vn -0.00715871 0 -0.999974
vt -4180.74 885.827
vt -4180.74 866.142
vt -3849.43 866.142
f 2612/6589/1400 2611/6590/1400 2603/6591/1400 2602/6592/1400 

vt -3124.49 885.827
vt -3867.17 885.827
vt -3867.17 866.142
vt -3124.49 866.142
f 2607/6593/1389 2612/6594/1389 2602/6595/1389 2601/6596/1389 

vt -1550.74 905.512
v 79.9225 21 -12.6553
vt -2147.44 905.512
vt -2147.44 885.827
vt -1550.74 885.827
f 73/6597/1381 2619/6598/1381 2613/6599/1381 74/6600/1381 

vt 5088.13 1.09935e-12
vn -2.7643e-17 1 1.21407e-15
vt 5330.78 1.09935e-12
v 131.995 21 -12.6973
v 127.974 21 -16.5027
v 114.693 21 -18.5539
v 102.322 21 -19.1783
v 93.3227 21 -19.3292
vt 2818.22 1.09935e-12
vt 2872.3 1.09935e-12
v 79.127 21 -9.36362
vt 3115.23 368.647
v 89.0418 21 -14.3016
vt 3505.58 563.056
v 98.6258 21 -13.9395
vt 3882.91 548.799
v 111.63 21 -13.1534
vt 4394.88 517.85
v 124.087 21 -11.4439
vt 4885.33 450.545
v 126.876 21 -8.805
vt 4995.11 346.654
f 61/6601/1401 60/6602/1401 2620/6572/1401 2621/6571/1401 2622/6570/1401 2623/6569/1401 2624/6568/1401 2619/6567/1401 73/6603/1401 72/6604/1401 2625/6605/1401 2626/6606/1401 2627/6607/1401 2628/6608/1401 2629/6609/1401 2630/6610/1401 

vt -863.991 905.512
vt -1381.57 905.512
vt -1381.57 885.827
vt -863.991 885.827
f 2620/6611/1391 60/6612/1391 59/6613/1391 2618/6614/1391 

vt -3212.88 905.512
vt -3430.84 905.512
vt -3430.84 885.827
vt -3212.88 885.827
f 2621/6615/1392 2620/6616/1392 2618/6617/1392 2617/6618/1392 

vt -4351.04 905.512
vn 0.152638 0 -0.988282
vt -4880.12 905.512
vt -4880.12 885.827
vt -4351.04 885.827
f 2622/6619/1402 2621/6620/1402 2617/6621/1402 2616/6622/1402 

vt -3985.26 905.512
vn 0.0504072 0 -0.998729
vt -4472.89 905.512
vt -4472.89 885.827
vt -3985.26 885.827
f 2623/6623/1403 2622/6624/1403 2616/6625/1403 2615/6626/1403 

vt -3660.84 905.512
vn 0.0167701 0 -0.999859
vt -4015.21 905.512
vt -4015.21 885.827
vt -3660.84 885.827
f 2624/6627/1404 2623/6628/1404 2615/6629/1404 2614/6630/1404 

vt -3038.68 905.512
vt -3628.06 905.512
vt -3628.06 885.827
vt -3038.68 885.827
f 2619/6631/1389 2624/6632/1389 2614/6633/1389 2613/6634/1389 

vt -1580.5 925.197
v 79.127 21.5 -9.36362
vt -2021.99 925.197
vt -2021.99 905.512
vt -1580.5 905.512
f 71/6635/1381 2631/6636/1381 2625/6637/1381 72/6638/1381 

vt 4845.48 4.86906e-12
vn -1.44017e-16 1 5.26273e-15
vt 5088.13 4.86906e-12
v 126.876 21.5 -8.805
v 124.087 21.5 -11.4439
v 111.63 21.5 -13.1534
v 98.6258 21.5 -13.9395
v 89.0418 21.5 -14.3016
vt 2872.3 4.86906e-12
vt 2926.38 4.86906e-12
v 78.3315 21.5 -6.07195
vt 3083.92 239.053
v 84.7608 21.5 -9.27405
vt 3337.04 365.12
v 94.9294 21.5 -8.70072
vt 3737.38 342.548
v 110.81 21.5 -7.62243
vt 4362.6 300.096
v 120.531 21.5 -5.15683
vt 4745.3 203.025
f 63/6639/1405 62/6640/1405 2632/6610/1405 2633/6609/1405 2634/6608/1405 2635/6607/1405 2636/6606/1405 2631/6605/1405 71/6641/1405 70/6642/1405 2637/6643/1405 2638/6644/1405 2639/6645/1405 2640/6646/1405 2641/6647/1405 

vt -959.766 925.197
vt -1318.68 925.197
vt -1318.68 905.512
vt -959.766 905.512
f 2632/6648/1391 62/6649/1391 61/6650/1391 2630/6651/1391 

vt -3238.65 925.197
vt -3389.8 925.197
vt -3389.8 905.512
vt -3238.65 905.512
f 2633/6652/1392 2632/6653/1392 2630/6654/1392 2629/6655/1392 

vt -4283.66 925.197
vn 0.135955 0 -0.990715
vt -4778.71 925.197
vt -4778.71 905.512
vt -4283.66 905.512
f 2634/6656/1406 2633/6657/1406 2629/6658/1406 2628/6659/1406 

vt -3842.72 925.197
vn 0.0603415 0 -0.998178
vt -4355.62 925.197
vt -4355.62 905.512
vt -3842.72 905.512
f 2635/6660/1407 2634/6661/1407 2628/6662/1407 2627/6663/1407 

vt -3481.82 925.197
vn 0.0377581 0 -0.999287
vt -3859.42 925.197
vt -3859.42 905.512
vt -3481.82 905.512
f 2636/6664/1408 2635/6665/1408 2627/6666/1408 2626/6667/1408 

vt -2952.88 925.197
vt -3388.96 925.197
vt -3388.96 905.512
vt -2952.88 905.512
f 2631/6668/1389 2636/6669/1389 2626/6670/1389 2625/6671/1389 

vt -1610.26 944.882
v 78.3315 22 -6.07195
vt -1896.55 944.882
vt -1896.55 925.197
vt -1610.26 925.197
f 69/6672/1381 2642/6673/1381 2637/6674/1381 70/6675/1381 

vt 4602.83 2.54928e-12
vn -7.33823e-17 1 2.69798e-15
vt 4845.48 2.54928e-12
v 120.531 22 -5.15683
v 110.81 22 -7.62243
v 94.9294 22 -8.70072
v 84.7608 22 -9.27405
vt 2926.38 2.54928e-12
vt 2980.47 2.54928e-12
v 77.536 22 -2.78027
vt 3052.6 109.459
v 87.2624 22 -3.64689
vt 3435.53 143.578
v 104.798 22 -2.2628
vt 4125.9 89.0867
v 115.551 22 -1.47829
vt 4549.24 58.2003
v 116.383 22 -1.07107
vt 4582.02 42.168
f 65/6676/1409 64/6677/1409 2643/6647/1409 2644/6646/1409 2645/6645/1409 2646/6644/1409 2642/6643/1409 69/6678/1409 68/6679/1409 2647/6680/1409 2648/6681/1409 2649/6682/1409 2650/6683/1409 2651/6684/1409 

vt -1917.67 944.882
vn 0.896774 0 -0.442488
vt -2144.07 944.882
vt -2144.07 925.197
vt -1917.67 925.197
f 2643/6685/1410 64/6686/1410 63/6687/1410 2641/6688/1410 

vt -4154.91 944.882
vn 0.245863 0 -0.969305
vt -4549.73 944.882
vt -4549.73 925.197
vt -4154.91 925.197
f 2644/6689/1411 2643/6690/1411 2641/6691/1411 2640/6692/1411 

vt -3705.59 944.882
vn 0.0677432 0 -0.997703
vt -4332.25 944.882
vt -4332.25 925.197
vt -3705.59 925.197
f 2645/6693/1412 2644/6694/1412 2640/6695/1412 2639/6696/1412 

vt -3311.2 944.882
vn 0.0562928 0 -0.998414
vt -3712.17 944.882
vt -3712.17 925.197
vt -3311.2 925.197
f 2646/6697/1413 2645/6698/1413 2639/6699/1413 2638/6700/1413 

vt -2867.07 944.882
vt -3149.85 944.882
vt -3149.85 925.197
vt -2867.07 925.197
f 2642/6701/1389 2646/6702/1389 2638/6703/1389 2637/6704/1389 

vt -1640.02 964.567
v 77.536 22.5 -2.78027
vt -1771.11 964.567
vt -1771.11 944.882
vt -1640.02 944.882
f 67/6705/1381 2652/6706/1381 2647/6707/1381 68/6708/1381 

vt 2980.47 0
vt 4602.83 0
v 116.383 22.5 -1.07107
v 115.551 22.5 -1.47829
v 104.798 22.5 -2.2628
v 87.2624 22.5 -3.64689
f 67/6709/1 66/6710/1 2653/6684/1 2654/6683/1 2655/6682/1 2656/6681/1 2652/6680/1 

vt -1989.67 964.567
vt -2036.7 964.567
vt -2036.7 944.882
vt -1989.67 944.882
f 2653/6711/1410 66/6712/1410 65/6713/1410 2651/6714/1410 

vt -4060.99 964.567
vn 0.439395 0 -0.898294
vt -4097.47 964.567
vt -4097.47 944.882
vt -4060.99 944.882
f 2654/6715/1414 2653/6716/1414 2651/6717/1414 2650/6718/1414 

vt -4108.48 964.567
vn 0.0727643 0 -0.997349
vt -4532.95 964.567
vt -4532.95 944.882
vt -4108.48 944.882
f 2655/6719/1415 2654/6720/1415 2650/6721/1415 2649/6722/1415 

vt -3413.58 964.567
vn 0.0786863 0 -0.996899
vt -4106.1 964.567
vt -4106.1 944.882
vt -3413.58 944.882
f 2656/6723/1416 2655/6724/1416 2649/6725/1416 2648/6726/1416 

vt -3050.27 964.567
vn -0.088749 0 -0.996054
vt -3434.71 964.567
vt -3434.71 944.882
vt -3050.27 944.882
f 2652/6727/1417 2656/6728/1417 2648/6729/1417 2647/6730/1417 

g Mesh3 Group1 new_block_dwg1 Model

v 248.993 14.5 -0
vt 9802.89 0
v 280.469 14.5 -0
vt 11042.1 0
v 274.268 14.5 -4.32097
vt 10797.9 170.117
v 266.003 14.5 -5.07217
vt 10472.6 199.692
f 2657/6731/1 2658/6732/1 2659/6733/1 2660/6734/1 

g Mesh4 Group1 new_block_dwg1 Model

v 236.277 13.5 -0
vt 9302.24 0
v 287.734 13.5 -0
vt 11328.1 0
v 277.596 13.5 -7.06414
vt 10929 278.116
v 264.085 13.5 -8.29222
vt 10397 326.465
f 2661/6735/1 2662/6736/1 2663/6737/1 2664/6738/1 

g Mesh5 Group1 new_block_dwg1 Model

v 255.352 15 -0
vt 10053.2 0
v 276.836 15 -0
vt 10899.1 0
v 272.603 15 -2.94939
vt 10732.4 116.118
v 266.962 15 -3.46214
vt 10510.3 136.305
f 2665/6739/1 2666/6740/1 2667/6741/1 2668/6742/1 

g Mesh6 Group1 new_block_dwg1 Model

v 242.635 14 -0
vt 9552.56 0
v 284.101 14 -0
vt 11185.1 0
v 275.932 14 -5.69256
vt 10863.5 224.116
v 265.044 14 -6.68219
vt 10434.8 263.078
f 2669/6743/1 2670/6744/1 2671/6745/1 2672/6746/1 

g Mesh7 Group1 new_block_dwg1 Model

v 261.71 15.5 -0
vt 10303.5 0
v 273.203 15.5 -0
vt 10756 0
v 270.939 15.5 -1.57781
vt 10666.9 62.1186
v 267.921 15.5 -1.85211
vt 10548.1 72.9178
f 2673/6747/1 2674/6748/1 2675/6749/1 2676/6750/1 

g Mesh8 Group1 new_block_dwg1 Model

usemtl Sree_Complexion_3
v -0.384498 1.49842 0.559686
vt -17.3031 137.733
vn 0.96512 -5.3087e-15 -0.261809
v -0.383468 1.49487 0.563482
vt -17.458 137.593
v -0.384617 1.49802 0.559249
vt -17.2853 137.717
v -0.386676 1.50144 0.551659
vt -16.9757 137.852
v -0.389681 1.50233 0.540578
vt -16.5236 137.887
v -0.392764 1.49842 0.529215
vt -16.0601 137.733
v -0.39383 1.49901 0.525285
vt -15.8998 137.756
v -0.393948 1.50013 0.52485
vt -15.882 137.801
v -0.393849 1.49941 0.525214
vt -15.8969 137.772
v -0.392842 1.49941 0.528926
vt -16.0483 137.772
v -0.38971 1.50314 0.540473
vt -16.5194 137.919
v -0.386553 1.50231 0.552112
vt -16.9942 137.886
f 2677/6751/1418 2678/6752/1418 2679/6753/1418 2680/6754/1418 2681/6755/1418 2682/6756/1418 2683/6757/1418 2684/6758/1418 2685/6759/1418 2686/6760/1418 2687/6761/1418 2688/6762/1418 

usemtl Sree_Hair
vn 0.96512 -4.87942e-15 -0.261809
v -0.393287 1.50267 0.527285
vt -15.9814 137.901
v -0.391702 1.50468 0.533128
vt -16.2197 137.98
v -0.38932 1.50607 0.541911
vt -16.578 138.034
v -0.38612 1.50438 0.553706
vt -17.0592 137.968
v -0.384233 1.49891 0.560664
vt -17.343 137.753
f 2686/6760/1419 2685/6759/1419 2684/6758/1419 2689/6763/1419 2690/6764/1419 2691/6765/1419 2692/6766/1419 2693/6767/1419 2678/6752/1419 2677/6751/1419 2688/6762/1419 2687/6761/1419 

usemtl Sree_Complexion_1
v -0.39366 1.55695 0.525913
vt -15.9254 140.037
vn 0.96512 2.43115e-15 -0.261809
f 2694/6768/1420 2689/6763/1420 2684/6758/1420

f 2694/6768/1420 2690/6764/1420 2689/6763/1420

v -0.389713 1.55036 0.540462
vt -16.5189 139.778
f 2695/6769/1420 2690/6764/1420 2694/6768/1420

f 2695/6769/1420 2691/6765/1420 2690/6764/1420

v -0.386673 1.54069 0.551667
vt -16.976 139.397
f 2696/6770/1420 2691/6765/1420 2695/6769/1420

f 2696/6770/1420 2692/6766/1420 2691/6765/1420

v -0.384971 1.53227 0.557943
vt -17.232 139.066
f 2697/6771/1420 2692/6766/1420 2696/6770/1420

f 2697/6771/1420 2693/6767/1420 2692/6766/1420

f 2697/6771/1420 2678/6752/1420 2693/6767/1420

v -0.382755 1.5109 0.566111
vt -17.5652 138.224
f 2678/6752/1420 2697/6771/1420 2698/6772/1420

usemtl Sree_Hair
v -0.420935 1.48549 0.425365
vt -11.8237 137.224
vn 0.96512 2.17434e-15 -0.261809
v -0.421421 1.48478 0.423577
vt -11.7508 137.196
v -0.422039 1.48214 0.421297
vt -11.6578 137.092
v -0.422509 1.47538 0.419566
vt -11.5872 136.826
v -0.4226 1.46451 0.419231
vt -11.5735 136.398
v -0.42164 1.4494 0.422766
vt -11.7177 135.803
v -0.419726 1.43797 0.429822
vt -12.0056 135.353
v -0.418581 1.43262 0.434043
vt -12.1778 135.143
v -0.417241 1.43115 0.438982
vt -12.3793 135.085
v -0.416282 1.43298 0.442519
vt -12.5235 135.157
v -0.415949 1.43715 0.443746
vt -12.5736 135.321
v -0.414609 1.42331 0.448686
vt -12.7751 134.776
v -0.412984 1.41311 0.454678
vt -13.0195 134.375
v -0.412731 1.39611 0.455611
vt -13.0576 133.705
v -0.413046 1.37334 0.45445
vt -13.0102 132.809
v -0.413818 1.37118 0.451604
vt -12.8941 132.724
v -0.414717 1.36992 0.448288
vt -12.7589 132.674
v -0.415151 1.37011 0.446689
vt -12.6936 132.681
v -0.416893 1.3668 0.440268
vt -12.4317 132.551
v -0.416951 1.36587 0.440053
vt -12.4229 132.515
v -0.421232 1.35163 0.424271
vt -11.7791 131.954
v -0.424257 1.34549 0.413122
vt -11.3243 131.712
v -0.426681 1.34059 0.404183
vt -10.9597 131.519
v -0.428652 1.33828 0.396919
vt -10.6633 131.428
v -0.428636 1.339 0.396978
vt -10.6658 131.457
v -0.4275 1.38957 0.401165
vt -10.8366 133.448
v -0.42738 1.39744 0.401609
vt -10.8547 133.757
v -0.42623 1.46678 0.405849
vt -11.0276 136.488
v -0.425551 1.50556 0.408349
vt -11.1296 138.014
v -0.424208 1.52836 0.413301
vt -11.3316 138.912
v -0.42188 1.55012 0.421883
vt -11.6817 139.769
v -0.417993 1.56754 0.436211
vt -12.2662 140.454
v -0.414041 1.5793 0.450781
vt -12.8606 140.918
v -0.410128 1.58612 0.465206
vt -13.449 141.186
v -0.406008 1.59084 0.480393
vt -14.0685 141.371
v -0.40172 1.59209 0.4962
vt -14.7133 141.421
v -0.396988 1.59077 0.513645
vt -15.4249 141.369
v -0.392036 1.5851 0.5319
vt -16.1696 141.146
v -0.386402 1.57223 0.552667
vt -17.0168 140.639
v -0.382576 1.55565 0.566772
vt -17.5922 139.986
v -0.381171 1.54323 0.571951
vt -17.8034 139.497
v -0.379966 1.53051 0.576392
vt -17.9846 138.997
v -0.379084 1.51741 0.579645
vt -18.1173 138.481
v -0.378508 1.50604 0.581769
vt -18.2039 138.033
v -0.378509 1.49634 0.581765
vt -18.2038 137.651
v -0.378898 1.49401 0.580329
vt -18.1452 137.559
v -0.380391 1.48073 0.574828
vt -17.9208 137.036
v -0.381407 1.46989 0.571082
vt -17.768 136.61
v -0.381772 1.46064 0.569733
vt -17.713 136.246
v -0.381711 1.48452 0.56996
vt -17.7222 137.186
v -0.397224 1.55872 0.512772
vt -15.3893 140.107
v -0.402002 1.55645 0.49516
vt -14.6709 140.018
v -0.405291 1.55302 0.483037
vt -14.1764 139.883
v -0.409108 1.54536 0.468966
vt -13.6024 139.581
v -0.412535 1.53248 0.45633
vt -13.0869 139.074
v -0.415198 1.51274 0.446517
vt -12.6866 138.297
v -0.416631 1.49274 0.441232
vt -12.471 137.51
v -0.416479 1.48024 0.441792
vt -12.4939 137.017
v -0.415642 1.45911 0.44488
vt -12.6198 136.186
v -0.416404 1.4589 0.44207
vt -12.5052 136.177
v -0.41661 1.46076 0.441309
vt -12.4742 136.25
v -0.41897 1.48204 0.432611
vt -12.1194 137.088
v -0.420076 1.48532 0.428531
vt -11.9529 137.217
f 2699/6773/1421 2700/6774/1421 2701/6775/1421 2702/6776/1421 2703/6777/1421 2704/6778/1421 2705/6779/1421 2706/6780/1421 2707/6781/1421 2708/6782/1421 2709/6783/1421 2710/6784/1421 2711/6785/1421 2712/6786/1421 2713/6787/1421 2714/6788/1421 2715/6789/1421 2716/6790/1421 2717/6791/1421 2718/6792/1421 2719/6793/1421 2720/6794/1421 2721/6795/1421 2722/6796/1421 2723/6797/1421 2724/6798/1421 2725/6799/1421 2726/6800/1421 2727/6801/1421 2728/6802/1421 2729/6803/1421 2730/6804/1421 2731/6805/1421 2732/6806/1421 2733/6807/1421 2734/6808/1421 2735/6809/1421 2736/6810/1421 2737/6811/1421 2738/6812/1421 2739/6813/1421 2740/6814/1421 2741/6815/1421 2742/6816/1421 2743/6817/1421 2744/6818/1421 2745/6819/1421 2746/6820/1421 2747/6821/1421 2748/6822/1421 2698/6772/1421 2697/6771/1421 2696/6770/1421 2695/6769/1421 2694/6768/1421 2749/6823/1421 2750/6824/1421 2751/6825/1421 2752/6826/1421 2753/6827/1421 2754/6828/1421 2755/6829/1421 2756/6830/1421 2757/6831/1421 2758/6832/1421 2759/6833/1421 2760/6834/1421 2761/6835/1421 

usemtl Sree_Complexion_3
vn 0.96512 5.33412e-15 -0.261809
v -0.418176 1.47255 0.435538
vt -12.2388 136.715
v -0.419416 1.48132 0.430967
vt -12.0523 137.06
v -0.420306 1.48376 0.427685
vt -11.9184 137.156
v -0.421074 1.48403 0.424854
vt -11.8029 137.167
v -0.421816 1.48184 0.422117
vt -11.6913 137.08
v -0.422336 1.47538 0.420202
vt -11.6132 136.826
v -0.422419 1.46402 0.419896
vt -11.6007 136.379
v -0.421429 1.44973 0.423546
vt -11.7495 135.816
v -0.419978 1.44092 0.428894
vt -11.9677 135.469
v -0.418651 1.43406 0.433787
vt -12.1673 135.199
v -0.417341 1.43232 0.438615
vt -12.3643 135.131
v -0.416567 1.43355 0.441467
vt -12.4806 135.179
v -0.416291 1.43664 0.442485
vt -12.5221 135.301
v -0.416291 1.44302 0.442485
vt -12.5221 135.552
f 2760/6834/1422 2759/6833/1422 2762/6836/1422 2763/6837/1422 2764/6838/1422 2765/6839/1422 2766/6840/1422 2767/6841/1422 2768/6842/1422 2769/6843/1422 2770/6844/1422 2771/6845/1422 2772/6846/1422 2773/6847/1422 2774/6848/1422 2775/6849/1422 2709/6783/1422 2708/6782/1422 2707/6781/1422 2706/6780/1422 2705/6779/1422 2704/6778/1422 2703/6777/1422 2702/6776/1422 2701/6775/1422 2700/6774/1422 2699/6773/1422 2761/6835/1422 

usemtl Sree_Complexion_1
v -0.416771 1.43942 0.440717
vt -12.45 135.41
f 2759/6833/1420 2776/6850/1420 2762/6836/1420

v -0.416757 1.4385 0.440768
vt -12.4521 135.374
f 2776/6850/1420 2759/6833/1420 2777/6851/1420

f 2759/6833/1420 2773/6847/1420 2777/6851/1420

f 2758/6832/1420 2773/6847/1420 2759/6833/1420

v -0.41636 1.44716 0.442232
vt -12.5118 135.715
f 2778/6852/1420 2773/6847/1420 2758/6832/1420

f 2775/6849/1420 2773/6847/1420 2778/6852/1420

f 2773/6847/1420 2775/6849/1420 2774/6848/1420

usemtl Sree_Complexion_2
vn 0.96512 5.35785e-15 -0.261809
v -0.415783 1.43867 0.444357
vt -12.5985 135.381
v -0.414238 1.42512 0.450053
vt -12.8308 134.847
v -0.412618 1.4162 0.456025
vt -13.0745 134.496
v -0.40881 1.40327 0.470062
vt -13.6471 133.987
v -0.401053 1.38951 0.49866
vt -14.8137 133.445
v -0.398601 1.38648 0.507697
vt -15.1823 133.326
v -0.395696 1.38561 0.518408
vt -15.6193 133.292
v -0.392546 1.38709 0.530018
vt -16.0929 133.35
v -0.388882 1.3944 0.543526
vt -16.6439 133.638
v -0.387333 1.39873 0.549236
vt -16.8768 133.808
v -0.384955 1.40936 0.558001
vt -17.2344 134.227
v -0.386517 1.40178 0.552244
vt -16.9995 133.928
v -0.387235 1.39829 0.549597
vt -16.8916 133.791
v -0.388817 1.39402 0.543766
vt -16.6537 133.623
v -0.391433 1.38834 0.534123
vt -16.2603 133.399
v -0.392515 1.38651 0.530133
vt -16.0976 133.327
v -0.395714 1.38493 0.518339
vt -15.6165 133.265
v -0.398574 1.38543 0.507798
vt -15.1864 133.285
v -0.401078 1.38829 0.498565
vt -14.8098 133.397
v -0.409212 1.40313 0.468582
vt -13.5867 133.981
v -0.411904 1.4094 0.458659
vt -13.1819 134.228
v -0.412119 1.41014 0.457866
vt -13.1496 134.257
f 2710/6784/1423 2709/6783/1423 2775/6849/1423 2778/6852/1423 2779/6853/1423 2780/6854/1423 2781/6855/1423 2782/6856/1423 2783/6857/1423 2784/6858/1423 2785/6859/1423 2786/6860/1423 2787/6861/1423 2788/6862/1423 2789/6863/1423 2790/6864/1423 2791/6865/1423 2792/6866/1423 2793/6867/1423 2794/6868/1423 2795/6869/1423 2796/6870/1423 2797/6871/1423 2798/6872/1423 2799/6873/1423 2800/6874/1423 2711/6785/1423 

usemtl Sree_Complexion_1
f 2758/6832/1420 2779/6853/1420 2778/6852/1420

f 2757/6831/1420 2779/6853/1420 2758/6832/1420

f 2754/6828/1420 2779/6853/1420 2757/6831/1420

f 2754/6828/1420 2780/6854/1420 2779/6853/1420

f 2754/6828/1420 2781/6855/1420 2780/6854/1420

f 2753/6827/1420 2781/6855/1420 2754/6828/1420

v -0.411601 1.49441 0.459775
vt -13.2275 137.575
f 2801/6875/1420 2781/6855/1420 2753/6827/1420

v -0.410391 1.49815 0.464235
vt -13.4094 137.723
f 2802/6876/1420 2781/6855/1420 2801/6875/1420

f 2802/6876/1420 2782/6856/1420 2781/6855/1420

v -0.408739 1.50206 0.470324
vt -13.6578 137.876
f 2803/6877/1420 2782/6856/1420 2802/6876/1420

v -0.406648 1.50306 0.478032
vt -13.9722 137.916
f 2804/6878/1420 2782/6856/1420 2803/6877/1420

v -0.403215 1.50037 0.490687
vt -14.4884 137.81
f 2805/6879/1420 2782/6856/1420 2804/6878/1420

v -0.401976 1.4973 0.495255
vt -14.6748 137.689
f 2806/6880/1420 2782/6856/1420 2805/6879/1420

f 2806/6880/1420 2783/6857/1420 2782/6856/1420

v -0.400941 1.49761 0.49907
vt -14.8304 137.701
f 2807/6881/1420 2783/6857/1420 2806/6880/1420

v -0.400681 1.4981 0.500028
vt -14.8695 137.721
f 2808/6882/1420 2783/6857/1420 2807/6881/1420

v -0.400599 1.49853 0.500331
vt -14.8819 137.737
f 2809/6883/1420 2783/6857/1420 2808/6882/1420

f 2783/6857/1420 2809/6883/1420 2784/6858/1420

f 2749/6823/1420 2784/6858/1420 2809/6883/1420

f 2749/6823/1420 2785/6859/1420 2784/6858/1420

f 2749/6823/1420 2684/6758/1420 2785/6859/1420

f 2694/6768/1420 2684/6758/1420 2749/6823/1420

f 2683/6757/1420 2785/6859/1420 2684/6758/1420

f 2682/6756/1420 2785/6859/1420 2683/6757/1420

f 2682/6756/1420 2786/6860/1420 2785/6859/1420

f 2681/6755/1420 2786/6860/1420 2682/6756/1420

f 2681/6755/1420 2787/6861/1420 2786/6860/1420

f 2681/6755/1420 2788/6862/1420 2787/6861/1420

f 2680/6754/1420 2788/6862/1420 2681/6755/1420

f 2680/6754/1420 2789/6863/1420 2788/6862/1420

f 2679/6753/1420 2789/6863/1420 2680/6754/1420

v -0.383721 1.41535 0.56255
vt -17.4199 134.463
f 2679/6753/1420 2810/6884/1420 2789/6863/1420

f 2678/6752/1420 2810/6884/1420 2679/6753/1420

f 2698/6772/1420 2810/6884/1420 2678/6752/1420

v -0.38263 1.42199 0.566572
vt -17.584 134.724
f 2698/6772/1420 2811/6885/1420 2810/6884/1420

v -0.38185 1.4577 0.569449
vt -17.7014 136.13
f 2698/6772/1420 2812/6886/1420 2811/6885/1420

f 2698/6772/1420 2747/6821/1420 2812/6886/1420

f 2747/6821/1420 2698/6772/1420 2748/6822/1420

usemtl Sree_Complexion_3
v -0.378065 1.495 0.583399
vt -18.2704 137.598
vn 0.96512 -4.13628e-14 -0.261809
v -0.377917 1.49107 0.583945
vt -18.2927 137.444
v -0.378336 1.49424 0.582401
vt -18.2297 137.569
v -0.378567 1.4943 0.581551
vt -18.195 137.571
v -0.380153 1.47953 0.575702
vt -17.9564 136.989
v -0.381192 1.46892 0.571875
vt -17.8003 136.572
f 2813/6887/1424 2814/6888/1424 2815/6889/1424 2816/6890/1424 2817/6891/1424 2818/6892/1424 2812/6886/1424 2747/6821/1424 2746/6820/1424 2745/6819/1424 2744/6818/1424 2743/6817/1424 

usemtl Sree_Complexion_1
v -0.378698 1.45875 0.581068
vt -18.1754 136.171
f 2814/6888/1420 2819/6893/1420 2815/6889/1420

v -0.377639 1.48371 0.584972
vt -18.3346 137.154
f 2819/6893/1420 2814/6888/1420 2820/6894/1420

f 2815/6889/1420 2819/6893/1420 2816/6890/1420

f 2816/6890/1420 2819/6893/1420 2817/6891/1420

v -0.379177 1.45219 0.579303
vt -18.1033 135.913
f 2817/6891/1420 2819/6893/1420 2821/6895/1420

v -0.379355 1.45233 0.578643
vt -18.0764 135.919
f 2817/6891/1420 2821/6895/1420 2822/6896/1420

usemtl Sree_Pearls_1
v -0.378661 1.44685 0.581202
vt -18.1808 135.703
vn 0.96512 1.00681e-14 -0.261809
v -0.378821 1.44617 0.580614
vt -18.1568 135.676
v -0.379014 1.44595 0.579901
vt -18.1277 135.667
v -0.379215 1.44589 0.579161
vt -18.0976 135.665
v -0.379415 1.446 0.578426
vt -18.0676 135.669
v -0.379604 1.44625 0.577726
vt -18.039 135.679
v -0.379776 1.44665 0.577092
vt -18.0131 135.695
v -0.379923 1.44718 0.576551
vt -17.9911 135.716
v -0.380038 1.44781 0.576127
vt -17.9738 135.74
v -0.380117 1.44852 0.575837
vt -17.962 135.768
v -0.380155 1.44927 0.575695
vt -17.9562 135.798
v -0.380152 1.45004 0.575706
vt -17.9566 135.828
v -0.380108 1.45079 0.575869
vt -17.9633 135.858
v -0.380024 1.45149 0.576179
vt -17.9759 135.885
v -0.379823 1.45199 0.576919
vt -18.0061 135.905
v -0.379595 1.45228 0.577759
vt -18.0404 135.917
v -0.37912 1.45215 0.57951
vt -18.1118 135.911
v -0.378906 1.45174 0.580302
vt -18.1441 135.895
v -0.378726 1.45113 0.580963
vt -18.1711 135.871
v -0.378594 1.45036 0.581449
vt -18.1909 135.841
v -0.378519 1.44949 0.581728
vt -18.2023 135.807
v -0.378505 1.44857 0.581779
vt -18.2044 135.771
v -0.378553 1.44767 0.5816
vt -18.197 135.735
f 2823/6897/1425 2824/6898/1425 2825/6899/1425 2826/6900/1425 2827/6901/1425 2828/6902/1425 2829/6903/1425 2830/6904/1425 2831/6905/1425 2832/6906/1425 2833/6907/1425 2834/6908/1425 2835/6909/1425 2836/6910/1425 2837/6911/1425 2838/6912/1425 2822/6896/1425 2821/6895/1425 2839/6913/1425 2840/6914/1425 2841/6915/1425 2842/6916/1425 2843/6917/1425 2844/6918/1425 2845/6919/1425 

usemtl Sree_Pearls_2
v -0.380184 1.4508 0.57559
vt -17.9519 135.858
vn 0.96512 1.56896e-15 -0.261809
v -0.379022 1.44566 0.579874
vt -18.1266 135.656
v -0.37925 1.44538 0.579033
vt -18.0923 135.645
v -0.37949 1.44532 0.578149
vt -18.0563 135.643
v -0.379725 1.44551 0.577282
vt -18.0209 135.65
v -0.379939 1.44592 0.576491
vt -17.9886 135.666
v -0.380119 1.44653 0.575829
vt -17.9616 135.69
v -0.380251 1.4473 0.575343
vt -17.9418 135.72
v -0.380326 1.44817 0.575064
vt -17.9304 135.755
v -0.38034 1.44908 0.575013
vt -17.9283 135.791
v -0.380292 1.44998 0.575192
vt -17.9357 135.826
f 2846/6920/1426 2836/6910/1426 2835/6909/1426 2834/6908/1426 2833/6907/1426 2832/6906/1426 2831/6905/1426 2830/6904/1426 2829/6903/1426 2828/6902/1426 2827/6901/1426 2826/6900/1426 2825/6899/1426 2824/6898/1426 2847/6921/1426 2848/6922/1426 2849/6923/1426 2850/6924/1426 2851/6925/1426 2852/6926/1426 2853/6927/1426 2854/6928/1426 2855/6929/1426 2856/6930/1426 

usemtl Sree_Complexion_1
f 2817/6891/1420 2836/6910/1420 2846/6920/1420

f 2817/6891/1420 2837/6911/1420 2836/6910/1420

f 2817/6891/1420 2838/6912/1420 2837/6911/1420

f 2817/6891/1420 2822/6896/1420 2838/6912/1420

f 2817/6891/1420 2846/6920/1420 2818/6892/1420

f 2818/6892/1420 2846/6920/1420 2856/6930/1420

v -0.380502 1.44859 0.574415
vt -17.9039 135.771
f 2818/6892/1420 2856/6930/1420 2857/6931/1420

usemtl Sree_Complexion_3
v -0.381098 1.44115 0.572221
vt -17.8145 135.478
vn 0.96512 4.26971e-14 -0.261809
v -0.3814 1.44198 0.571108
vt -17.769 135.511
v -0.381517 1.45475 0.570674
vt -17.7514 136.014
v -0.381174 1.44624 0.571941
vt -17.803 135.679
v -0.380875 1.44534 0.573041
vt -17.8479 135.643
v -0.380523 1.44534 0.574338
vt -17.9008 135.643
v -0.380382 1.44666 0.574861
vt -17.9221 135.695
v -0.38025 1.44248 0.575344
vt -17.9418 135.531
v -0.380675 1.44091 0.57378
vt -17.8781 135.469
f 2858/6932/1427 2859/6933/1427 2860/6934/1427 2861/6935/1427 2862/6936/1427 2863/6937/1427 2864/6938/1427 2857/6931/1427 2856/6930/1427 2855/6929/1427 2854/6928/1427 2853/6927/1427 2852/6926/1427 2851/6925/1427 2850/6924/1427 2865/6939/1427 2866/6940/1427 

usemtl Sree_Hair
v -0.386517 1.40023 0.552244
vt -16.9995 133.867
vn 0.96512 -3.95426e-15 -0.261809
v -0.381721 1.43139 0.569925
vt -17.7208 135.094
v -0.381436 1.43874 0.570972
vt -17.7635 135.384
v -0.380168 1.42636 0.57565
vt -17.9543 134.896
v -0.380467 1.40302 0.574546
vt -17.9093 133.977
v -0.380428 1.3835 0.57469
vt -17.9152 133.209
v -0.379873 1.3698 0.576737
vt -17.9987 132.669
v -0.379362 1.36108 0.578618
vt -18.0754 132.326
v -0.37935 1.36086 0.578664
vt -18.0773 132.318
v -0.383641 1.36714 0.562847
vt -17.432 132.565
v -0.385101 1.36714 0.557463
vt -17.2124 132.565
v -0.385465 1.36756 0.556121
vt -17.1577 132.581
v -0.385773 1.36756 0.554985
vt -17.1113 132.581
v -0.385874 1.36756 0.554613
vt -17.0962 132.581
v -0.385925 1.36908 0.554425
vt -17.0885 132.641
v -0.386393 1.38366 0.552702
vt -17.0182 133.215
f 2867/6941/1428 2790/6864/1428 2789/6863/1428 2810/6884/1428 2811/6885/1428 2868/6942/1428 2869/6943/1428 2859/6933/1428 2858/6932/1428 2866/6940/1428 2865/6939/1428 2870/6944/1428 2871/6945/1428 2872/6946/1428 2873/6947/1428 2874/6948/1428 2875/6949/1428 2876/6950/1428 2877/6951/1428 2878/6952/1428 2879/6953/1428 2880/6954/1428 2881/6955/1428 2882/6956/1428 

usemtl Sree_Complexion_2
vn 0.96512 -5.08149e-16 -0.261809
f 2867/6941/1429 2791/6865/1429 2790/6864/1429

v -0.386891 1.39828 0.550865
vt -16.9433 133.79
f 2791/6865/1429 2867/6941/1429 2883/6957/1429

v -0.386792 1.38537 0.551231
vt -16.9582 133.282
f 2883/6957/1429 2867/6941/1429 2884/6958/1429

f 2882/6956/1429 2884/6958/1429 2867/6941/1429

v -0.386196 1.36884 0.553427
vt -17.0478 132.631
f 2882/6956/1429 2885/6959/1429 2884/6958/1429

v -0.385988 1.36488 0.554194
vt -17.0791 132.475
f 2882/6956/1429 2886/6960/1429 2885/6959/1429

f 2881/6955/1429 2886/6960/1429 2882/6956/1429

f 2880/6954/1429 2886/6960/1429 2881/6955/1429

v -0.38579 1.36504 0.554925
vt -17.1089 132.482
f 2887/6961/1429 2886/6960/1429 2880/6954/1429

v -0.384106 1.3595 0.561133
vt -17.3621 132.264
f 2887/6961/1429 2888/6962/1429 2886/6960/1429

v -0.384028 1.3605 0.561419
vt -17.3738 132.303
f 2889/6963/1429 2888/6962/1429 2887/6961/1429

v -0.382987 1.35561 0.565256
vt -17.5303 132.111
f 2889/6963/1429 2890/6964/1429 2888/6962/1429

v -0.3829 1.35666 0.565576
vt -17.5434 132.152
f 2891/6965/1429 2890/6964/1429 2889/6963/1429

v -0.382844 1.35363 0.565783
vt -17.5518 132.033
f 2891/6965/1429 2892/6966/1429 2890/6964/1429

v -0.382055 1.35187 0.568693
vt -17.6705 131.963
f 2892/6966/1429 2891/6965/1429 2893/6967/1429

usemtl Sree_Pearls_2
vn 0.96512 2.44071e-15 -0.261809
v -0.385697 1.36589 0.555267
vt -17.1228 132.515
v -0.383944 1.36118 0.561727
vt -17.3864 132.33
v -0.382847 1.3572 0.565772
vt -17.5514 132.173
v -0.381946 1.35254 0.569092
vt -17.6868 131.99
v -0.381368 1.34624 0.571223
vt -17.7738 131.742
v -0.381238 1.34081 0.571705
vt -17.7934 131.528
v -0.381474 1.33508 0.570835
vt -17.7579 131.302
v -0.382065 1.32727 0.568654
vt -17.6689 130.995
v -0.383103 1.31946 0.564829
vt -17.5129 130.687
v -0.38478 1.31292 0.558646
vt -17.2607 130.43
v -0.385922 1.3095 0.554435
vt -17.0889 130.295
v -0.3873 1.30738 0.549356
vt -16.8817 130.212
v -0.385932 1.30995 0.554402
vt -17.0875 130.313
v -0.384741 1.31359 0.558789
vt -17.2665 130.456
v -0.383298 1.31947 0.56411
vt -17.4836 130.688
v -0.382173 1.32777 0.568258
vt -17.6528 131.015
v -0.381625 1.33498 0.570277
vt -17.7351 131.298
v -0.381397 1.34069 0.571118
vt -17.7694 131.523
v -0.381543 1.34644 0.570579
vt -17.7475 131.749
v -0.381799 1.34915 0.569636
vt -17.709 131.856
f 2880/6954/1430 2879/6953/1430 2894/6968/1430 2895/6969/1430 2896/6970/1430 2897/6971/1430 2898/6972/1430 2899/6973/1430 2900/6974/1430 2901/6975/1430 2902/6976/1430 2903/6977/1430 2904/6978/1430 2905/6979/1430 2906/6980/1430 2907/6981/1430 2908/6982/1430 2909/6983/1430 2910/6984/1430 2911/6985/1430 2912/6986/1430 2913/6987/1430 2893/6967/1430 2891/6965/1430 2889/6963/1430 2887/6961/1430 

usemtl Sree_Pearls_1
v -0.388783 1.30601 0.543892
vt -16.6588 130.158
vn 0.96512 8.44602e-17 -0.261809
v -0.382964 1.36285 0.565343
vt -17.5339 132.396
v -0.381238 1.3564 0.571705
vt -17.7934 132.142
v -0.380069 1.34833 0.576014
vt -17.9692 131.824
v -0.379555 1.33932 0.577909
vt -18.0465 131.469
v -0.379739 1.33013 0.57723
vt -18.0188 131.107
v -0.380606 1.32152 0.574035
vt -17.8884 130.769
v -0.382077 1.31349 0.568612
vt -17.6672 130.452
v -0.384024 1.30643 0.561433
vt -17.3744 130.174
v -0.386568 1.3002 0.552055
vt -16.9918 129.929
v -0.387705 1.2985 0.547863
vt -16.8208 129.862
v -0.388911 1.29783 0.543418
vt -16.6395 129.836
v -0.391446 1.29848 0.534075
vt -16.2584 129.861
v -0.393313 1.30015 0.527192
vt -15.9776 129.927
v -0.395112 1.30273 0.520559
vt -15.707 130.029
v -0.39681 1.30617 0.514298
vt -15.4516 130.164
v -0.39838 1.31041 0.508514
vt -15.2156 130.331
v -0.399801 1.3154 0.503273
vt -15.0018 130.528
v -0.401962 1.32377 0.495306
vt -14.6769 130.857
v -0.4042 1.33189 0.487059
vt -14.3405 131.177
v -0.406504 1.33974 0.478566
vt -13.994 131.486
v -0.408872 1.3473 0.469835
vt -13.6378 131.784
v -0.411303 1.35457 0.460875
vt -13.2723 132.07
v -0.413802 1.36157 0.451662
vt -12.8965 132.345
v -0.414944 1.364 0.447453
vt -12.7248 132.441
v -0.416187 1.36625 0.442868
vt -12.5378 132.529
v -0.413319 1.36788 0.453441
vt -12.969 132.594
v -0.412253 1.36632 0.457371
vt -13.1294 132.532
v -0.411323 1.36371 0.4608
vt -13.2692 132.429
v -0.398785 1.32207 0.507018
vt -15.1546 130.79
v -0.397741 1.31884 0.510867
vt -15.3116 130.663
v -0.396642 1.31588 0.514917
vt -15.4769 130.546
v -0.395494 1.31321 0.519152
vt -15.6496 130.441
v -0.3943 1.31084 0.523551
vt -15.8291 130.348
v -0.393068 1.30879 0.528094
vt -16.0144 130.267
v -0.391802 1.30706 0.532761
vt -16.2048 130.199
v -0.390307 1.3059 0.538271
vt -16.4295 130.154
f 2914/6988/1431 2905/6979/1431 2904/6978/1431 2903/6977/1431 2902/6976/1431 2901/6975/1431 2900/6974/1431 2899/6973/1431 2898/6972/1431 2897/6971/1431 2896/6970/1431 2895/6969/1431 2894/6968/1431 2879/6953/1431 2878/6952/1431 2877/6951/1431 2915/6989/1431 2916/6990/1431 2917/6991/1431 2918/6992/1431 2919/6993/1431 2920/6994/1431 2921/6995/1431 2922/6996/1431 2923/6997/1431 2924/6998/1431 2925/6999/1431 2926/7000/1431 2927/7001/1431 2928/7002/1431 2929/7003/1431 2930/7004/1431 2931/7005/1431 2932/7006/1431 2933/7007/1431 2934/7008/1431 2935/7009/1431 2936/7010/1431 2937/7011/1431 2938/7012/1431 2939/7013/1431 2717/6791/1431 2716/6790/1431 2715/6789/1431 2940/7014/1431 2941/7015/1431 2942/7016/1431 2943/7017/1431 2944/7018/1431 2945/7019/1431 2946/7020/1431 2947/7021/1431 2948/7022/1431 2949/7023/1431 2950/7024/1431 

usemtl Sree_Dress_4
v -0.387702 1.3093 0.547874
vt -16.8213 130.287
vn 0.96512 3.06748e-15 -0.261809
f 2951/7025/1432 2905/6979/1432 2914/6988/1432

v -0.386292 1.3114 0.553073
vt -17.0334 130.37
f 2952/7026/1432 2905/6979/1432 2951/7025/1432

f 2952/7026/1432 2906/6980/1432 2905/6979/1432

v -0.385006 1.31529 0.557814
vt -17.2267 130.523
f 2953/7027/1432 2906/6980/1432 2952/7026/1432

f 2953/7027/1432 2907/6981/1432 2906/6980/1432

v -0.383413 1.31994 0.563687
vt -17.4663 130.706
f 2954/7028/1432 2907/6981/1432 2953/7027/1432

f 2954/7028/1432 2908/6982/1432 2907/6981/1432

v -0.382304 1.32801 0.567775
vt -17.6331 131.024
f 2955/7029/1432 2908/6982/1432 2954/7028/1432

f 2955/7029/1432 2909/6983/1432 2908/6982/1432

v -0.381869 1.33533 0.569378
vt -17.6985 131.312
f 2956/7030/1432 2909/6983/1432 2955/7029/1432

f 2956/7030/1432 2910/6984/1432 2909/6983/1432

v -0.38173 1.34108 0.569891
vt -17.7194 131.539
f 2910/6984/1432 2956/7030/1432 2957/7031/1432

usemtl Sree_Dress_3
v -0.391559 1.30929 0.533655
vt -16.2412 130.287
vn 0.96512 -1.3127e-16 -0.261809
v -0.394224 1.31224 0.523834
vt -15.8406 130.403
v -0.396868 1.31804 0.514087
vt -15.443 130.631
v -0.400735 1.32964 0.499831
vt -14.8615 131.088
v -0.404394 1.34184 0.486341
vt -14.3111 131.569
v -0.406559 1.3496 0.478363
vt -13.9857 131.874
v -0.409305 1.3589 0.468239
vt -13.5727 132.24
v -0.409217 1.35959 0.468562
vt -13.5859 132.267
v -0.408852 1.35934 0.469908
vt -13.6408 132.257
v -0.401692 1.3504 0.496301
vt -14.7175 131.905
v -0.39705 1.34267 0.513414
vt -15.4155 131.601
v -0.392757 1.33532 0.529239
vt -16.0611 131.312
v -0.389574 1.33338 0.540974
vt -16.5398 131.235
v -0.386747 1.33572 0.551396
vt -16.9649 131.328
v -0.384359 1.34112 0.5602
vt -17.3241 131.54
v -0.382805 1.34664 0.565926
vt -17.5576 131.757
v -0.382243 1.34665 0.567997
vt -17.6422 131.758
v -0.381953 1.3459 0.569069
vt -17.6859 131.729
v -0.38929 1.30828 0.542021
vt -16.5825 130.247
f 2958/7032/1433 2959/7033/1433 2960/7034/1433 2961/7035/1433 2962/7036/1433 2963/7037/1433 2964/7038/1433 2965/7039/1433 2966/7040/1433 2967/7041/1433 2968/7042/1433 2969/7043/1433 2970/7044/1433 2971/7045/1433 2972/7046/1433 2973/7047/1433 2974/7048/1433 2975/7049/1433 2957/7031/1433 2956/7030/1433 2955/7029/1433 2954/7028/1433 2953/7027/1433 2952/7026/1433 2951/7025/1433 2976/7050/1433 

usemtl Sree_Dress_4
f 2958/7032/1432 2949/7023/1432 2959/7033/1432

f 2958/7032/1432 2950/7024/1432 2949/7023/1432

f 2976/7050/1432 2950/7024/1432 2958/7032/1432

f 2976/7050/1432 2914/6988/1432 2950/7024/1432

f 2951/7025/1432 2914/6988/1432 2976/7050/1432

f 2959/7033/1432 2949/7023/1432 2948/7022/1432

f 2959/7033/1432 2948/7022/1432 2947/7021/1432

f 2959/7033/1432 2947/7021/1432 2960/7034/1432

f 2960/7034/1432 2947/7021/1432 2946/7020/1432

f 2960/7034/1432 2946/7020/1432 2945/7019/1432

f 2960/7034/1432 2945/7019/1432 2944/7018/1432

f 2960/7034/1432 2944/7018/1432 2961/7035/1432

f 2961/7035/1432 2944/7018/1432 2943/7017/1432

f 2961/7035/1432 2943/7017/1432 2942/7016/1432

f 2961/7035/1432 2942/7016/1432 2962/7036/1432

f 2962/7036/1432 2942/7016/1432 2963/7037/1432

f 2963/7037/1432 2942/7016/1432 2964/7038/1432

f 2942/7016/1432 2965/7039/1432 2964/7038/1432

f 2942/7016/1432 2966/7040/1432 2965/7039/1432

f 2942/7016/1432 2967/7041/1432 2966/7040/1432

v -0.3985 1.34915 0.508069
vt -15.1975 131.856
f 2977/7051/1432 2967/7041/1432 2942/7016/1432

f 2977/7051/1432 2968/7042/1432 2967/7041/1432

v -0.395765 1.34645 0.518153
vt -15.6089 131.75
f 2978/7052/1432 2968/7042/1432 2977/7051/1432

v -0.392972 1.34482 0.528449
vt -16.0289 131.686
f 2979/7053/1432 2968/7042/1432 2978/7052/1432

f 2979/7053/1432 2969/7043/1432 2968/7042/1432

v -0.39015 1.34427 0.538852
vt -16.4532 131.664
f 2980/7054/1432 2969/7043/1432 2979/7053/1432

f 2980/7054/1432 2970/7044/1432 2969/7043/1432

v -0.387328 1.34482 0.549255
vt -16.8776 131.686
f 2981/7055/1432 2970/7044/1432 2980/7054/1432

f 2981/7055/1432 2971/7045/1432 2970/7044/1432

v -0.384535 1.34645 0.559551
vt -17.2976 131.75
f 2982/7056/1432 2971/7045/1432 2981/7055/1432

f 2982/7056/1432 2972/7046/1432 2971/7045/1432

f 2982/7056/1432 2973/7047/1432 2972/7046/1432

f 2913/6987/1432 2973/7047/1432 2982/7056/1432

f 2913/6987/1432 2974/7048/1432 2973/7047/1432

f 2913/6987/1432 2975/7049/1432 2974/7048/1432

f 2913/6987/1432 2957/7031/1432 2975/7049/1432

f 2913/6987/1432 2910/6984/1432 2957/7031/1432

f 2912/6986/1432 2910/6984/1432 2913/6987/1432

f 2910/6984/1432 2912/6986/1432 2911/6985/1432

usemtl Sree_Complexion_2
f 2982/7056/1429 2893/6967/1429 2913/6987/1429

v -0.38316 1.35124 0.564619
vt -17.5043 131.939
f 2893/6967/1429 2982/7056/1429 2983/7057/1429

v -0.385141 1.34862 0.557317
vt -17.2065 131.835
f 2983/7057/1429 2982/7056/1429 2984/7058/1429

f 2984/7058/1429 2982/7056/1429 2981/7055/1429

v -0.387964 1.34732 0.54691
vt -16.782 131.784
f 2984/7058/1429 2981/7055/1429 2985/7059/1429

f 2985/7059/1429 2981/7055/1429 2980/7054/1429

v -0.391002 1.34725 0.535709
vt -16.325 131.782
f 2985/7059/1429 2980/7054/1429 2986/7060/1429

f 2986/7060/1429 2980/7054/1429 2979/7053/1429

v -0.395088 1.3483 0.520648
vt -15.7106 131.823
f 2986/7060/1429 2979/7053/1429 2987/7061/1429

f 2987/7061/1429 2979/7053/1429 2978/7052/1429

v -0.401153 1.35299 0.498289
vt -14.7985 132.008
f 2987/7061/1429 2978/7052/1429 2988/7062/1429

f 2988/7062/1429 2978/7052/1429 2977/7051/1429

f 2988/7062/1429 2977/7051/1429 2942/7016/1429

v -0.406934 1.35972 0.476981
vt -13.9293 132.272
f 2988/7062/1429 2942/7016/1429 2989/7063/1429

v -0.409984 1.3664 0.465737
vt -13.4707 132.535
f 2989/7063/1429 2942/7016/1429 2990/7064/1429

v -0.410995 1.37449 0.462007
vt -13.3185 132.854
f 2990/7064/1429 2942/7016/1429 2991/7065/1429

v -0.411074 1.3907 0.461718
vt -13.3067 133.492
f 2991/7065/1429 2942/7016/1429 2992/7066/1429

f 2799/6873/1429 2992/7066/1429 2942/7016/1429

v -0.410627 1.39602 0.463367
vt -13.374 133.702
f 2799/6873/1429 2993/7067/1429 2992/7066/1429

f 2798/6872/1429 2993/7067/1429 2799/6873/1429

v -0.408926 1.39719 0.469636
vt -13.6297 133.747
f 2798/6872/1429 2994/7068/1429 2993/7067/1429

v -0.40388 1.3868 0.488237
vt -14.3885 133.339
f 2798/6872/1429 2995/7069/1429 2994/7068/1429

f 2797/6871/1429 2995/7069/1429 2798/6872/1429

v -0.399404 1.37668 0.504737
vt -15.0616 132.94
f 2797/6871/1429 2996/7070/1429 2995/7069/1429

f 2796/6870/1429 2996/7070/1429 2797/6871/1429

v -0.395779 1.37444 0.5181
vt -15.6067 132.852
f 2796/6870/1429 2997/7071/1429 2996/7070/1429

f 2795/6869/1429 2997/7071/1429 2796/6870/1429

v -0.393428 1.37618 0.526765
vt -15.9602 132.921
f 2795/6869/1429 2998/7072/1429 2997/7071/1429

f 2794/6868/1429 2998/7072/1429 2795/6869/1429

f 2793/6867/1429 2998/7072/1429 2794/6868/1429

v -0.390423 1.3836 0.537844
vt -16.4121 133.212
f 2793/6867/1429 2999/7073/1429 2998/7072/1429

f 2792/6866/1429 2999/7073/1429 2793/6867/1429

v -0.388075 1.39208 0.546499
vt -16.7652 133.546
f 2792/6866/1429 3000/7074/1429 2999/7073/1429

f 2791/6865/1429 3000/7074/1429 2792/6866/1429

f 2791/6865/1429 2883/6957/1429 3000/7074/1429

usemtl Sree_Complexion_1
vn 0.96512 -4.18249e-15 -0.261809
f 2883/6957/1434 2884/6958/1434 2885/6959/1434 2886/6960/1434 2888/6962/1434 2890/6964/1434 2892/6966/1434 2983/7057/1434 2984/7058/1434 2985/7059/1434 2986/7060/1434 2987/7061/1434 2988/7062/1434 2989/7063/1434 2990/7064/1434 2991/7065/1434 2992/7066/1434 2993/7067/1434 2994/7068/1434 2995/7069/1434 2996/7070/1434 2997/7071/1434 2998/7072/1434 2999/7073/1434 3000/7074/1434 

usemtl Sree_Complexion_2
f 2893/6967/1429 2983/7057/1429 2892/6966/1429

f 2799/6873/1429 2942/7016/1429 2941/7015/1429

f 2799/6873/1429 2941/7015/1429 2800/6874/1429

v -0.412412 1.4075 0.456786
vt -13.1055 134.154
f 2800/6874/1429 2941/7015/1429 3001/7075/1429

v -0.412412 1.39516 0.456786
vt -13.1055 133.668
f 3001/7075/1429 2941/7015/1429 3002/7076/1429

v -0.412711 1.37193 0.455684
vt -13.0606 132.753
f 2941/7015/1429 3003/7077/1429 3002/7076/1429

v -0.412968 1.36927 0.454735
vt -13.0219 132.648
f 3003/7077/1429 2941/7015/1429 3004/7078/1429

f 3004/7078/1429 2941/7015/1429 2940/7014/1429

usemtl Sree_Complexion_3
vn 0.96512 9.94339e-16 -0.261809
f 2711/6785/1435 2800/6874/1435 3001/7075/1435 3002/7076/1435 3003/7077/1435 3004/7078/1435 2940/7014/1435 2715/6789/1435 2714/6788/1435 2713/6787/1435 2712/6786/1435 

usemtl Sree_Dress_4
v -0.374251 1.34336 0.597461
vt -18.8441 131.629
vn 0.96512 9.59281e-15 -0.261809
v -0.369542 1.33683 0.614819
vt -19.5522 131.371
v -0.373782 1.33937 0.599189
vt -18.9145 131.471
v -0.376188 1.34359 0.590321
vt -18.5528 131.637
v -0.378211 1.34795 0.582861
vt -18.2485 131.809
v -0.379118 1.34865 0.579519
vt -18.1122 131.837
v -0.379571 1.34801 0.577849
vt -18.044 131.811
v -0.379754 1.34542 0.577173
vt -18.0165 131.71
v -0.37852 1.35896 0.581724
vt -18.2021 132.243
v -0.377974 1.35595 0.583737
vt -18.2842 132.124
v -0.377062 1.35175 0.587098
vt -18.4213 131.959
v -0.375712 1.34729 0.592075
vt -18.6243 131.783
f 3005/7079/1436 3006/7080/1436 3007/7081/1436 3008/7082/1436 3009/7083/1436 3010/7084/1436 3011/7085/1436 3012/7086/1436 2918/6992/1436 2917/6991/1436 2916/6990/1436 2915/6989/1436 2877/6951/1436 2876/6950/1436 2875/6949/1436 3013/7087/1436 3014/7088/1436 3015/7089/1436 3016/7090/1436 

usemtl Sree_Dress_3
v -0.356886 1.2146 0.661475
vt -21.4554 126.559
vn 0.96512 1.95446e-15 -0.261809
v -0.356553 1.20853 0.662702
vt -21.5054 126.32
v -0.356478 1.20717 0.662976
vt -21.5166 126.267
v -0.356322 1.20433 0.663551
vt -21.5401 126.155
v -0.355733 1.19336 0.665722
vt -21.6287 125.723
v -0.357134 1.2067 0.660561
vt -21.4181 126.248
v -0.357776 1.21679 0.658194
vt -21.3215 126.645
v -0.35883 1.2351 0.654309
vt -21.163 127.366
v -0.36064 1.25511 0.647633
vt -20.8907 128.154
v -0.361443 1.29332 0.644677
vt -20.7701 129.658
v -0.363576 1.30546 0.63681
vt -20.4492 130.136
v -0.366532 1.31504 0.625916
vt -20.0048 130.513
v -0.368081 1.32007 0.620205
vt -19.7719 130.712
v -0.370841 1.32468 0.610029
vt -19.3568 130.893
v -0.372042 1.3259 0.605604
vt -19.1762 130.941
v -0.37365 1.32628 0.599676
vt -18.9344 130.956
v -0.37538 1.32548 0.593299
vt -18.6743 130.924
v -0.377135 1.32546 0.586829
vt -18.4103 130.924
v -0.378767 1.32545 0.580812
vt -18.1649 130.923
v -0.379636 1.32325 0.577607
vt -18.0342 130.837
v -0.367464 1.33446 0.622481
vt -19.8647 131.278
v -0.365345 1.33267 0.63029
vt -20.1832 131.208
v -0.363914 1.33188 0.635567
vt -20.3985 131.176
v -0.361915 1.32973 0.642935
vt -20.6991 131.092
v -0.36013 1.32403 0.649517
vt -20.9676 130.867
v -0.359246 1.31881 0.652774
vt -21.1005 130.662
v -0.358968 1.3121 0.653798
vt -21.1422 130.398
v -0.359223 1.3032 0.65286
vt -21.104 130.047
v -0.359513 1.2787 0.651788
vt -21.0602 129.083
v -0.359235 1.26122 0.652816
vt -21.1022 128.394
v -0.357627 1.23228 0.65874
vt -21.3438 127.255
f 3017/7091/1437 3018/7092/1437 3019/7093/1437 3020/7094/1437 3021/7095/1437 3022/7096/1437 3023/7097/1437 3024/7098/1437 3025/7099/1437 3026/7100/1437 3027/7101/1437 3028/7102/1437 3029/7103/1437 3030/7104/1437 3031/7105/1437 3032/7106/1437 3033/7107/1437 3034/7108/1437 3035/7109/1437 3036/7110/1437 2920/6994/1437 2919/6993/1437 2918/6992/1437 3012/7086/1437 3011/7085/1437 3010/7084/1437 3009/7083/1437 3008/7082/1437 3007/7081/1437 3006/7080/1437 3037/7111/1437 3038/7112/1437 3039/7113/1437 3040/7114/1437 3041/7115/1437 3042/7116/1437 3043/7117/1437 3044/7118/1437 3045/7119/1437 3046/7120/1437 3047/7121/1437 

usemtl Sree_Complexion_2
v -0.343292 1.00692 0.711585
vt -23.4995 118.383
vn 0.96512 -1.008e-15 -0.261809
v -0.346565 1.02121 0.69952
vt -23.0074 118.945
v -0.351754 1.04483 0.680391
vt -22.227 119.875
v -0.357163 1.07067 0.660452
vt -21.4136 120.892
v -0.35766 1.0858 0.65862
vt -21.3389 121.488
v -0.358069 1.11165 0.657113
vt -21.2775 122.506
v -0.35748 1.129 0.659284
vt -21.366 123.189
v -0.356261 1.14086 0.663779
vt -21.5494 123.656
v -0.355438 1.15538 0.666812
vt -21.6731 124.228
v -0.354932 1.16728 0.668678
vt -21.7492 124.696
v -0.354893 1.17933 0.668821
vt -21.755 125.171
v -0.355322 1.19128 0.667239
vt -21.6905 125.641
v -0.358402 1.25896 0.655887
vt -21.2274 128.306
v -0.358691 1.27683 0.654819
vt -21.1839 129.009
v -0.358753 1.29474 0.65459
vt -21.1745 129.714
v -0.358653 1.31264 0.65496
vt -21.1896 130.419
v -0.358856 1.31857 0.654213
vt -21.1592 130.652
v -0.358677 1.31836 0.654872
vt -21.186 130.644
v -0.358584 1.31317 0.655213
vt -21.1999 130.44
v -0.358584 1.29722 0.655213
vt -21.1999 129.812
v -0.358026 1.27293 0.657273
vt -21.284 128.856
v -0.356942 1.24 0.661268
vt -21.447 127.559
v -0.355931 1.21391 0.664992
vt -21.5989 126.532
v -0.355088 1.19155 0.668103
vt -21.7258 125.652
v -0.354477 1.1744 0.670353
vt -21.8175 124.976
v -0.354477 1.15823 0.670353
vt -21.8175 124.34
v -0.355355 1.14095 0.667118
vt -21.6856 123.659
v -0.355355 1.11376 0.667118
vt -21.6856 122.589
v -0.354105 1.07702 0.671726
vt -21.8736 121.143
v -0.353065 1.06168 0.675559
vt -22.0299 120.539
v -0.350153 1.04284 0.686296
vt -22.4679 119.797
v -0.3449 1.01534 0.705657
vt -23.2577 118.714
v -0.342741 1.00553 0.713617
vt -23.5824 118.328
v -0.342438 1.00254 0.714735
vt -23.628 118.21
v -0.342261 0.998411 0.715386
vt -23.6546 118.048
v -0.342261 0.994738 0.715386
vt -23.6546 117.903
v -0.342615 0.989749 0.714083
vt -23.6014 117.707
v -0.342951 0.987294 0.712842
vt -23.5508 117.61
v -0.352066 0.957041 0.67924
vt -22.1801 116.419
v -0.357123 0.931837 0.6606
vt -21.4197 115.427
v -0.359495 0.919059 0.651855
vt -21.063 114.924
v -0.361661 0.907368 0.643871
vt -20.7373 114.463
v -0.363437 0.897639 0.637324
vt -20.4702 114.08
v -0.365245 0.895701 0.630661
vt -20.1984 114.004
v -0.366527 0.894525 0.625935
vt -20.0056 113.958
v -0.370675 0.894688 0.610641
vt -19.3817 113.964
v -0.373933 0.895827 0.598631
vt -18.8918 114.009
v -0.377751 0.893444 0.58456
vt -18.3178 113.915
v -0.381109 0.893444 0.57218
vt -17.8128 113.915
v -0.382075 0.893444 0.568619
vt -17.6675 113.915
v -0.383872 0.89599 0.561995
vt -17.3973 114.015
v -0.385414 0.896932 0.556311
vt -17.1654 114.052
v -0.384528 0.896899 0.559575
vt -17.2986 114.051
v -0.383598 0.896532 0.563002
vt -17.4384 114.037
v -0.382712 0.895396 0.566269
vt -17.5717 113.992
v -0.381826 0.89426 0.569536
vt -17.7049 113.947
v -0.378159 0.89426 0.583053
vt -18.2563 113.947
v -0.374737 0.896946 0.595668
vt -18.7709 114.053
v -0.371769 0.898608 0.606611
vt -19.2173 114.118
v -0.36987 0.897988 0.613609
vt -19.5028 114.094
v -0.367842 0.898594 0.621087
vt -19.8078 114.118
v -0.367237 0.899551 0.623318
vt -19.8988 114.156
v -0.360301 0.931248 0.648883
vt -20.9417 115.403
v -0.359116 0.935368 0.653252
vt -21.1199 115.566
v -0.351499 0.961845 0.681333
vt -22.2654 116.608
v -0.351303 0.962525 0.682054
vt -22.2949 116.635
v -0.346217 0.980205 0.700804
vt -23.0597 117.331
v -0.345989 0.980995 0.701642
vt -23.0939 117.362
v -0.343765 0.988727 0.709842
vt -23.4284 117.666
v -0.343197 0.991252 0.711938
vt -23.5139 117.766
v -0.342805 0.994228 0.713381
vt -23.5728 117.883
v -0.342614 0.997478 0.714087
vt -23.6016 118.011
v -0.342634 1.00081 0.714012
vt -23.5985 118.142
v -0.342865 1.00402 0.713161
vt -23.5638 118.269
v -0.343079 1.00547 0.712373
vt -23.5317 118.326
f 3048/7122/1438 3049/7123/1438 3050/7124/1438 3051/7125/1438 3052/7126/1438 3053/7127/1438 3054/7128/1438 3055/7129/1438 3056/7130/1438 3057/7131/1438 3058/7132/1438 3059/7133/1438 3020/7094/1438 3019/7093/1438 3018/7092/1438 3017/7091/1438 3047/7121/1438 3060/7134/1438 3061/7135/1438 3062/7136/1438 3063/7137/1438 3064/7138/1438 3065/7139/1438 3066/7140/1438 3067/7141/1438 3068/7142/1438 3069/7143/1438 3070/7144/1438 3071/7145/1438 3072/7146/1438 3073/7147/1438 3074/7148/1438 3075/7149/1438 3076/7150/1438 3077/7151/1438 3078/7152/1438 3079/7153/1438 3080/7154/1438 3081/7155/1438 3082/7156/1438 3083/7157/1438 3084/7158/1438 3085/7159/1438 3086/7160/1438 3087/7161/1438 3088/7162/1438 3089/7163/1438 3090/7164/1438 3091/7165/1438 3092/7166/1438 3093/7167/1438 3094/7168/1438 3095/7169/1438 3096/7170/1438 3097/7171/1438 3098/7172/1438 3099/7173/1438 3100/7174/1438 3101/7175/1438 3102/7176/1438 3103/7177/1438 3104/7178/1438 3105/7179/1438 3106/7180/1438 3107/7181/1438 3108/7182/1438 3109/7183/1438 3110/7184/1438 3111/7185/1438 3112/7186/1438 3113/7187/1438 3114/7188/1438 3115/7189/1438 3116/7190/1438 3117/7191/1438 3118/7192/1438 3119/7193/1438 3120/7194/1438 3121/7195/1438 3122/7196/1438 

usemtl Sree_Laptop_3
v -0.398971 1.08386 0.506335
vt -15.1268 121.412
vn 0.96512 -2.04416e-15 -0.261809
v -0.425699 0.992323 0.407806
vt -11.1075 117.808
v -0.425799 0.993942 0.407435
vt -11.0924 117.872
v -0.380107 1.15043 0.575873
vt -17.9634 124.033
v -0.379562 1.15277 0.577883
vt -18.0454 124.125
v -0.378907 1.1539 0.580297
vt -18.1439 124.169
v -0.378195 1.15429 0.582922
vt -18.251 124.185
v -0.377483 1.1539 0.585546
vt -18.358 124.169
v -0.376828 1.15277 0.58796
vt -18.4565 124.125
v -0.376283 1.15097 0.58997
vt -18.5385 124.054
v -0.374789 1.14445 0.595478
vt -18.7632 123.797
v -0.359822 1.0791 0.650649
vt -21.0138 121.224
v -0.357797 1.07026 0.658114
vt -21.3183 120.876
v -0.343067 1.00134 0.712415
vt -23.5334 118.163
v -0.34335 1.00489 0.711374
vt -23.4909 118.303
v -0.343548 1.00623 0.710644
vt -23.4611 118.356
v -0.358032 1.06948 0.657251
vt -21.2831 120.846
v -0.360056 1.07832 0.649786
vt -20.9786 121.194
v -0.37643 1.14888 0.589426
vt -18.5163 123.972
v -0.376925 1.1505 0.587602
vt -18.4419 124.035
v -0.377499 1.1515 0.585487
vt -18.3556 124.075
v -0.378123 1.15184 0.583187
vt -18.2618 124.088
v -0.378747 1.1515 0.580887
vt -18.168 124.075
v -0.379321 1.1505 0.578772
vt -18.0817 124.035
v -0.379636 1.14968 0.577609
vt -18.0342 124.003
v -0.385463 1.13044 0.556129
vt -17.158 123.246
f 3123/7197/1439 3124/7198/1439 3125/7199/1439 3126/7200/1439 3127/7201/1439 3128/7202/1439 3129/7203/1439 3130/7204/1439 3131/7205/1439 3132/7206/1439 3133/7207/1439 3134/7208/1439 3135/7209/1439 3049/7123/1439 3048/7122/1439 3122/7196/1439 3136/7210/1439 3137/7211/1439 3138/7212/1439 3139/7213/1439 3140/7214/1439 3141/7215/1439 3142/7216/1439 3143/7217/1439 3144/7218/1439 3145/7219/1439 3146/7220/1439 3147/7221/1439 3148/7222/1439 

usemtl Sree_Laptop_1
v -0.367777 0.913313 0.621325
vt -19.8175 114.697
vn 0.96512 7.61467e-17 -0.261809
v -0.367603 0.917385 0.621969
vt -19.8438 114.858
v -0.367905 0.920691 0.620853
vt -19.7983 114.988
v -0.369166 0.923222 0.616206
vt -19.6087 115.087
v -0.372228 0.919936 0.604919
vt -19.1483 114.958
v -0.374252 0.917195 0.597455
vt -18.8438 114.85
v -0.376525 0.917195 0.589078
vt -18.5021 114.85
v -0.378083 0.915581 0.583335
vt -18.2678 114.787
v -0.379705 0.912338 0.577356
vt -18.0239 114.659
v -0.385234 0.91083 0.556974
vt -17.1925 114.6
v -0.387331 0.910004 0.549241
vt -16.877 114.567
v -0.39105 0.909155 0.535533
vt -16.3179 114.534
v -0.394449 0.907609 0.523004
vt -15.8067 114.473
v -0.395828 0.909468 0.517919
vt -15.5993 114.546
v -0.398072 0.914833 0.509646
vt -15.2618 114.757
v -0.400052 0.917886 0.502349
vt -14.9642 114.877
v -0.400414 0.920358 0.501016
vt -14.9098 114.975
v -0.400726 0.921994 0.499863
vt -14.8628 115.039
v -0.401039 0.923629 0.498711
vt -14.8158 115.104
v -0.403779 0.929842 0.48861
vt -14.4037 115.348
v -0.404634 0.931562 0.485459
vt -14.2752 115.416
v -0.40548 0.93291 0.48234
vt -14.1479 115.469
v -0.406605 0.933779 0.478194
vt -13.9788 115.503
v -0.415702 0.957985 0.444658
vt -12.6108 116.456
v -0.343062 0.999277 0.712435
vt -23.5342 118.082
v -0.343886 0.993009 0.709395
vt -23.4102 117.835
v -0.344356 0.990922 0.707663
vt -23.3395 117.753
v -0.346543 0.98332 0.699601
vt -23.0106 117.454
v -0.347467 0.987197 0.696195
vt -22.8717 117.606
v -0.348329 0.987942 0.693017
vt -22.7421 117.636
v -0.353087 0.971406 0.675479
vt -22.0266 116.984
v -0.352976 0.968047 0.675886
vt -22.0432 116.852
v -0.352053 0.96417 0.679291
vt -22.1822 116.7
v -0.35967 0.937692 0.651211
vt -21.0367 115.657
v -0.360855 0.933573 0.646842
vt -20.8584 115.495
v -0.366543 0.913802 0.625873
vt -20.0031 114.717
f 3149/7223/1440 3150/7224/1440 3151/7225/1440 3152/7226/1440 3153/7227/1440 3154/7228/1440 3155/7229/1440 3156/7230/1440 3157/7231/1440 3158/7232/1440 3159/7233/1440 3160/7234/1440 3161/7235/1440 3162/7236/1440 3163/7237/1440 3164/7238/1440 3165/7239/1440 3166/7240/1440 3167/7241/1440 3168/7242/1440 3169/7243/1440 3170/7244/1440 3171/7245/1440 3172/7246/1440 3124/7198/1440 3123/7197/1440 3148/7222/1440 3147/7221/1440 3146/7220/1440 3145/7219/1440 3144/7218/1440 3143/7217/1440 3142/7216/1440 3141/7215/1440 3140/7214/1440 3139/7213/1440 3138/7212/1440 3137/7211/1440 3136/7210/1440 3173/7247/1440 3174/7248/1440 3175/7249/1440 3176/7250/1440 3177/7251/1440 3178/7252/1440 3179/7253/1440 3180/7254/1440 3181/7255/1440 3182/7256/1440 3183/7257/1440 3184/7258/1440 

usemtl Sree_Laptop_2
v -0.415446 0.954538 0.445599
vt -12.6492 116.32
vn 0.96512 3.23196e-16 -0.261809
v -0.426878 0.992559 0.403459
vt -10.9302 117.817
v -0.399177 1.08638 0.505574
vt -15.0957 121.511
v -0.384674 1.13551 0.559037
vt -17.2766 123.445
v -0.380107 1.15097 0.575873
vt -17.9634 124.054
v -0.367476 0.90631 0.622435
vt -19.8628 114.422
v -0.37106 0.90284 0.609224
vt -19.3239 114.285
v -0.369509 0.906983 0.614942
vt -19.5572 114.448
v -0.368484 0.911445 0.61872
vt -19.7113 114.624
v -0.367987 0.916195 0.620553
vt -19.786 114.811
v -0.368187 0.919907 0.619813
vt -19.7559 114.957
v -0.368787 0.921648 0.617601
vt -19.6656 115.026
v -0.369112 0.921648 0.616405
vt -19.6168 115.026
v -0.369223 0.922011 0.615995
vt -19.6001 115.04
v -0.369758 0.921648 0.614023
vt -19.5197 115.026
v -0.3717 0.919462 0.606864
vt -19.2276 114.939
v -0.372193 0.918718 0.605046
vt -19.1535 114.91
v -0.372512 0.917579 0.603871
vt -19.1055 114.865
v -0.372686 0.917974 0.603228
vt -19.0793 114.881
v -0.373997 0.915997 0.598397
vt -18.8822 114.803
v -0.37627 0.915997 0.590019
vt -18.5405 114.803
v -0.377827 0.914383 0.584277
vt -18.3062 114.739
v -0.379649 0.911045 0.57756
vt -18.0322 114.608
v -0.385178 0.909537 0.557178
vt -17.2008 114.549
v -0.388125 0.907579 0.546315
vt -16.7577 114.472
v -0.392032 0.907579 0.531912
vt -16.1701 114.472
v -0.394973 0.905633 0.521071
vt -15.7279 114.395
v -0.396353 0.907491 0.515986
vt -15.5204 114.468
v -0.398272 0.913239 0.508909
vt -15.2317 114.694
v -0.400882 0.917141 0.499289
vt -14.8393 114.848
v -0.400882 0.91872 0.499289
vt -14.8393 114.91
v -0.401195 0.920356 0.498137
vt -14.7923 114.975
v -0.401507 0.921992 0.496984
vt -14.7453 115.039
v -0.404247 0.928204 0.486883
vt -14.3333 115.284
v -0.404908 0.929703 0.484448
vt -14.2339 115.343
v -0.405594 0.930264 0.481919
vt -14.1308 115.365
v -0.405949 0.930151 0.480611
vt -14.0774 115.36
f 3185/7259/1441 3186/7260/1441 3187/7261/1441 3188/7262/1441 3189/7263/1441 3127/7201/1441 3126/7200/1441 3125/7199/1441 3124/7198/1441 3172/7246/1441 3171/7245/1441 3170/7244/1441 3169/7243/1441 3168/7242/1441 3167/7241/1441 3166/7240/1441 3165/7239/1441 3164/7238/1441 3163/7237/1441 3162/7236/1441 3161/7235/1441 3160/7234/1441 3159/7233/1441 3158/7232/1441 3157/7231/1441 3156/7230/1441 3155/7229/1441 3154/7228/1441 3153/7227/1441 3152/7226/1441 3151/7225/1441 3150/7224/1441 3149/7223/1441 3184/7258/1441 3183/7257/1441 3182/7256/1441 3181/7255/1441 3112/7186/1441 3111/7185/1441 3110/7184/1441 3190/7264/1441 3107/7181/1441 3106/7180/1441 3105/7179/1441 3191/7265/1441 3192/7266/1441 3193/7267/1441 3194/7268/1441 3195/7269/1441 3196/7270/1441 3197/7271/1441 3198/7272/1441 3199/7273/1441 3200/7274/1441 3201/7275/1441 3202/7276/1441 3203/7277/1441 3204/7278/1441 3205/7279/1441 3206/7280/1441 3207/7281/1441 3208/7282/1441 3209/7283/1441 3210/7284/1441 3211/7285/1441 3212/7286/1441 3213/7287/1441 3214/7288/1441 3215/7289/1441 3216/7290/1441 3217/7291/1441 3218/7292/1441 3219/7293/1441 3220/7294/1441 3221/7295/1441 

usemtl Sree_Complexion_3
vn 0.96512 -1.20347e-15 -0.261809
v -0.406031 0.929778 0.480306
vt -14.065 115.346
v -0.415727 0.954635 0.444565
vt -12.607 116.324
v -0.426957 0.99212 0.403168
vt -10.9183 117.8
v -0.435898 1.02544 0.370208
vt -9.57373 119.112
v -0.439294 1.03426 0.357688
vt -9.06303 119.459
v -0.440684 1.03608 0.352566
vt -8.85407 119.531
v -0.441801 1.04077 0.348447
vt -8.68605 119.715
v -0.441801 1.04586 0.348447
vt -8.68605 119.916
v -0.43793 1.08172 0.362717
vt -9.26817 121.328
v -0.436659 1.10472 0.367401
vt -9.45923 122.233
v -0.433967 1.14185 0.377327
vt -9.86416 123.695
v -0.430364 1.17192 0.390609
vt -10.406 124.879
v -0.428914 1.2034 0.395954
vt -10.624 126.118
v -0.428914 1.22294 0.395954
vt -10.624 126.888
v -0.42931 1.25511 0.394493
vt -10.5644 128.154
v -0.428548 1.22482 0.397304
vt -10.6791 126.961
v -0.428478 1.2033 0.39756
vt -10.6895 126.114
v -0.429964 1.16859 0.392084
vt -10.4661 124.748
v -0.433344 1.13973 0.379622
vt -9.95775 123.612
v -0.434228 1.12872 0.376365
vt -9.82489 123.178
v -0.435294 1.11543 0.372435
vt -9.66461 122.655
v -0.437565 1.08116 0.364061
vt -9.32299 121.306
v -0.440078 1.05579 0.354797
vt -8.9451 120.307
v -0.441287 1.04505 0.350344
vt -8.76342 119.884
v -0.440978 1.0404 0.351483
vt -8.80989 119.701
v -0.440418 1.03796 0.353547
vt -8.89409 119.605
v -0.435938 1.02612 0.37006
vt -9.56769 119.139
v -0.434877 1.02219 0.373972
vt -9.72728 118.984
f 3221/7295/1442 3222/7296/1442 3223/7297/1442 3224/7298/1442 3225/7299/1442 3226/7300/1442 3227/7301/1442 3228/7302/1442 3229/7303/1442 3230/7304/1442 3231/7305/1442 3232/7306/1442 3233/7307/1442 3234/7308/1442 3235/7309/1442 3236/7310/1442 3237/7311/1442 3238/7312/1442 3239/7313/1442 3240/7314/1442 3241/7315/1442 3242/7316/1442 3243/7317/1442 3244/7318/1442 3245/7319/1442 3246/7320/1442 3247/7321/1442 3248/7322/1442 3249/7323/1442 3186/7260/1442 3185/7259/1442 

usemtl Sree_Watch_2
v -0.40117 0.917346 0.498228
vt -14.796 114.856
vn 0.96512 -1.05458e-15 -0.261809
v -0.401389 0.917003 0.497419
vt -14.763 114.843
v -0.405001 0.895541 0.484105
vt -14.2199 113.998
v -0.408266 0.873595 0.472068
vt -13.7289 113.134
v -0.408328 0.872173 0.471842
vt -13.7197 113.078
v -0.408389 0.870752 0.471616
vt -13.7105 113.022
v -0.408072 0.870032 0.472785
vt -13.7582 112.993
v -0.408929 0.868955 0.469626
vt -13.6293 112.951
v -0.409902 0.868955 0.466037
vt -13.4829 112.951
v -0.413633 0.878156 0.452283
vt -12.9218 113.313
v -0.413633 0.882035 0.452283
vt -12.9218 113.466
v -0.413582 0.882644 0.452471
vt -12.9295 113.49
v -0.413454 0.884177 0.452944
vt -12.9488 113.55
v -0.412931 0.890424 0.454872
vt -13.0274 113.796
v -0.412574 0.892617 0.456187
vt -13.0811 113.883
v -0.407909 0.921289 0.473384
vt -13.7826 115.011
v -0.406457 0.927855 0.478738
vt -14.001 115.27
v -0.405273 0.929266 0.483103
vt -14.1791 115.325
v -0.405637 0.928829 0.481759
vt -14.1242 115.308
v -0.407662 0.918412 0.474296
vt -13.8198 114.898
v -0.412262 0.890037 0.457337
vt -13.128 113.781
v -0.413025 0.881723 0.454526
vt -13.0133 113.454
v -0.412924 0.877978 0.454896
vt -13.0284 113.306
v -0.409775 0.870761 0.466507
vt -13.5021 113.022
v -0.408731 0.871263 0.470353
vt -13.659 113.042
v -0.408731 0.874627 0.470353
vt -13.659 113.174
v -0.407616 0.882741 0.474466
vt -13.8267 113.494
v -0.405066 0.898654 0.483866
vt -14.2102 114.12
v -0.40164 0.920034 0.496496
vt -14.7254 114.962
f 3250/7324/1443 3251/7325/1443 3252/7326/1443 3253/7327/1443 3254/7328/1443 3255/7329/1443 3256/7330/1443 3257/7331/1443 3258/7332/1443 3259/7333/1443 3260/7334/1443 3261/7335/1443 3262/7336/1443 3263/7337/1443 3264/7338/1443 3265/7339/1443 3266/7340/1443 3222/7296/1443 3221/7295/1443 3220/7294/1443 3219/7293/1443 3218/7292/1443 3267/7341/1443 3268/7342/1443 3269/7343/1443 3270/7344/1443 3271/7345/1443 3272/7346/1443 3273/7347/1443 3274/7348/1443 3275/7349/1443 3276/7350/1443 3277/7351/1443 3278/7352/1443 3216/7290/1443 3215/7289/1443 3214/7288/1443 

usemtl Sree_Complexion_2
v -0.386234 0.829742 0.553288
vt -17.0421 111.407
vn 0.96512 -2.26467e-16 -0.261809
v -0.384743 0.82664 0.558784
vt -17.2663 111.285
v -0.387318 0.82664 0.549292
vt -16.8791 111.285
v -0.388598 0.827955 0.544574
vt -16.6866 111.337
v -0.393433 0.840473 0.526747
vt -15.9594 111.83
v -0.395471 0.845095 0.519236
vt -15.653 112.012
v -0.397284 0.845095 0.512552
vt -15.3804 112.012
v -0.398728 0.842846 0.507229
vt -15.1632 111.923
v -0.403405 0.861402 0.489988
vt -14.4599 112.654
v -0.3983 0.912795 0.508809
vt -15.2277 114.677
v -0.399345 0.914463 0.504954
vt -15.0704 114.743
v -0.400776 0.916254 0.499678
vt -14.8552 114.813
v -0.401204 0.915165 0.498102
vt -14.7909 114.77
v -0.403573 0.900185 0.489369
vt -14.4347 114.18
v -0.406063 0.884436 0.480189
vt -14.0602 113.56
v -0.406403 0.880729 0.478935
vt -14.0091 113.415
v -0.406498 0.879403 0.478585
vt -13.9947 113.362
v -0.406472 0.876253 0.478681
vt -13.9987 113.238
v -0.405862 0.873098 0.480932
vt -14.0905 113.114
v -0.404526 0.870224 0.485858
vt -14.2914 113.001
v -0.402884 0.866639 0.491907
vt -14.5382 112.86
v -0.400069 0.85737 0.502287
vt -14.9616 112.495
v -0.398421 0.852497 0.508359
vt -15.2093 112.303
v -0.397449 0.850408 0.511945
vt -15.3556 112.221
v -0.395176 0.84654 0.520324
vt -15.6974 112.068
v -0.393238 0.841856 0.527466
vt -15.9888 111.884
v -0.389053 0.830486 0.542893
vt -16.6181 111.436
v -0.387804 0.828223 0.547498
vt -16.8059 111.347
v -0.385342 0.827184 0.556573
vt -17.1761 111.306
v -0.386271 0.828624 0.553149
vt -17.0364 111.363
v -0.387719 0.833037 0.547813
vt -16.8188 111.537
v -0.389446 0.841125 0.541446
vt -16.559 111.855
v -0.388543 0.838847 0.544775
vt -16.6948 111.766
v -0.38798 0.835501 0.546848
vt -16.7794 111.634
f 3279/7353/1444 3280/7354/1444 3281/7355/1444 3282/7356/1444 3283/7357/1444 3284/7358/1444 3285/7359/1444 3286/7360/1444 3287/7361/1444 3254/7328/1444 3253/7327/1444 3252/7326/1444 3251/7325/1444 3250/7324/1444 3214/7288/1444 3213/7287/1444 3212/7286/1444 3288/7362/1444 3289/7363/1444 3290/7364/1444 3291/7365/1444 3292/7366/1444 3293/7367/1444 3294/7368/1444 3295/7369/1444 3296/7370/1444 3297/7371/1444 3298/7372/1444 3299/7373/1444 3300/7374/1444 3301/7375/1444 3302/7376/1444 3303/7377/1444 3304/7378/1444 3305/7379/1444 3306/7380/1444 3307/7381/1444 3308/7382/1444 3309/7383/1444 3310/7384/1444 3311/7385/1444 3312/7386/1444 

usemtl Sree_Complexion_3
vn 0.96512 4.52162e-15 -0.261809
v -0.388121 0.837782 0.546331
vt -16.7583 111.724
v -0.386329 0.831423 0.552937
vt -17.0278 111.473
v -0.384898 0.829206 0.558213
vt -17.243 111.386
v -0.38203 0.828407 0.568784
vt -17.6743 111.355
v -0.384608 0.823386 0.559281
vt -17.2866 111.157
v -0.38785 0.823961 0.547331
vt -16.7991 111.18
v -0.390738 0.832082 0.536683
vt -16.3647 111.499
v -0.393834 0.84078 0.525272
vt -15.8992 111.842
v -0.395368 0.843997 0.519616
vt -15.6685 111.968
v -0.396994 0.843693 0.513621
vt -15.424 111.956
v -0.398207 0.841376 0.509148
vt -15.2415 111.865
v -0.398426 0.839135 0.508344
vt -15.2087 111.777
v -0.398384 0.8382 0.508498
vt -15.215 111.74
v -0.398518 0.838183 0.508002
vt -15.1948 111.739
v -0.403666 0.859949 0.489026
vt -14.4207 112.596
f 3281/7355/1445 3280/7354/1445 3279/7353/1445 3312/7386/1445 3311/7385/1445 3313/7387/1445 3314/7388/1445 3315/7389/1445 3316/7390/1445 3317/7391/1445 3318/7392/1445 3319/7393/1445 3320/7394/1445 3321/7395/1445 3322/7396/1445 3323/7397/1445 3324/7398/1445 3325/7399/1445 3326/7400/1445 3327/7401/1445 3256/7330/1445 3255/7329/1445 3254/7328/1445 3287/7361/1445 3286/7360/1445 3285/7359/1445 3284/7358/1445 3283/7357/1445 3282/7356/1445 

usemtl Sree_Complexion_1
v -0.350915 0.906411 0.683486
vt -22.3533 114.426
vn 0.96512 -5.53777e-16 -0.261809
v -0.351748 0.902857 0.680414
vt -22.228 114.286
v -0.365707 0.849277 0.628957
vt -20.1289 112.176
v -0.376207 0.816977 0.590249
vt -18.5499 110.905
v -0.379454 0.813515 0.578282
vt -18.0617 110.768
v -0.384225 0.801263 0.560691
vt -17.3441 110.286
v -0.387254 0.798845 0.549528
vt -16.8887 110.191
v -0.38939 0.800385 0.541654
vt -16.5675 110.251
v -0.392269 0.80567 0.531038
vt -16.1345 110.459
v -0.393706 0.809395 0.525742
vt -15.9184 110.606
v -0.393909 0.81346 0.524993
vt -15.8879 110.766
v -0.393909 0.81505 0.524993
vt -15.8879 110.829
v -0.394977 0.81745 0.521057
vt -15.7273 110.923
v -0.396381 0.818402 0.51588
vt -15.5161 110.961
v -0.39758 0.81784 0.51146
vt -15.3358 110.939
v -0.397233 0.820018 0.512739
vt -15.388 111.024
v -0.39595 0.821376 0.51747
vt -15.581 111.078
v -0.395164 0.820619 0.520366
vt -15.6991 111.048
v -0.393711 0.818232 0.525722
vt -15.9176 110.954
v -0.392367 0.814979 0.53068
vt -16.1199 110.826
v -0.391128 0.810175 0.535247
vt -16.3062 110.637
v -0.389132 0.806529 0.542602
vt -16.6062 110.493
v -0.38439 0.807525 0.560083
vt -17.3193 110.532
v -0.389046 0.809185 0.54292
vt -16.6192 110.598
v -0.390428 0.811645 0.537825
vt -16.4114 110.695
v -0.391308 0.816154 0.534584
vt -16.2791 110.872
v -0.392901 0.821565 0.52871
vt -16.0395 111.085
v -0.394073 0.825547 0.524389
vt -15.8632 111.242
v -0.395044 0.827489 0.520811
vt -15.7173 111.318
v -0.395446 0.828294 0.51933
vt -15.6569 111.35
v -0.395858 0.830342 0.517807
vt -15.5948 111.431
v -0.395538 0.83082 0.518987
vt -15.6429 111.45
v -0.395564 0.833968 0.518894
vt -15.6391 111.574
v -0.396139 0.837034 0.516774
vt -15.5526 111.694
v -0.397815 0.83827 0.510595
vt -15.3005 111.743
v -0.398324 0.839344 0.508717
vt -15.2239 111.785
v -0.39786 0.840933 0.510428
vt -15.2937 111.848
v -0.396832 0.842006 0.51422
vt -15.4484 111.89
v -0.395635 0.842006 0.51863
vt -15.6283 111.89
v -0.394844 0.84072 0.521548
vt -15.7474 111.839
v -0.39358 0.837457 0.526206
vt -15.9374 111.711
v -0.390097 0.826528 0.539045
vt -16.4611 111.281
v -0.38795 0.821232 0.54696
vt -16.784 111.072
v -0.384586 0.821232 0.559362
vt -17.2899 111.072
v -0.382904 0.823959 0.565563
vt -17.5428 111.179
v -0.381073 0.825546 0.572311
vt -17.8181 111.242
v -0.379262 0.829728 0.578986
vt -18.0904 111.407
v -0.380414 0.828407 0.57474
vt -17.9172 111.355
v -0.391371 0.845982 0.534349
vt -16.2695 112.047
v -0.393168 0.848361 0.527724
vt -15.9993 112.14
v -0.393567 0.850138 0.526256
vt -15.9394 112.21
v -0.393025 0.850138 0.528251
vt -16.0208 112.21
v -0.392488 0.851831 0.530234
vt -16.1017 112.277
v -0.392493 0.854456 0.530214
vt -16.1009 112.38
v -0.39338 0.857854 0.526943
vt -15.9674 112.514
v -0.394935 0.859447 0.521213
vt -15.7337 112.577
v -0.395715 0.859559 0.518336
vt -15.6163 112.581
v -0.395858 0.859436 0.517807
vt -15.5948 112.576
v -0.395988 0.860431 0.517329
vt -15.5752 112.615
v -0.395876 0.861625 0.517743
vt -15.5921 112.662
v -0.395458 0.862903 0.519285
vt -15.655 112.713
v -0.394646 0.86361 0.522275
vt -15.777 112.741
v -0.392844 0.862609 0.52892
vt -16.0481 112.701
v -0.390635 0.858892 0.537064
vt -16.3803 112.555
v -0.388363 0.853235 0.545437
vt -16.7218 112.332
v -0.385151 0.844529 0.557279
vt -17.2049 111.989
v -0.383456 0.843591 0.563528
vt -17.4599 111.952
v -0.379245 0.845063 0.579051
vt -18.0931 112.01
v -0.376952 0.846893 0.587504
vt -18.4379 112.082
v -0.373907 0.851347 0.598729
vt -18.8958 112.258
v -0.375952 0.851347 0.591191
vt -18.5883 112.258
v -0.377282 0.856733 0.586288
vt -18.3883 112.47
v -0.377611 0.866572 0.585072
vt -18.3387 112.857
v -0.378338 0.871265 0.582393
vt -18.2294 113.042
v -0.379968 0.876309 0.576384
vt -17.9843 113.241
v -0.384157 0.883131 0.560944
vt -17.3544 113.509
v -0.387229 0.883131 0.549618
vt -16.8924 113.509
v -0.390236 0.885625 0.538534
vt -16.4403 113.607
v -0.391349 0.888541 0.534431
vt -16.2729 113.722
v -0.391813 0.891832 0.532719
vt -16.203 113.852
v -0.391723 0.895842 0.533051
vt -16.2166 114.01
v -0.391466 0.896677 0.534
vt -16.2553 114.042
v -0.391466 0.894108 0.534
vt -16.2553 113.941
v -0.390967 0.8911 0.53584
vt -16.3304 113.823
v -0.389035 0.888516 0.54296
vt -16.6208 113.721
v -0.38776 0.888913 0.547662
vt -16.8126 113.737
v -0.387436 0.890669 0.548854
vt -16.8612 113.806
v -0.387436 0.893557 0.548854
vt -16.8612 113.92
v -0.387724 0.896557 0.547794
vt -16.818 114.038
v -0.387369 0.897353 0.549104
vt -16.8714 114.069
v -0.386299 0.896965 0.553047
vt -17.0323 114.054
v -0.358498 1.31816 0.65553
vt -21.2129 130.636
v -0.358154 1.31761 0.6568
vt -21.2647 130.615
v -0.357826 1.31693 0.65801
vt -21.314 130.588
v -0.357518 1.31613 0.659145
vt -21.3604 130.556
v -0.357232 1.31521 0.660196
vt -21.4032 130.52
v -0.356973 1.31418 0.661151
vt -21.4422 130.48
v -0.354764 1.30365 0.669297
vt -21.7745 130.065
v -0.352782 1.29248 0.676601
vt -22.0724 129.625
v -0.351042 1.28074 0.683016
vt -22.3341 129.163
v -0.349554 1.2685 0.688501
vt -22.5578 128.681
v -0.348328 1.25585 0.69302
vt -22.7422 128.183
v -0.347372 1.24286 0.696545
vt -22.886 127.672
v -0.342749 1.14146 0.713586
vt -23.5811 123.68
v -0.340976 1.09806 0.720122
vt -23.8478 121.971
v -0.340438 1.08487 0.722106
vt -23.9287 121.452
v -0.339942 1.07166 0.723937
vt -24.0034 120.932
v -0.339487 1.05843 0.725613
vt -24.0718 120.411
v -0.339074 1.04518 0.727136
vt -24.1339 119.889
v -0.338702 1.03191 0.728504
vt -24.1897 119.366
v -0.338539 1.02254 0.729107
vt -24.2143 118.998
v -0.338541 1.01316 0.729099
vt -24.214 118.628
v -0.338709 1.0038 0.72848
vt -24.1887 118.26
v -0.339042 0.994507 0.727253
vt -24.1387 117.894
v -0.339538 0.985318 0.725423
vt -24.064 117.532
v -0.340196 0.976279 0.722998
vt -23.9651 117.176
v -0.341976 0.954671 0.716437
vt -23.6975 116.326
v -0.345607 0.932625 0.703051
vt -23.1514 115.458
f 3328/7402/1446 3329/7403/1446 3330/7404/1446 3331/7405/1446 3332/7406/1446 3333/7407/1446 3334/7408/1446 3335/7409/1446 3336/7410/1446 3337/7411/1446 3338/7412/1446 3339/7413/1446 3340/7414/1446 3341/7415/1446 3342/7416/1446 3343/7417/1446 3344/7418/1446 3345/7419/1446 3346/7420/1446 3347/7421/1446 3348/7422/1446 3349/7423/1446 3350/7424/1446 3351/7425/1446 3352/7426/1446 3353/7427/1446 3354/7428/1446 3355/7429/1446 3356/7430/1446 3357/7431/1446 3358/7432/1446 3359/7433/1446 3360/7434/1446 3361/7435/1446 3362/7436/1446 3325/7399/1446 3363/7437/1446 3364/7438/1446 3365/7439/1446 3366/7440/1446 3367/7441/1446 3368/7442/1446 3369/7443/1446 3370/7444/1446 3371/7445/1446 3372/7446/1446 3373/7447/1446 3374/7448/1446 3375/7449/1446 3316/7390/1446 3315/7389/1446 3314/7388/1446 3313/7387/1446 3311/7385/1446 3310/7384/1446 3376/7450/1446 3377/7451/1446 3378/7452/1446 3379/7453/1446 3380/7454/1446 3381/7455/1446 3382/7456/1446 3383/7457/1446 3384/7458/1446 3385/7459/1446 3386/7460/1446 3387/7461/1446 3388/7462/1446 3389/7463/1446 3390/7464/1446 3391/7465/1446 3392/7466/1446 3393/7467/1446 3394/7468/1446 3395/7469/1446 3396/7470/1446 3397/7471/1446 3398/7472/1446 3399/7473/1446 3400/7474/1446 3401/7475/1446 3402/7476/1446 3403/7477/1446 3404/7478/1446 3405/7479/1446 3406/7480/1446 3407/7481/1446 3408/7482/1446 3409/7483/1446 3410/7484/1446 3411/7485/1446 3412/7486/1446 3413/7487/1446 3414/7488/1446 3415/7489/1446 3416/7490/1446 3417/7491/1446 3418/7492/1446 3099/7173/1446 3098/7172/1446 3097/7171/1446 3096/7170/1446 3095/7169/1446 3094/7168/1446 3093/7167/1446 3092/7166/1446 3091/7165/1446 3090/7164/1446 3089/7163/1446 3088/7162/1446 3087/7161/1446 3086/7160/1446 3085/7159/1446 3084/7158/1446 3083/7157/1446 3082/7156/1446 3081/7155/1446 3080/7154/1446 3079/7153/1446 3078/7152/1446 3077/7151/1446 3076/7150/1446 3075/7149/1446 3074/7148/1446 3073/7147/1446 3072/7146/1446 3071/7145/1446 3070/7144/1446 3069/7143/1446 3068/7142/1446 3067/7141/1446 3066/7140/1446 3065/7139/1446 3419/7493/1446 3420/7494/1446 3421/7495/1446 3422/7496/1446 3423/7497/1446 3424/7498/1446 3425/7499/1446 3426/7500/1446 3427/7501/1446 3428/7502/1446 3429/7503/1446 3430/7504/1446 3431/7505/1446 3432/7506/1446 3433/7507/1446 3434/7508/1446 3435/7509/1446 3436/7510/1446 3437/7511/1446 3438/7512/1446 3439/7513/1446 3440/7514/1446 3441/7515/1446 3442/7516/1446 3443/7517/1446 3444/7518/1446 3445/7519/1446 

usemtl Sree_Complexion_2
v -0.394146 0.815086 0.524118
vt -15.8522 110.83
vn 0.96512 4.21375e-15 -0.261809
v -0.357686 0.877538 0.658524
vt -21.335 113.289
v -0.364458 0.848665 0.633562
vt -20.3167 112.152
v -0.366469 0.842524 0.626147
vt -20.0142 111.91
v -0.375943 0.813596 0.591222
vt -18.5895 110.771
v -0.378338 0.810965 0.582395
vt -18.2295 110.668
v -0.384245 0.797943 0.560618
vt -17.3411 110.155
v -0.387181 0.796657 0.549794
vt -16.8996 110.105
v -0.389349 0.797879 0.541802
vt -16.5736 110.153
v -0.390747 0.801355 0.536649
vt -16.3633 110.29
v -0.392905 0.806351 0.528694
vt -16.0388 110.486
v -0.394977 0.81009 0.521056
vt -15.7273 110.633
v -0.395388 0.811397 0.51954
vt -15.6654 110.685
v -0.395352 0.811334 0.519673
vt -15.6708 110.682
v -0.39494 0.811019 0.521193
vt -15.7329 110.67
v -0.394387 0.811482 0.523231
vt -15.816 110.688
f 3446/7520/1447 3340/7414/1447 3339/7413/1447 3338/7412/1447 3337/7411/1447 3336/7410/1447 3335/7409/1447 3334/7408/1447 3333/7407/1447 3332/7406/1447 3331/7405/1447 3330/7404/1447 3329/7403/1447 3447/7521/1447 3448/7522/1447 3449/7523/1447 3450/7524/1447 3451/7525/1447 3452/7526/1447 3453/7527/1447 3454/7528/1447 3455/7529/1447 3456/7530/1447 3457/7531/1447 3458/7532/1447 3459/7533/1447 3460/7534/1447 3461/7535/1447 

usemtl Sree_Nails_4
v -0.397813 0.815612 0.510601
vt -15.3008 110.851
vn 0.96512 -2.28735e-15 -0.261809
v -0.397836 0.817056 0.510518
vt -15.2974 110.908
v -0.397713 0.817778 0.51097
vt -15.3159 110.936
f 3462/7536/1448 3463/7537/1448 3464/7538/1448 3342/7416/1448 3341/7415/1448 3340/7414/1448 3446/7520/1448 3461/7535/1448 3460/7534/1448 3459/7533/1448 3458/7532/1448 

usemtl Sree_Laptop_2
v -0.396521 0.806815 0.515364
vt -15.4951 110.505
vn 0.96512 4.12546e-15 -0.261809
v -0.397545 0.810508 0.51159
vt -15.3411 110.65
v -0.397692 0.812933 0.511048
vt -15.319 110.745
v -0.398232 0.815576 0.509059
vt -15.2379 110.849
f 3465/7539/1449 3466/7540/1449 3467/7541/1449 3468/7542/1449 3463/7537/1449 3462/7536/1449 3458/7532/1449 

vn 0.96512 1.58831e-15 -0.261809
v -0.398232 0.812985 0.509059
vt -15.2379 110.747
v -0.396609 0.806459 0.51504
vt -15.4819 110.491
v -0.397587 0.809988 0.511434
vt -15.3348 110.629
v -0.398545 0.813442 0.507904
vt -15.1908 110.765
v -0.398545 0.816607 0.507904
vt -15.1908 110.89
v -0.396547 0.82187 0.515268
vt -15.4912 111.097
v -0.397233 0.820796 0.512739
vt -15.388 111.055
v -0.39758 0.819052 0.51146
vt -15.3358 110.986
f 3342/7416/1450 3464/7538/1450 3463/7537/1450 3468/7542/1450 3469/7543/1450 3466/7540/1450 3465/7539/1450 3470/7544/1450 3471/7545/1450 3472/7546/1450 3473/7547/1450 3357/7431/1450 3356/7430/1450 3474/7548/1450 3475/7549/1450 3476/7550/1450 

usemtl Sree_Laptop_1
vn 0.96512 5.04002e-15 -0.261809
f 3469/7543/1451 3468/7542/1451 3467/7541/1451 3466/7540/1451 

usemtl Sree_Dress_4
vn 0.96512 2.04372e-16 -0.261809
v -0.366267 0.838136 0.626894
vt -20.0447 111.738
v -0.367687 0.830166 0.621658
vt -19.8311 111.424
v -0.375318 0.807748 0.593525
vt -18.6835 110.541
v -0.380018 0.79764 0.5762
vt -17.9767 110.143
v -0.38485 0.78881 0.55839
vt -17.2502 109.796
v -0.39012 0.791986 0.538961
vt -16.4577 109.921
v -0.395433 0.805093 0.519374
vt -15.6587 110.437
v -0.399261 0.790414 0.505265
vt -15.0831 109.859
v -0.401838 0.787697 0.495764
vt -14.6955 109.752
v -0.404611 0.791095 0.485544
vt -14.2786 109.886
v -0.415469 0.838239 0.445518
vt -12.6458 111.742
v -0.432034 0.89715 0.38445
vt -10.1547 114.061
v -0.442655 0.91549 0.3453
vt -8.55766 114.783
v -0.440697 0.935102 0.352517
vt -8.8521 115.555
v -0.437662 0.927788 0.363705
vt -9.30848 115.267
v -0.434484 0.921417 0.375418
vt -9.78629 115.016
v -0.431185 0.91603 0.387583
vt -10.2825 114.804
v -0.429968 0.914174 0.392066
vt -10.4654 114.731
v -0.426568 0.899325 0.404602
vt -10.9768 114.147
v -0.423167 0.884476 0.417138
vt -11.4882 113.562
v -0.402997 0.796404 0.491493
vt -14.5213 110.095
v -0.402416 0.794836 0.493635
vt -14.6087 110.033
v -0.401752 0.793855 0.496081
vt -14.7085 109.994
v -0.401046 0.793521 0.498684
vt -14.8146 109.981
v -0.40034 0.793855 0.501287
vt -14.9208 109.994
v -0.399677 0.794836 0.503733
vt -15.0206 110.033
v -0.399096 0.796404 0.505874
vt -15.108 110.095
f 3450/7524/1452 3449/7523/1452 3477/7551/1452 3478/7552/1452 3479/7553/1452 3480/7554/1452 3481/7555/1452 3482/7556/1452 3483/7557/1452 3484/7558/1452 3485/7559/1452 3486/7560/1452 3487/7561/1452 3488/7562/1452 3489/7563/1452 3490/7564/1452 3491/7565/1452 3492/7566/1452 3493/7567/1452 3494/7568/1452 3495/7569/1452 3496/7570/1452 3497/7571/1452 3498/7572/1452 3499/7573/1452 3500/7574/1452 3501/7575/1452 3502/7576/1452 3503/7577/1452 3470/7544/1452 3465/7539/1452 3458/7532/1452 3457/7531/1452 3456/7530/1452 3455/7529/1452 3454/7528/1452 3453/7527/1452 3452/7526/1452 3451/7525/1452 

v -0.363694 0.840492 0.636376
vt -20.4315 111.83
vn 0.96512 -5.33994e-15 -0.261809
v -0.365058 0.835761 0.631349
vt -20.2264 111.644
v -0.365778 0.827699 0.628695
vt -20.1182 111.327
v -0.35732 0.872892 0.659873
vt -21.39 113.106
f 3504/7578/1453 3505/7579/1453 3506/7580/1453 3477/7551/1453 3449/7523/1453 3448/7522/1453 3447/7521/1453 3507/7581/1453 

usemtl Sree_Dress_2
v -0.364629 0.803056 0.63293
vt -20.2909 110.357
vn 0.96512 5.00694e-16 -0.261809
v -0.351447 0.798288 0.681523
vt -22.2732 110.169
v -0.347029 0.721288 0.697809
vt -22.9376 107.137
v -0.344633 0.694958 0.706643
vt -23.2979 106.101
v -0.339984 0.641962 0.723782
vt -23.9971 104.014
v -0.333241 0.561813 0.748638
vt -25.011 100.859
v -0.329453 0.507974 0.762602
vt -25.5807 98.7391
v -0.32604 0.45377 0.775183
vt -26.0939 96.6051
v -0.322897 0.399329 0.78677
vt -26.5665 94.4618
v -0.327746 0.394985 0.768895
vt -25.8374 94.2907
v -0.336545 0.38847 0.736456
vt -24.5141 94.0342
v -0.339499 0.386736 0.725569
vt -24.0699 93.966
v -0.34328 0.559406 0.71163
vt -23.5014 100.764
v -0.352121 0.721246 0.679039
vt -22.1719 107.136
f 3508/7582/1454 3506/7580/1454 3505/7579/1454 3504/7578/1454 3507/7581/1454 3509/7583/1454 3510/7584/1454 3511/7585/1454 3512/7586/1454 3513/7587/1454 3514/7588/1454 3515/7589/1454 3516/7590/1454 3517/7591/1454 3518/7592/1454 3519/7593/1454 3520/7594/1454 3521/7595/1454 

usemtl Sree_Dress_1
v -0.368481 0.780411 0.618732
vt -19.7118 109.465
vn 0.96512 7.12018e-17 -0.261809
v -0.361249 0.730541 0.645392
vt -20.7993 107.502
v -0.360956 0.713004 0.646472
vt -20.8433 106.811
v -0.362612 0.6116 0.640364
vt -20.5942 102.819
v -0.370331 0.493598 0.61191
vt -19.4335 98.1731
v -0.373334 0.69286 0.600839
vt -18.9819 106.018
f 3522/7596/1455 3478/7552/1455 3477/7551/1455 3506/7580/1455 3508/7582/1455 3523/7597/1455 3524/7598/1455 3525/7599/1455 3526/7600/1455 3527/7601/1455 

v -0.451855 0.814724 0.311383
vt -7.17409 110.816
vn 0.96512 -4.0674e-16 -0.261809
v -0.449632 0.844509 0.31958
vt -7.50848 111.989
v -0.373758 0.621482 0.599279
vt -18.9182 103.208
v -0.37924 0.571388 0.57907
vt -18.0939 101.236
v -0.386864 0.459104 0.550964
vt -16.9473 96.8151
v -0.386364 0.393674 0.552806
vt -17.0225 94.2391
v -0.388613 0.392213 0.544516
vt -16.6843 94.1816
v -0.389839 0.648323 0.539999
vt -16.5 104.265
v -0.394118 0.783842 0.524225
vt -15.8565 109.6
v -0.405518 0.578934 0.482199
vt -14.1422 101.533
v -0.410437 0.416461 0.464066
vt -13.4025 95.1362
v -0.410437 0.589374 0.464066
vt -13.4025 101.944
v -0.422644 0.398881 0.419066
vt -11.5668 94.4441
v -0.424136 0.399172 0.413566
vt -11.3424 94.4556
v -0.430175 0.400816 0.391304
vt -10.4343 94.5203
v -0.419475 0.733433 0.43075
vt -12.0434 107.615
v -0.418811 0.806002 0.433198
vt -12.1433 110.473
v -0.42122 0.74299 0.424317
vt -11.781 107.992
v -0.426515 0.6732 0.404796
vt -10.9847 105.244
v -0.442309 0.39864 0.346576
vt -8.60971 94.4347
v -0.443504 0.399691 0.342171
vt -8.43003 94.476
v -0.444694 0.400816 0.337783
vt -8.25105 94.5203
v -0.444694 0.617785 0.337783
vt -8.25105 103.062
v -0.442549 0.659677 0.345689
vt -8.57355 104.712
v -0.441759 0.745808 0.348601
vt -8.69234 108.103
v -0.439457 0.810509 0.357088
vt -9.03853 110.65
v -0.448125 0.714268 0.325136
vt -7.73512 106.861
v -0.459849 0.413209 0.281914
vt -5.97198 95.0082
v -0.464925 0.414846 0.263202
vt -5.20867 95.0727
v -0.466525 0.415868 0.257306
vt -4.96814 95.1129
v -0.460724 0.532554 0.278688
vt -5.84039 99.7068
v -0.456335 0.758111 0.294871
vt -6.50051 108.587
f 3528/7602/1456 3529/7603/1456 3489/7563/1456 3488/7562/1456 3487/7561/1456 3486/7560/1456 3485/7559/1456 3484/7558/1456 3483/7557/1456 3482/7556/1456 3481/7555/1456 3480/7554/1456 3479/7553/1456 3478/7552/1456 3522/7596/1456 3527/7601/1456 3530/7604/1456 3531/7605/1456 3532/7606/1456 3533/7607/1456 3534/7608/1456 3535/7609/1456 3536/7610/1456 3537/7611/1456 3538/7612/1456 3539/7613/1456 3540/7614/1456 3541/7615/1456 3542/7616/1456 3543/7617/1456 3544/7618/1456 3545/7619/1456 3546/7620/1456 3547/7621/1456 3548/7622/1456 3549/7623/1456 3550/7624/1456 3551/7625/1456 3552/7626/1456 3553/7627/1456 3554/7628/1456 3555/7629/1456 3556/7630/1456 3557/7631/1456 3558/7632/1456 3559/7633/1456 

usemtl Sree_Dress_2
v -0.375137 0.38883 0.594194
vt -18.7108 94.0484
vn 0.96512 -1.67789e-15 -0.261809
v -0.366412 0.385957 0.626357
vt -20.0228 93.9353
v -0.366412 0.376823 0.626357
vt -20.0228 93.5757
v -0.372926 0.376823 0.602344
vt -19.0432 93.5757
v -0.375137 0.381322 0.594194
vt -18.7108 93.7529
f 3560/7634/1457 3530/7604/1457 3527/7601/1457 3526/7600/1457 3561/7635/1457 3562/7636/1457 3563/7637/1457 3564/7638/1457 

v -0.382382 0.394272 0.567488
vt -17.6214 94.2627
vn 0.96512 -1.19003e-15 -0.261809
v -0.377873 0.391876 0.584108
vt -18.2993 94.1684
f 3565/7639/1458 3533/7607/1458 3532/7606/1458 3531/7605/1458 3530/7604/1458 3560/7634/1458 3566/7640/1458 

usemtl Sree_Dress_3
vn 0.96512 -2.76213e-16 -0.261809
v -0.346409 0.383189 0.700097
vt -23.0309 93.8263
v -0.346409 0.380006 0.700097
vt -23.0309 93.701
v -0.346409 0.376823 0.700097
vt -23.0309 93.5757
v -0.349731 0.376823 0.687851
vt -22.5313 93.5757
f 3523/7597/1459 3508/7582/1459 3521/7595/1459 3520/7594/1459 3567/7641/1459 3568/7642/1459 3569/7643/1459 3570/7644/1459 3562/7636/1459 3561/7635/1459 3526/7600/1459 3525/7599/1459 3524/7598/1459 

usemtl Sree_Dress_1
vn 0.96512 5.36808e-16 -0.261809
v -0.342452 0.385002 0.714681
vt -23.6258 93.8977
v -0.344429 0.384051 0.707394
vt -23.3286 93.8603
f 3567/7641/1460 3520/7594/1460 3519/7593/1460 3571/7645/1460 3572/7646/1460 

usemtl Sree_Complexion_3
vn 0.96512 -6.03671e-14 -0.261809
v -0.342504 0.38122 0.714491
vt -23.6181 93.7488
f 3571/7645/1461 3573/7647/1461 3568/7642/1461 3567/7641/1461 3572/7646/1461 

usemtl Sree_Complexion_2
v -0.369323 0.285828 0.615628
vt -19.5852 89.9932
vn 0.96512 -4.08845e-16 -0.261809
v -0.370194 0.298469 0.612418
vt -19.4542 90.4909
v -0.371306 0.320344 0.608317
vt -19.2869 91.3521
v -0.371939 0.337253 0.605981
vt -19.1916 92.0179
v -0.37237 0.35939 0.604393
vt -19.1268 92.8894
v -0.371585 0.367035 0.607286
vt -19.2449 93.1904
v -0.369681 0.369119 0.614306
vt -19.5312 93.2724
v -0.365696 0.369119 0.628999
vt -20.1306 93.2724
v -0.359653 0.373539 0.651272
vt -21.0392 93.4464
v -0.349731 0.373539 0.687851
vt -22.5313 93.4464
v -0.342746 0.363454 0.713598
vt -23.5816 93.0494
v -0.343271 0.327601 0.711664
vt -23.5027 91.6378
v -0.344923 0.284921 0.705574
vt -23.2543 89.9575
v -0.347246 0.242966 0.697008
vt -22.9049 88.3057
v -0.34984 0.207585 0.687446
vt -22.5148 86.9128
v -0.351399 0.179159 0.681701
vt -22.2805 85.7937
v -0.351852 0.158467 0.680032
vt -22.2124 84.979
v -0.351679 0.141861 0.680667
vt -22.2383 84.3252
v -0.351174 0.125355 0.682531
vt -22.3143 83.6754
v -0.352105 0.144699 0.679099
vt -22.1743 84.437
v -0.352105 0.178311 0.679099
vt -22.1743 85.7603
v -0.350507 0.201878 0.684987
vt -22.4145 86.6881
v -0.347719 0.243024 0.695268
vt -22.8339 88.308
v -0.345321 0.290123 0.704107
vt -23.1945 90.1623
v -0.343996 0.324682 0.708992
vt -23.3937 91.5229
v -0.343437 0.361611 0.711053
vt -23.4778 92.9768
v -0.343999 0.368531 0.70898
vt -23.3933 93.2493
v -0.3461 0.371573 0.701234
vt -23.0773 93.369
v -0.353187 0.368374 0.675109
vt -22.0115 93.2431
v -0.358942 0.368374 0.653894
vt -21.1461 93.2431
v -0.363632 0.365087 0.636606
vt -20.4409 93.1137
v -0.36578 0.352769 0.628686
vt -20.1178 92.6287
v -0.367635 0.321388 0.621848
vt -19.8389 91.3932
v -0.366142 0.282011 0.627352
vt -20.0634 89.8429
v -0.365356 0.244287 0.630249
vt -20.1816 88.3578
v -0.365356 0.179799 0.630249
vt -20.1816 85.8189
v -0.367204 0.141085 0.623439
vt -19.9038 84.2947
v -0.367981 0.120647 0.620575
vt -19.7869 83.49
v -0.36702 0.110566 0.624117
vt -19.9314 83.0932
v -0.362338 0.0974557 0.641377
vt -20.6355 82.577
v -0.358246 0.0905727 0.65646
vt -21.2508 82.306
v -0.351122 0.0872973 0.682721
vt -22.3221 82.1771
v -0.349438 0.0883421 0.688928
vt -22.5753 82.2182
v -0.348783 0.0917532 0.691346
vt -22.6739 82.3525
v -0.348876 0.102396 0.691002
vt -22.6599 82.7715
v -0.347717 0.0943941 0.695274
vt -22.8341 82.4565
v -0.345643 0.0843092 0.702917
vt -23.1459 82.0594
v -0.345141 0.0823389 0.704771
vt -23.2216 81.9818
v -0.349115 0.0841016 0.690121
vt -22.624 82.0512
v -0.351799 0.0841016 0.680226
vt -22.2203 82.0512
v -0.354744 0.0814464 0.66937
vt -21.7775 81.9467
v -0.358578 0.0835843 0.655237
vt -21.2009 82.0309
v -0.364047 0.0918343 0.635077
vt -20.3785 82.3557
v -0.367225 0.100499 0.623361
vt -19.9006 82.6968
v -0.369405 0.110195 0.615325
vt -19.5728 83.0785
v -0.369855 0.117006 0.613665
vt -19.5051 83.3467
v -0.36919 0.131884 0.616118
vt -19.6051 83.9324
v -0.368408 0.156895 0.618999
vt -19.7227 84.9171
v -0.3681 0.163112 0.620136
vt -19.769 85.1619
v -0.367378 0.185766 0.622797
vt -19.8776 86.0538
v -0.36714 0.204764 0.623672
vt -19.9133 86.8017
v -0.367123 0.223578 0.623735
vt -19.9159 87.5424
v -0.367558 0.245717 0.622133
vt -19.8505 88.4141
v -0.368314 0.26773 0.619346
vt -19.7368 89.2807
f 3574/7648/1462 3575/7649/1462 3576/7650/1462 3577/7651/1462 3578/7652/1462 3579/7653/1462 3580/7654/1462 3581/7655/1462 3582/7656/1462 3583/7657/1462 3570/7644/1462 3569/7643/1462 3568/7642/1462 3573/7647/1462 3584/7658/1462 3585/7659/1462 3586/7660/1462 3587/7661/1462 3588/7662/1462 3589/7663/1462 3590/7664/1462 3591/7665/1462 3592/7666/1462 3593/7667/1462 3594/7668/1462 3595/7669/1462 3596/7670/1462 3597/7671/1462 3598/7672/1462 3599/7673/1462 3600/7674/1462 3601/7675/1462 3602/7676/1462 3603/7677/1462 3604/7678/1462 3605/7679/1462 3606/7680/1462 3607/7681/1462 3608/7682/1462 3609/7683/1462 3610/7684/1462 3611/7685/1462 3612/7686/1462 3613/7687/1462 3614/7688/1462 3615/7689/1462 3616/7690/1462 3617/7691/1462 3618/7692/1462 3619/7693/1462 3620/7694/1462 3621/7695/1462 3622/7696/1462 3623/7697/1462 3624/7698/1462 3625/7699/1462 3626/7700/1462 3627/7701/1462 3628/7702/1462 3629/7703/1462 3630/7704/1462 3631/7705/1462 3632/7706/1462 3633/7707/1462 3634/7708/1462 3635/7709/1462 3636/7710/1462 3637/7711/1462 

usemtl Sree_Complexion_3
vn 0.96512 2.28812e-16 -0.261809
v -0.370555 0.303723 0.611083
vt -19.3997 90.6977
v -0.371556 0.3188 0.607394
vt -19.2493 91.2913
v -0.37233 0.33407 0.60454
vt -19.1328 91.8925
v -0.372744 0.349543 0.603015
vt -19.0706 92.5017
v -0.372926 0.365082 0.602344
vt -19.0432 93.1135
f 3562/7636/1463 3570/7644/1463 3583/7657/1463 3582/7656/1463 3581/7655/1463 3580/7654/1463 3579/7653/1463 3578/7652/1463 3577/7651/1463 3576/7650/1463 3575/7649/1463 3638/7712/1463 3639/7713/1463 3640/7714/1463 3641/7715/1463 3642/7716/1463 3563/7637/1463 

usemtl Sree_Complexion_1
vn 0.96512 -2.13366e-16 -0.261809
v -0.350035 0.110398 0.68673
vt -22.4856 83.0865
f 3600/7674/1464 3599/7673/1464 3598/7672/1464 3597/7671/1464 3596/7670/1464 3595/7669/1464 3594/7668/1464 3593/7667/1464 3592/7666/1464 3643/7717/1464 3618/7692/1464 3617/7691/1464 3616/7690/1464 3615/7689/1464 3614/7688/1464 3613/7687/1464 3612/7686/1464 3611/7685/1464 3610/7684/1464 3609/7683/1464 3608/7682/1464 3607/7681/1464 3606/7680/1464 3605/7679/1464 3604/7678/1464 3603/7677/1464 3602/7676/1464 3601/7675/1464 

usemtl Sree_Complexion_3
v -0.369582 0.133224 0.61467
vt -19.5461 83.9852
vn 0.96512 -3.38265e-17 -0.261809
v -0.344638 0.0803686 0.706625
vt -23.2972 81.9043
v -0.346514 0.0809816 0.699707
vt -23.015 81.9284
v -0.350746 0.0807384 0.684106
vt -22.3786 81.9188
v -0.351324 0.0804825 0.681976
vt -22.2917 81.9088
v -0.354018 0.0792894 0.672045
vt -21.8866 81.8618
v -0.357848 0.080318 0.657926
vt -21.3106 81.9023
v -0.3643 0.0892058 0.634143
vt -20.3404 82.2522
v -0.368037 0.0994438 0.620368
vt -19.7785 82.6553
v -0.369573 0.106031 0.614703
vt -19.5474 82.9146
v -0.370238 0.111946 0.612253
vt -19.4475 83.1475
v -0.370325 0.118553 0.611934
vt -19.4344 83.4076
v -0.370231 0.12393 0.612278
vt -19.4485 83.6193
f 3644/7718/1465 3631/7705/1465 3630/7704/1465 3629/7703/1465 3628/7702/1465 3627/7701/1465 3626/7700/1465 3625/7699/1465 3624/7698/1465 3623/7697/1465 3622/7696/1465 3621/7695/1465 3645/7719/1465 3646/7720/1465 3647/7721/1465 3648/7722/1465 3649/7723/1465 3650/7724/1465 3651/7725/1465 3652/7726/1465 3653/7727/1465 3654/7728/1465 3655/7729/1465 3656/7730/1465 

usemtl Sree_Shoes_3
v -0.321108 0.0284622 0.793362
vt -26.8354 79.8607
vn 0.96512 -3.50652e-17 -0.261809
v -0.32043 0.0268911 0.795864
vt -26.9375 79.7989
v -0.321913 0.02816 0.790396
vt -26.7145 79.8488
v -0.322917 0.0286949 0.786696
vt -26.5635 79.8699
v -0.325711 0.0286949 0.776396
vt -26.1433 79.8699
v -0.328456 0.0318101 0.766278
vt -25.7306 79.9925
v -0.331296 0.0373098 0.755807
vt -25.3035 80.209
v -0.334809 0.0460221 0.742858
vt -24.7752 80.552
v -0.338275 0.0567454 0.73008
vt -24.254 80.9742
v -0.340519 0.0670526 0.721809
vt -23.9166 81.38
v -0.342483 0.077032 0.714569
vt -23.6212 81.7729
v -0.342853 0.0789151 0.713202
vt -23.5655 81.847
v -0.344092 0.0795974 0.708637
vt -23.3793 81.8739
v -0.346163 0.0803642 0.701003
vt -23.0679 81.9041
v -0.348726 0.0806343 0.691553
vt -22.6824 81.9147
v -0.343704 0.0798825 0.710066
vt -23.4376 81.8851
v -0.342775 0.0792894 0.713491
vt -23.5773 81.8618
v -0.341668 0.07351 0.717571
vt -23.7437 81.6343
v -0.339181 0.0628124 0.726742
vt -24.1178 81.2131
v -0.336439 0.0530615 0.736848
vt -24.5301 80.8292
v -0.333384 0.0447805 0.74811
vt -24.9895 80.5032
v -0.330138 0.0376403 0.760077
vt -25.4776 80.2221
v -0.327558 0.033372 0.769586
vt -25.8655 80.054
v -0.324902 0.0298618 0.779379
vt -26.265 79.9158
v -0.322653 0.0298618 0.787669
vt -26.6032 79.9158
f 3657/7731/1466 3658/7732/1466 3659/7733/1466 3660/7734/1466 3661/7735/1466 3662/7736/1466 3663/7737/1466 3664/7738/1466 3665/7739/1466 3666/7740/1466 3667/7741/1466 3668/7742/1466 3669/7743/1466 3670/7744/1466 3671/7745/1466 3648/7722/1466 3647/7721/1466 3646/7720/1466 3645/7719/1466 3672/7746/1466 3673/7747/1466 3674/7748/1466 3675/7749/1466 3676/7750/1466 3677/7751/1466 3678/7752/1466 3679/7753/1466 3680/7754/1466 3681/7755/1466 

usemtl Sree_Shoes_2
v -0.357999 0.0775924 0.657371
vt -21.288 81.795
vn 0.96512 -7.58707e-16 -0.261809
v -0.36464 0.0867403 0.632891
vt -20.2894 82.1551
v -0.319751 0.0253201 0.798366
vt -27.0396 79.737
v -0.319018 0.0213278 0.801069
vt -27.1498 79.5798
v -0.318551 0.0152474 0.802789
vt -27.22 79.3404
v -0.318697 0.010362 0.802251
vt -27.1981 79.1481
v -0.318761 0.0150673 0.802016
vt -27.1884 79.3334
v -0.31923 0.0186879 0.800286
vt -27.1179 79.4759
v -0.319466 0.0205051 0.799418
vt -27.0825 79.5474
v -0.320093 0.0239227 0.797105
vt -26.9881 79.682
v -0.321146 0.0253501 0.793223
vt -26.8298 79.7382
v -0.322764 0.0259292 0.78726
vt -26.5865 79.761
v -0.32495 0.0265813 0.779202
vt -26.2578 79.7867
v -0.328524 0.0261086 0.766025
vt -25.7203 79.7681
v -0.330877 0.0286645 0.75735
vt -25.3664 79.8687
v -0.335359 0.0362145 0.740831
vt -24.6925 80.1659
v -0.338762 0.0478099 0.728284
vt -24.1807 80.6224
v -0.340853 0.0615026 0.720576
vt -23.8663 81.1615
v -0.34205 0.0723329 0.716163
vt -23.6863 81.5879
v -0.343053 0.0775683 0.712467
vt -23.5355 81.794
v -0.343778 0.0780311 0.709795
vt -23.4265 81.8122
v -0.344704 0.0785133 0.706381
vt -23.2872 81.8312
v -0.346503 0.0782227 0.699747
vt -23.0166 81.8198
v -0.350699 0.0779815 0.68428
vt -22.3857 81.8103
v -0.354002 0.0765189 0.672106
vt -21.889 81.7527
f 3682/7756/1467 3683/7757/1467 3652/7726/1467 3651/7725/1467 3650/7724/1467 3649/7723/1467 3648/7722/1467 3671/7745/1467 3670/7744/1467 3669/7743/1467 3668/7742/1467 3667/7741/1467 3666/7740/1467 3665/7739/1467 3664/7738/1467 3663/7737/1467 3662/7736/1467 3661/7735/1467 3660/7734/1467 3659/7733/1467 3658/7732/1467 3684/7758/1467 3685/7759/1467 3686/7760/1467 3687/7761/1467 3688/7762/1467 3689/7763/1467 3690/7764/1467 3691/7765/1467 3692/7766/1467 3693/7767/1467 3694/7768/1467 3695/7769/1467 3696/7770/1467 3697/7771/1467 3698/7772/1467 3699/7773/1467 3700/7774/1467 3701/7775/1467 3702/7776/1467 3703/7777/1467 3704/7778/1467 3705/7779/1467 3706/7780/1467 

usemtl Sree_Shoes_1
v -0.376035 0.0562699 0.590882
vt -18.5757 80.9555
vn 0.96512 -8.91323e-16 -0.261809
v -0.37706 0.0770884 0.587105
vt -18.4216 81.7751
v -0.37707 0.0785739 0.587069
vt -18.4201 81.8336
v -0.377017 0.0815391 0.587263
vt -18.4281 81.9504
v -0.376893 0.0844727 0.587723
vt -18.4468 82.0659
v -0.376697 0.0873495 0.588443
vt -18.4762 82.1791
v -0.376433 0.0901446 0.589417
vt -18.5159 82.2892
v -0.376135 0.0928287 0.590517
vt -18.5608 82.3948
v -0.375825 0.0954935 0.591659
vt -18.6074 82.4997
v -0.375503 0.0981383 0.592844
vt -18.6557 82.6039
v -0.37517 0.100762 0.594071
vt -18.7058 82.7072
v -0.374093 0.10848 0.598042
vt -18.8678 83.011
v -0.372939 0.116033 0.602298
vt -19.0414 83.3084
v -0.372529 0.118492 0.60381
vt -19.103 83.4052
v -0.371857 0.122001 0.606287
vt -19.2041 83.5434
v -0.37098 0.124006 0.609518
vt -19.3359 83.6223
v -0.318986 0.0148308 0.801187
vt -27.1547 79.324
v -0.318986 0.0114951 0.801187
vt -27.1547 79.1927
v -0.319163 0.00931298 0.800535
vt -27.1281 79.1068
v -0.319327 0.00858809 0.799931
vt -27.1034 79.0783
v -0.325475 0.00407289 0.777264
vt -26.1788 78.9005
v -0.327351 0.00332363 0.770348
vt -25.8966 78.871
v -0.329336 0.00274043 0.763031
vt -25.5982 78.848
v -0.33133 0.00236292 0.755683
vt -25.2984 78.8332
v -0.333328 0.0021918 0.748317
vt -24.9979 78.8264
v -0.335328 0.00222739 0.740946
vt -24.6972 78.8278
v -0.337325 0.00246961 0.733584
vt -24.3969 78.8374
v -0.339316 0.00291803 0.726245
vt -24.0975 78.855
v -0.341297 0.00357182 0.718942
vt -23.7996 78.8808
v -0.343264 0.0038096 0.711689
vt -23.5038 78.8901
v -0.345215 0.00472164 0.704499
vt -23.2105 78.926
v -0.347144 0.00580622 0.697385
vt -22.9203 78.9687
v -0.349873 0.00770173 0.687324
vt -22.5099 79.0434
v -0.350736 0.0101001 0.684144
vt -22.3801 79.1378
v -0.353327 0.0193986 0.674592
vt -21.9905 79.5039
v -0.356214 0.0278544 0.663951
vt -21.5564 79.8368
v -0.359427 0.034867 0.652106
vt -21.0732 80.1129
v -0.361968 0.0394121 0.642739
vt -20.6911 80.2918
v -0.363762 0.0420031 0.636126
vt -20.4213 80.3938
v -0.366474 0.0451875 0.626129
vt -20.0135 80.5192
v -0.368315 0.0468107 0.619344
vt -19.7367 80.5831
v -0.374519 0.0509303 0.596472
vt -18.8037 80.7453
f 3707/7781/1468 3708/7782/1468 3709/7783/1468 3710/7784/1468 3711/7785/1468 3712/7786/1468 3713/7787/1468 3714/7788/1468 3715/7789/1468 3716/7790/1468 3717/7791/1468 3718/7792/1468 3719/7793/1468 3720/7794/1468 3721/7795/1468 3722/7796/1468 3656/7730/1468 3655/7729/1468 3654/7728/1468 3653/7727/1468 3652/7726/1468 3683/7757/1468 3682/7756/1468 3706/7780/1468 3705/7779/1468 3704/7778/1468 3703/7777/1468 3702/7776/1468 3701/7775/1468 3700/7774/1468 3699/7773/1468 3698/7772/1468 3697/7771/1468 3696/7770/1468 3695/7769/1468 3694/7768/1468 3693/7767/1468 3692/7766/1468 3691/7765/1468 3690/7764/1468 3689/7763/1468 3723/7797/1468 3724/7798/1468 3725/7799/1468 3726/7800/1468 3727/7801/1468 3728/7802/1468 3729/7803/1468 3730/7804/1468 3731/7805/1468 3732/7806/1468 3733/7807/1468 3734/7808/1468 3735/7809/1468 3736/7810/1468 3737/7811/1468 3738/7812/1468 3739/7813/1468 3740/7814/1468 3741/7815/1468 3742/7816/1468 3743/7817/1468 3744/7818/1468 3745/7819/1468 3746/7820/1468 3747/7821/1468 3748/7822/1468 

usemtl Sree_Shoes_4
vn 0.96512 -3.78084e-16 -0.261809
v -0.318697 0.0103053 0.802251
vt -27.1981 79.1459
v -0.318697 0.00761237 0.802251
vt -27.1981 79.0399
v -0.319132 0.00568739 0.800647
vt -27.1326 78.9641
v -0.325105 0.000613576 0.778628
vt -26.2344 78.7643
v -0.327141 -0.000199279 0.771125
vt -25.9283 78.7323
v -0.329189 -0.000801015 0.763576
vt -25.6204 78.7086
v -0.331245 -0.00119052 0.755994
vt -25.3111 78.6933
v -0.333307 -0.00136708 0.748393
vt -25.001 78.6863
v -0.33537 -0.00133036 0.740788
vt -24.6908 78.6878
v -0.337431 -0.00108044 0.733192
vt -24.3809 78.6976
v -0.339485 -0.000617765 0.72562
vt -24.072 78.7158
v -0.341529 5.67977e-05 0.718085
vt -23.7647 78.7424
v -0.343559 0.000810126 0.710602
vt -23.4594 78.7721
v -0.345571 0.00175116 0.703183
vt -23.1568 78.8091
v -0.347562 0.0028702 0.695844
vt -22.8574 78.8532
v -0.349528 0.00416519 0.688596
vt -22.5617 78.9041
v -0.350631 0.00722904 0.684533
vt -22.396 79.0248
v -0.353121 0.0144782 0.675354
vt -22.0216 79.3102
v -0.355873 0.0225404 0.665208
vt -21.6077 79.6276
v -0.358944 0.029244 0.653886
vt -21.1458 79.8915
v -0.361373 0.033589 0.644931
vt -20.7805 80.0626
v -0.363062 0.0360281 0.638706
vt -20.5266 80.1586
v -0.365668 0.0390882 0.629099
vt -20.1347 80.2791
v -0.367451 0.0406603 0.622528
vt -19.8666 80.341
v -0.372331 0.0449638 0.604539
vt -19.1328 80.5104
v -0.374764 0.048487 0.595569
vt -18.7669 80.6491
v -0.374981 0.0488015 0.594768
vt -18.7342 80.6615
v -0.375468 0.0507958 0.592974
vt -18.661 80.74
v -0.375896 0.0529298 0.591396
vt -18.5966 80.824
v -0.376262 0.0551852 0.590046
vt -18.5416 80.9128
v -0.376563 0.0575424 0.588938
vt -18.4964 81.0056
v -0.376796 0.0599812 0.588079
vt -18.4614 81.1016
v -0.376959 0.0726516 0.587479
vt -18.4368 81.6005
v -0.37705 0.0756029 0.587141
vt -18.4231 81.7167
f 3689/7763/1469 3688/7762/1469 3687/7761/1469 3749/7823/1469 3750/7824/1469 3751/7825/1469 3752/7826/1469 3753/7827/1469 3754/7828/1469 3755/7829/1469 3756/7830/1469 3757/7831/1469 3758/7832/1469 3759/7833/1469 3760/7834/1469 3761/7835/1469 3762/7836/1469 3763/7837/1469 3764/7838/1469 3765/7839/1469 3766/7840/1469 3767/7841/1469 3768/7842/1469 3769/7843/1469 3770/7844/1469 3771/7845/1469 3772/7846/1469 3773/7847/1469 3774/7848/1469 3775/7849/1469 3776/7850/1469 3777/7851/1469 3778/7852/1469 3779/7853/1469 3780/7854/1469 3781/7855/1469 3782/7856/1469 3708/7782/1469 3707/7781/1469 3748/7822/1469 3747/7821/1469 3746/7820/1469 3745/7819/1469 3744/7818/1469 3743/7817/1469 3742/7816/1469 3741/7815/1469 3740/7814/1469 3739/7813/1469 3738/7812/1469 3737/7811/1469 3736/7810/1469 3735/7809/1469 3734/7808/1469 3733/7807/1469 3732/7806/1469 3731/7805/1469 3730/7804/1469 3729/7803/1469 3728/7802/1469 3727/7801/1469 3726/7800/1469 3725/7799/1469 3724/7798/1469 3723/7797/1469 

v -0.361796 0.0018938 0.643375
vt -20.717 78.8147
vn 0.96512 -1.5116e-17 -0.261809
v -0.366644 0.000732791 0.625503
vt -19.988 78.769
f 3783/7857/1470 3784/7858/1470 3772/7846/1470 3771/7845/1470 3770/7844/1470 3769/7843/1470 

usemtl Sree_Shoes_3
v -0.3666 0 0.625664
vt -19.9946 78.7402
vn 0.96512 7.15084e-16 -0.261809
v -0.373588 0.00109033 0.599903
vt -18.9437 78.7831
v -0.373857 0.00173126 0.598912
vt -18.9032 78.8083
v -0.373464 0.00194808 0.600362
vt -18.9624 78.8169
v -0.361373 0.00166117 0.644931
vt -20.7805 78.8056
v -0.361588 0.00112672 0.64414
vt -20.7482 78.7845
f 3785/7859/1471 3786/7860/1471 3787/7861/1471 3788/7862/1471 3784/7858/1471 3783/7857/1471 3769/7843/1471 3789/7863/1471 3790/7864/1471 

usemtl Sree_Shoes_1
vn 0.96512 9.45616e-16 -0.261809
f 3788/7862/1472 3787/7861/1472 3775/7849/1472 3774/7848/1472 

vn 0.96512 2.4265e-15 -0.261809
f 3784/7858/1473 3788/7862/1473 3774/7848/1473 3773/7847/1473 3772/7846/1473 

usemtl Sree_Dress_3
v -0.39796 0.38169 0.510059
vt -15.2787 93.7673
vn 0.96512 -4.02041e-16 -0.261809
v -0.397455 0.397646 0.511922
vt -15.3547 94.3955
v -0.394118 0.6732 0.524225
vt -15.8565 105.244
v -0.388613 0.38169 0.544516
vt -16.6843 93.7673
v -0.390938 0.380289 0.535945
vt -16.3346 93.7122
v -0.395244 0.380186 0.520073
vt -15.6872 93.7081
f 3791/7865/1474 3792/7866/1474 3793/7867/1474 3536/7610/1474 3535/7609/1474 3534/7608/1474 3794/7868/1474 3795/7869/1474 3796/7870/1474 

usemtl Sree_Dress_2
v -0.414462 0.397284 0.449228
vt -12.7972 94.3813
vn 0.96512 -2.70593e-16 -0.261809
v -0.401146 0.396268 0.498316
vt -14.7996 94.3413
v -0.405989 0.396427 0.480462
vt -14.0713 94.3475
f 3797/7871/1475 3540/7614/1475 3539/7613/1475 3538/7612/1475 3537/7611/1475 3536/7610/1475 3793/7867/1475 3792/7866/1475 3798/7872/1475 3799/7873/1475 

usemtl Sree_Complexion_3
vn 0.96512 -6.55497e-16 -0.261809
v -0.40121 0.391115 0.498079
vt -14.79 94.1384
v -0.401812 0.393542 0.495861
vt -14.6995 94.2339
v -0.40444 0.395105 0.486174
vt -14.3044 94.2955
v -0.422267 0.395105 0.420456
vt -11.6235 94.2955
v -0.426615 0.391946 0.404427
vt -10.9697 94.1711
v -0.428654 0.384982 0.396913
vt -10.6631 93.8969
v -0.429962 0.371157 0.39209
vt -10.4664 93.3526
v -0.428829 0.339261 0.396268
vt -10.6368 92.0969
v -0.42647 0.291034 0.404963
vt -10.9915 90.1982
v -0.42333 0.245474 0.416538
vt -11.4637 88.4045
v -0.4258 0.274004 0.407431
vt -11.0922 89.5277
v -0.427726 0.303141 0.400334
vt -10.8027 90.6748
v -0.429255 0.332618 0.394697
vt -10.5727 91.8354
v -0.430223 0.36244 0.391128
vt -10.4271 93.0095
v -0.430787 0.392413 0.389049
vt -10.3423 94.1895
v -0.430175 0.392265 0.391304
vt -10.4343 94.1836
f 3798/7872/1476 3800/7874/1476 3801/7875/1476 3802/7876/1476 3803/7877/1476 3804/7878/1476 3805/7879/1476 3806/7880/1476 3807/7881/1476 3808/7882/1476 3809/7883/1476 3810/7884/1476 3811/7885/1476 3812/7886/1476 3813/7887/1476 3814/7888/1476 3815/7889/1476 3542/7616/1476 3541/7615/1476 3540/7614/1476 3797/7871/1476 3799/7873/1476 

usemtl Sree_Complexion_2
v -0.401301 0.383801 0.497743
vt -14.7763 93.8504
vn 0.96512 -5.69439e-16 -0.261809
f 3816/7890/1477 3801/7875/1477 3800/7874/1477

v -0.401484 0.37134 0.497068
vt -14.7487 93.3599
f 3801/7875/1477 3816/7890/1477 3817/7891/1477

v -0.401695 0.358885 0.496292
vt -14.7171 92.8695
f 3801/7875/1477 3817/7891/1477 3818/7892/1477

v -0.401933 0.346438 0.495414
vt -14.6813 92.3794
f 3801/7875/1477 3818/7892/1477 3819/7893/1477

f 3801/7875/1477 3819/7893/1477 3802/7876/1477

v -0.402199 0.333998 0.494436
vt -14.6413 91.8897
f 3802/7876/1477 3819/7893/1477 3820/7894/1477

v -0.4038 0.371566 0.488534
vt -14.4006 93.3687
f 3802/7876/1477 3820/7894/1477 3821/7895/1477

v -0.402492 0.321568 0.493355
vt -14.5973 91.4003
f 3821/7895/1477 3820/7894/1477 3822/7896/1477

v -0.402812 0.309147 0.492174
vt -14.5491 90.9113
f 3821/7895/1477 3822/7896/1477 3823/7897/1477

v -0.40316 0.296737 0.490892
vt -14.4968 90.4227
f 3821/7895/1477 3823/7897/1477 3824/7898/1477

v -0.403535 0.284339 0.489509
vt -14.4404 89.9346
f 3821/7895/1477 3824/7898/1477 3825/7899/1477

v -0.4038 0.3535 0.488534
vt -14.4006 92.6575
f 3821/7895/1477 3825/7899/1477 3826/7900/1477

v -0.403938 0.271953 0.488025
vt -14.3798 89.447
f 3827/7901/1477 3826/7900/1477 3825/7899/1477

v -0.404218 0.317933 0.486991
vt -14.3377 91.2572
f 3826/7900/1477 3827/7901/1477 3828/7902/1477

v -0.404367 0.259581 0.48644
vt -14.3152 88.9599
f 3828/7902/1477 3827/7901/1477 3829/7903/1477

v -0.40559 0.263907 0.481932
vt -14.1313 89.1302
f 3828/7902/1477 3829/7903/1477 3830/7904/1477

v -0.405067 0.243533 0.483862
vt -14.21 88.3281
f 3830/7904/1477 3829/7903/1477 3831/7905/1477

v -0.405782 0.230506 0.481225
vt -14.1025 87.8152
f 3830/7904/1477 3831/7905/1477 3832/7906/1477

v -0.406532 0.240513 0.478459
vt -13.9896 88.2092
f 3830/7904/1477 3832/7906/1477 3833/7907/1477

v -0.40632 0.215436 0.479242
vt -14.0215 87.2219
f 3833/7907/1477 3832/7906/1477 3834/7908/1477

v -0.406512 0.205955 0.478533
vt -13.9926 86.8486
f 3833/7907/1477 3834/7908/1477 3835/7909/1477

v -0.406957 0.189351 0.476893
vt -13.9258 86.1949
f 3835/7909/1477 3836/7910/1477 3833/7907/1477

v -0.406401 0.190909 0.478943
vt -14.0094 86.2563
f 3837/7911/1477 3836/7910/1477 3835/7909/1477

v -0.406194 0.173032 0.479708
vt -14.0406 85.5525
f 3837/7911/1477 3838/7912/1477 3836/7910/1477

v -0.405273 0.170586 0.483103
vt -14.1791 85.4561
f 3839/7913/1477 3838/7912/1477 3837/7911/1477

v -0.404558 0.153877 0.485739
vt -14.2866 84.7983
f 3839/7913/1477 3840/7914/1477 3838/7912/1477

v -0.403225 0.144523 0.490651
vt -14.487 84.43
f 3839/7913/1477 3841/7915/1477 3840/7914/1477

v -0.402835 0.140811 0.492088
vt -14.5456 84.2839
f 3839/7913/1477 3842/7916/1477 3841/7915/1477

v -0.402439 0.145253 0.493549
vt -14.6052 84.4588
f 3843/7917/1477 3842/7916/1477 3839/7913/1477

v -0.400832 0.118407 0.499472
vt -14.8468 83.4019
f 3843/7917/1477 3844/7918/1477 3842/7916/1477

v -0.400027 0.118368 0.502442
vt -14.968 83.4003
f 3844/7918/1477 3843/7917/1477 3845/7919/1477

v -0.400857 0.10855 0.49938
vt -14.8431 83.0138
f 3845/7919/1477 3846/7920/1477 3844/7918/1477

v -0.399385 0.0919556 0.504809
vt -15.0645 82.3605
f 3845/7919/1477 3847/7921/1477 3846/7920/1477

v -0.398972 0.103092 0.506329
vt -15.1265 82.7989
f 3848/7922/1477 3847/7921/1477 3845/7919/1477

v -0.398836 0.0962334 0.506829
vt -15.1469 82.5289
f 3848/7922/1477 3849/7923/1477 3847/7921/1477

v -0.398796 0.100004 0.506977
vt -15.153 82.6773
f 3850/7924/1477 3849/7923/1477 3848/7922/1477

v -0.398708 0.0984605 0.507302
vt -15.1662 82.6166
f 3849/7923/1477 3850/7924/1477 3851/7925/1477

usemtl Sree_Shoes_2
v -0.397903 0.095469 0.510271
vt -15.2873 82.4988
vn 0.96512 -5.84901e-16 -0.261809
f 3852/7926/1478 3851/7925/1478 3850/7924/1478

v -0.39862 0.0969165 0.507626
vt -15.1794 82.5558
f 3851/7925/1478 3852/7926/1478 3853/7927/1478

v -0.398831 0.0829531 0.50685
vt -15.1478 82.006
f 3852/7926/1478 3854/7928/1478 3853/7927/1478

v -0.397559 0.0671199 0.511539
vt -15.3391 81.3827
f 3852/7926/1478 3855/7929/1478 3854/7928/1478

v -0.396493 0.0567973 0.51547
vt -15.4994 80.9763
f 3852/7926/1478 3856/7930/1478 3855/7929/1478

v -0.395455 0.0576816 0.519294
vt -15.6554 81.0111
f 3857/7931/1478 3856/7930/1478 3852/7926/1478

v -0.395388 0.0527714 0.519543
vt -15.6656 80.8178
f 3857/7931/1478 3858/7932/1478 3856/7930/1478

v -0.392164 0.033649 0.531425
vt -16.1503 80.0649
f 3857/7931/1478 3859/7933/1478 3858/7932/1478

v -0.392148 0.0381258 0.531487
vt -16.1528 80.2412
f 3860/7934/1478 3859/7933/1478 3857/7931/1478

v -0.390953 0.0256022 0.53589
vt -16.3324 79.7481
f 3860/7934/1478 3861/7935/1478 3859/7933/1478

v -0.390624 0.0277884 0.537103
vt -16.3819 79.8342
f 3862/7936/1478 3861/7935/1478 3860/7934/1478

v -0.390605 0.0179458 0.537173
vt -16.3847 79.4467
f 3862/7936/1478 3863/7937/1478 3861/7935/1478

v -0.390436 0.01234 0.537797
vt -16.4102 79.226
f 3862/7936/1478 3864/7938/1478 3863/7937/1478

v -0.390148 0.0194378 0.538858
vt -16.4535 79.5054
f 3864/7938/1478 3862/7936/1478 3865/7939/1478

v -0.390713 0.0132424 0.536777
vt -16.3686 79.2615
f 3864/7938/1478 3866/7940/1478 3863/7937/1478

v -0.390978 0.0100186 0.535798
vt -16.3286 79.1346
f 3866/7940/1478 3864/7938/1478 3867/7941/1478

usemtl Sree_Shoes_4
v -0.419249 0.0975889 0.43158
vt -12.0773 82.5822
vn 0.96512 -4.10265e-16 -0.261809
v -0.419502 0.091095 0.43065
vt -12.0394 82.3266
v -0.419572 0.083066 0.430391
vt -12.0288 82.0105
v -0.419304 0.0768149 0.431378
vt -12.069 81.7644
v -0.418729 0.0713488 0.433498
vt -12.1555 81.5492
v -0.417835 0.0622318 0.436796
vt -12.29 81.1902
v -0.417277 0.0509696 0.438852
vt -12.3739 80.7468
v -0.417216 0.0397725 0.439078
vt -12.3831 80.306
v -0.417271 0.0342323 0.438872
vt -12.3748 80.0879
v -0.417117 0.0263449 0.439439
vt -12.3979 79.7774
v -0.416479 0.0154015 0.441793
vt -12.4939 79.3465
v -0.415923 0.0120202 0.443842
vt -12.5775 79.2134
v -0.414486 0.00866497 0.44914
vt -12.7936 79.0813
v -0.412885 0.00659717 0.455043
vt -13.0344 78.9999
v -0.411198 0.00476729 0.46126
vt -13.288 78.9278
v -0.40948 0.0032428 0.467595
vt -13.5464 78.8678
v -0.407735 0.00202892 0.474026
vt -13.8088 78.82
v -0.40597 0.00112979 0.480532
vt -14.0742 78.7846
v -0.404191 0.000548496 0.48709
vt -14.3417 78.7618
v -0.402404 0.000287018 0.493677
vt -14.6104 78.7515
v -0.400615 0.000346252 0.500272
vt -14.8794 78.7538
v -0.398831 0.000725997 0.506851
vt -15.1478 78.7687
v -0.397068 0.00142012 0.513347
vt -15.4128 78.7961
v -0.394438 0.00333453 0.523044
vt -15.8084 78.8714
v -0.393242 0.005051 0.527451
vt -15.9882 78.939
v -0.391695 0.00877545 0.533154
vt -16.2208 79.0856
v -0.39152 0.00769719 0.533799
vt -16.2471 79.0432
v -0.392946 0.00369167 0.528546
vt -16.0328 78.8855
v -0.394263 0.00179967 0.523687
vt -15.8346 78.811
v -0.396974 -0.000172801 0.513696
vt -15.4271 78.7334
v -0.398779 -0.000883811 0.507042
vt -15.1556 78.7054
v -0.400594 -0.0012701 0.50035
vt -14.8826 78.6902
v -0.402414 -0.00133036 0.493642
vt -14.609 78.6878
v -0.404232 -0.00106437 0.486941
vt -14.3356 78.6983
v -0.406041 -0.000473052 0.48027
vt -14.0635 78.7215
v -0.407837 0.00044158 0.473652
vt -13.7935 78.7575
v -0.409611 0.0016764 0.467109
vt -13.5266 78.8062
v -0.41136 0.00322717 0.460665
vt -13.2638 78.8672
v -0.413075 0.00508861 0.454341
vt -13.0058 78.9405
v -0.414752 0.00725434 0.448158
vt -12.7535 79.0258
v -0.416339 0.0109596 0.442308
vt -12.5149 79.1716
v -0.416981 0.0148618 0.439942
vt -12.4184 79.3253
v -0.417641 0.0260611 0.43751
vt -12.3192 79.7662
v -0.417799 0.034196 0.436925
vt -12.2953 80.0865
v -0.417743 0.0397902 0.437133
vt -12.3038 80.3067
v -0.417803 0.0507599 0.436912
vt -12.2948 80.7386
v -0.418344 0.0616871 0.434917
vt -12.2134 81.1688
v -0.419221 0.0706197 0.431686
vt -12.0816 81.5205
v -0.419815 0.0762703 0.429494
vt -11.9922 81.7429
v -0.420101 0.0829358 0.428442
vt -11.9493 82.0053
v -0.420028 0.091277 0.428711
vt -11.9603 82.3337
v -0.419771 0.0978845 0.429657
vt -11.9988 82.5939
v -0.419654 0.0992347 0.430089
vt -12.0165 82.647
v -0.418471 0.115225 0.434448
vt -12.1943 83.2766
f 3868/7942/1479 3869/7943/1479 3870/7944/1479 3871/7945/1479 3872/7946/1479 3873/7947/1479 3874/7948/1479 3875/7949/1479 3876/7950/1479 3877/7951/1479 3878/7952/1479 3879/7953/1479 3880/7954/1479 3881/7955/1479 3882/7956/1479 3883/7957/1479 3884/7958/1479 3885/7959/1479 3886/7960/1479 3887/7961/1479 3888/7962/1479 3889/7963/1479 3890/7964/1479 3891/7965/1479 3892/7966/1479 3893/7967/1479 3866/7940/1479 3867/7941/1479 3894/7968/1479 3895/7969/1479 3896/7970/1479 3897/7971/1479 3898/7972/1479 3899/7973/1479 3900/7974/1479 3901/7975/1479 3902/7976/1479 3903/7977/1479 3904/7978/1479 3905/7979/1479 3906/7980/1479 3907/7981/1479 3908/7982/1479 3909/7983/1479 3910/7984/1479 3911/7985/1479 3912/7986/1479 3913/7987/1479 3914/7988/1479 3915/7989/1479 3916/7990/1479 3917/7991/1479 3918/7992/1479 3919/7993/1479 3920/7994/1479 3921/7995/1479 

usemtl Sree_Shoes_1
vn 0.96512 -7.57838e-16 -0.261809
f 3868/7942/1480 3871/7945/1480 3869/7943/1480

f 3868/7942/1480 3872/7946/1480 3871/7945/1480

f 3921/7995/1480 3872/7946/1480 3868/7942/1480

v -0.418307 0.103886 0.435055
vt -12.2191 82.8302
f 3922/7996/1480 3872/7946/1480 3921/7995/1480

f 3922/7996/1480 3873/7947/1480 3872/7946/1480

f 3922/7996/1480 3874/7948/1480 3873/7947/1480

f 3922/7996/1480 3878/7952/1480 3874/7948/1480

v -0.416097 0.0484383 0.443202
vt -12.5514 80.6472
f 3922/7996/1480 3923/7997/1480 3878/7952/1480

v -0.415774 0.0836611 0.444391
vt -12.5999 82.0339
f 3924/7998/1480 3923/7997/1480 3922/7996/1480

v -0.414745 0.0797245 0.448183
vt -12.7546 81.8789
f 3925/7999/1480 3923/7997/1480 3924/7998/1480

v -0.414686 0.0566731 0.448403
vt -12.7635 80.9714
f 3925/7999/1480 3926/8000/1480 3923/7997/1480

v -0.412574 0.0757288 0.456189
vt -13.0812 81.7216
f 3927/8001/1480 3926/8000/1480 3925/7999/1480

v -0.411337 0.0626615 0.460748
vt -13.2671 81.2071
f 3927/8001/1480 3928/8002/1480 3926/8000/1480

v -0.409943 0.0741197 0.465886
vt -13.4767 81.6583
f 3929/8003/1480 3928/8002/1480 3927/8001/1480

v -0.409631 0.0637971 0.467038
vt -13.5237 81.2519
f 3929/8003/1480 3930/8004/1480 3928/8002/1480

v -0.408133 0.0624321 0.47256
vt -13.749 81.1981
f 3929/8003/1480 3931/8005/1480 3930/8004/1480

v -0.406728 0.0588103 0.477739
vt -13.9602 81.0555
f 3929/8003/1480 3932/8006/1480 3931/8005/1480

v -0.405049 0.0755452 0.483927
vt -14.2127 81.7144
f 3933/8007/1480 3932/8006/1480 3929/8003/1480

f 3933/8007/1480 3885/7959/1480 3932/8006/1480

v -0.404475 0.0675001 0.486043
vt -14.299 81.3976
f 3934/8008/1480 3885/7959/1480 3933/8007/1480

f 3934/8008/1480 3886/7960/1480 3885/7959/1480

v -0.404126 0.0420378 0.487329
vt -14.3515 80.3952
f 3934/8008/1480 3935/8009/1480 3886/7960/1480

v -0.402485 0.0623172 0.493378
vt -14.5982 81.1936
f 3936/8010/1480 3935/8009/1480 3934/8008/1480

v -0.401199 0.0543349 0.498119
vt -14.7916 80.8793
f 3937/8011/1480 3935/8009/1480 3936/8010/1480

v -0.400584 0.0482262 0.500389
vt -14.8842 80.6388
f 3937/8011/1480 3938/8012/1480 3935/8009/1480

v -0.398467 0.0524854 0.50819
vt -15.2024 80.8065
f 3939/8013/1480 3938/8012/1480 3937/8011/1480

v -0.396761 0.0482262 0.51448
vt -15.459 80.6388
f 3938/8012/1480 3939/8013/1480 3940/8014/1480

usemtl Sree_Shoes_2
v -0.399231 0.0556954 0.505374
vt -15.0875 80.9329
f 3941/8015/1478 3940/8014/1478 3939/8013/1478

f 3858/7932/1478 3940/8014/1478 3941/8015/1478

v -0.395876 0.0338095 0.517743
vt -15.5921 80.0712
f 3858/7932/1478 3942/8016/1478 3940/8014/1478

v -0.395356 0.0391685 0.519659
vt -15.6703 80.2822
f 3943/8017/1478 3942/8016/1478 3858/7932/1478

v -0.394112 0.0297101 0.524246
vt -15.8574 79.9098
f 3943/8017/1478 3944/8018/1478 3942/8016/1478

v -0.393125 0.0225938 0.527884
vt -16.0058 79.6297
f 3943/8017/1478 3945/8019/1478 3944/8018/1478

v -0.392903 0.0334686 0.528701
vt -16.0391 80.0578
f 3946/8020/1478 3945/8019/1478 3943/8017/1478

v -0.39232 0.0272229 0.53085
vt -16.1268 79.8119
f 3945/8019/1478 3946/8020/1478 3947/8021/1478

usemtl Sree_Shoes_1
f 3946/8020/1480 3859/7933/1480 3947/8021/1480

f 3859/7933/1480 3946/8020/1480 3943/8017/1480

usemtl Sree_Shoes_2
f 3858/7932/1478 3859/7933/1478 3943/8017/1478

usemtl Sree_Shoes_1
f 3859/7933/1480 3893/7967/1480 3947/8021/1480

f 3861/7935/1480 3893/7967/1480 3859/7933/1480

f 3861/7935/1480 3866/7940/1480 3893/7967/1480

f 3866/7940/1480 3861/7935/1480 3863/7937/1480

f 3947/8021/1480 3893/7967/1480 3892/7966/1480

f 3947/8021/1480 3892/7966/1480 3945/8019/1480

v -0.395997 0.0174604 0.517298
vt -15.574 79.4276
f 3945/8019/1480 3892/7966/1480 3948/8022/1480

f 3948/8022/1480 3892/7966/1480 3891/7965/1480

f 3948/8022/1480 3891/7965/1480 3890/7964/1480

v -0.398724 0.0174604 0.507243
vt -15.1638 79.4276
f 3948/8022/1480 3890/7964/1480 3949/8023/1480

f 3949/8023/1480 3890/7964/1480 3889/7963/1480

v -0.399902 0.0241195 0.502901
vt -14.9867 79.6897
f 3949/8023/1480 3889/7963/1480 3950/8024/1480

f 3950/8024/1480 3889/7963/1480 3888/7962/1480

v -0.401109 0.0288309 0.498453
vt -14.8052 79.8752
f 3950/8024/1480 3888/7962/1480 3951/8025/1480

f 3951/8025/1480 3888/7962/1480 3887/7961/1480

v -0.401696 0.0420378 0.496288
vt -14.7169 80.3952
f 3951/8025/1480 3887/7961/1480 3952/8026/1480

f 3952/8026/1480 3887/7961/1480 3935/8009/1480

f 3935/8009/1480 3887/7961/1480 3886/7960/1480

usemtl Sree_Shoes_2
f 3938/8012/1478 3952/8026/1478 3935/8009/1478

v -0.398215 0.0368191 0.509121
vt -15.2404 80.1897
f 3938/8012/1478 3953/8027/1478 3952/8026/1478

f 3953/8027/1478 3938/8012/1478 3940/8014/1478

f 3942/8016/1478 3953/8027/1478 3940/8014/1478

v -0.39926 0.0296344 0.505269
vt -15.0833 79.9069
f 3953/8027/1478 3942/8016/1478 3954/8028/1478

usemtl Sree_Shoes_3
vn 0.96512 -1.7562e-15 -0.261809
v -0.393951 0.0279853 0.52484
vt -15.8816 79.8419
v -0.394125 0.0269855 0.524199
vt -15.8555 79.8026
v -0.39633 0.0229512 0.516069
vt -15.5238 79.6437
v -0.397936 0.0229512 0.510148
vt -15.2823 79.6437
v -0.398755 0.0276636 0.507129
vt -15.1592 79.8293
f 3954/8028/1481 3942/8016/1481 3944/8018/1481 3955/8029/1481 3956/8030/1481 3957/8031/1481 3958/8032/1481 3959/8033/1481 

usemtl Sree_Shoes_2
f 3944/8018/1478 3945/8019/1478 3955/8029/1478

f 3945/8019/1478 3956/8030/1478 3955/8029/1478

f 3956/8030/1478 3945/8019/1478 3948/8022/1478

f 3956/8030/1478 3948/8022/1478 3957/8031/1478

f 3957/8031/1478 3948/8022/1478 3949/8023/1478

f 3957/8031/1478 3949/8023/1478 3958/8032/1478

f 3958/8032/1478 3949/8023/1478 3959/8033/1478

f 3959/8033/1478 3949/8023/1478 3950/8024/1478

f 3959/8033/1478 3950/8024/1478 3954/8028/1478

v -0.400307 0.0342383 0.501409
vt -14.9258 80.0881
f 3960/8034/1478 3954/8028/1478 3950/8024/1478

f 3953/8027/1478 3954/8028/1478 3960/8034/1478

usemtl Sree_Shoes_1
f 3960/8034/1480 3952/8026/1480 3953/8027/1480

f 3952/8026/1480 3960/8034/1480 3951/8025/1480

usemtl Sree_Shoes_2
f 3960/8034/1478 3950/8024/1478 3951/8025/1478

usemtl Sree_Shoes_1
f 3941/8015/1480 3856/7930/1480 3858/7932/1480

f 3856/7930/1480 3941/8015/1480 3855/7929/1480

f 3855/7929/1480 3941/8015/1480 3854/7928/1480

v -0.398831 0.0857702 0.50685
vt -15.1478 82.1169
f 3854/7928/1480 3941/8015/1480 3961/8035/1480

v -0.400415 0.0857702 0.501011
vt -14.9096 82.1169
f 3961/8035/1480 3941/8015/1480 3962/8036/1480

v -0.399723 0.0609972 0.503563
vt -15.0137 81.1416
f 3962/8036/1480 3941/8015/1480 3963/8037/1480

f 3937/8011/1480 3963/8037/1480 3941/8015/1480

f 3963/8037/1480 3937/8011/1480 3936/8010/1480

usemtl Sree_Shoes_2
v -0.402503 0.0658025 0.493312
vt -14.5955 81.3308
f 3936/8010/1478 3964/8038/1478 3963/8037/1478

f 3964/8038/1478 3936/8010/1478 3934/8008/1478

v -0.402503 0.075521 0.493312
vt -14.5955 81.7134
f 3964/8038/1478 3934/8008/1478 3965/8039/1478

v -0.404101 0.0805949 0.487422
vt -14.3553 81.9132
f 3965/8039/1478 3934/8008/1478 3966/8040/1478

f 3966/8040/1478 3934/8008/1478 3933/8007/1478

v -0.406239 0.0779515 0.479539
vt -14.0337 81.8091
f 3966/8040/1478 3933/8007/1478 3967/8041/1478

f 3967/8041/1478 3933/8007/1478 3929/8003/1478

v -0.408402 0.0779569 0.471568
vt -13.7085 81.8093
f 3967/8041/1478 3929/8003/1478 3968/8042/1478

v -0.41054 0.0784236 0.463687
vt -13.387 81.8277
f 3968/8042/1478 3929/8003/1478 3969/8043/1478

f 3969/8043/1478 3929/8003/1478 3927/8001/1478

v -0.412605 0.0800007 0.456074
vt -13.0765 81.8898
f 3969/8043/1478 3927/8001/1478 3970/8044/1478

f 3970/8044/1478 3927/8001/1478 3925/7999/1478

v -0.414551 0.0827252 0.4489
vt -12.7838 81.9971
f 3970/8044/1478 3925/7999/1478 3971/8045/1478

v -0.415949 0.0908846 0.443748
vt -12.5736 82.3183
f 3971/8045/1478 3925/7999/1478 3972/8046/1478

f 3972/8046/1478 3925/7999/1478 3924/7998/1478

f 3972/8046/1478 3924/7998/1478 3922/7996/1478

v -0.416864 0.0978351 0.440375
vt -12.4361 82.5919
f 3972/8046/1478 3922/7996/1478 3973/8047/1478

v -0.417994 0.105246 0.436207
vt -12.266 82.8837
f 3973/8047/1478 3922/7996/1478 3974/8048/1478

v -0.41822 0.115225 0.435374
vt -12.232 83.2766
f 3974/8048/1478 3922/7996/1478 3975/8049/1478

f 3975/8049/1478 3922/7996/1478 3921/7995/1478

usemtl Sree_Complexion_3
v -0.417825 0.120937 0.436831
vt -12.2915 83.5015
vn 0.96512 2.33805e-15 -0.261809
v -0.416961 0.133018 0.440017
vt -12.4215 83.9771
v -0.417294 0.11509 0.438788
vt -12.3713 83.2712
v -0.416711 0.10359 0.440938
vt -12.459 82.8185
v -0.414078 0.0853676 0.450645
vt -12.855 82.1011
v -0.408324 0.0814396 0.471856
vt -13.7202 81.9464
v -0.402933 0.0864378 0.491729
vt -14.5309 82.1432
v -0.398831 0.0907129 0.50685
vt -15.1478 82.3115
v -0.40055 0.0879688 0.500511
vt -14.8892 82.2035
v -0.402498 0.083544 0.493333
vt -14.5964 82.0293
f 3976/8050/1482 3977/8051/1482 3978/8052/1482 3979/8053/1482 3980/8054/1482 3981/8055/1482 3982/8056/1482 3847/7921/1482 3849/7923/1482 3851/7925/1482 3853/7927/1482 3983/8057/1482 3984/8058/1482 3985/8059/1482 3966/8040/1482 3967/8041/1482 3968/8042/1482 3969/8043/1482 3970/8044/1482 3971/8045/1482 3972/8046/1482 3973/8047/1482 3974/8048/1482 3975/8049/1482 

usemtl Sree_Complexion_2
v -0.416827 0.1402 0.440509
vt -12.4415 84.2599
f 3986/8060/1477 3978/8052/1477 3977/8051/1477

f 3986/8060/1477 3979/8053/1477 3978/8052/1477

v -0.416772 0.147397 0.440713
vt -12.4499 84.5432
f 3987/8061/1477 3979/8053/1477 3986/8060/1477

v -0.416714 0.230653 0.440925
vt -12.4585 87.821
f 3988/8062/1477 3979/8053/1477 3987/8061/1477

v -0.414315 0.192008 0.449771
vt -12.8194 86.2995
f 3989/8063/1477 3979/8053/1477 3988/8062/1477

f 3989/8063/1477 3980/8054/1477 3979/8053/1477

v -0.413734 0.134725 0.451913
vt -12.9067 84.0443
f 3989/8063/1477 3990/8064/1477 3980/8054/1477

v -0.412745 0.153506 0.455556
vt -13.0553 84.7837
f 3990/8064/1477 3989/8063/1477 3991/8065/1477

usemtl Sree_Complexion_1
v -0.40989 0.386422 0.466084
vt -13.4848 93.9536
vn 0.96512 -8.6918e-16 -0.261809
v -0.407404 0.38674 0.475248
vt -13.8586 93.9661
v -0.404288 0.380226 0.486734
vt -14.3272 93.7097
v -0.406957 0.229967 0.476893
vt -13.9258 87.794
v -0.406957 0.204983 0.476893
vt -13.9258 86.8103
v -0.404026 0.102194 0.487697
vt -14.3665 82.7636
v -0.40909 0.102194 0.469033
vt -13.6051 82.7636
v -0.412476 0.112832 0.456549
vt -13.0958 83.1824
v -0.419815 0.265304 0.429494
vt -11.9922 89.1852
v -0.422762 0.319893 0.418632
vt -11.5491 91.3344
v -0.425206 0.34541 0.409621
vt -11.1815 92.339
v -0.425206 0.364752 0.409621
vt -11.1815 93.1005
v -0.423185 0.381365 0.41707
vt -11.4854 93.7545
v -0.422027 0.385545 0.42134
vt -11.6596 93.9191
v -0.41646 0.387743 0.441864
vt -12.4968 94.0056
v -0.41486 0.3871 0.447763
vt -12.7374 93.9803
v -0.412377 0.386542 0.456916
vt -13.1108 93.9584
f 3992/8066/1483 3993/8067/1483 3994/8068/1483 3821/7895/1483 3826/7900/1483 3828/7902/1483 3830/7904/1483 3833/7907/1483 3995/8069/1483 3996/8070/1483 3836/7910/1483 3838/7912/1483 3840/7914/1483 3841/7915/1483 3842/7916/1483 3844/7918/1483 3846/7920/1483 3997/8071/1483 3998/8072/1483 3999/8073/1483 3990/8064/1483 3991/8065/1483 3989/8063/1483 3988/8062/1483 4000/8074/1483 4001/8075/1483 4002/8076/1483 4003/8077/1483 4004/8078/1483 4005/8079/1483 4006/8080/1483 4007/8081/1483 4008/8082/1483 

usemtl Sree_Complexion_2
f 3803/7877/1477 3993/8067/1477 3992/8066/1477

f 3802/7876/1477 3993/8067/1477 3803/7877/1477

f 3802/7876/1477 3994/8068/1477 3993/8067/1477

f 3802/7876/1477 3821/7895/1477 3994/8068/1477

f 3803/7877/1477 3992/8066/1477 4008/8082/1477

f 3803/7877/1477 4008/8082/1477 4007/8081/1477

f 3803/7877/1477 4007/8081/1477 4006/8080/1477

f 3803/7877/1477 4006/8080/1477 4005/8079/1477

f 3803/7877/1477 4005/8079/1477 4004/8078/1477

f 3803/7877/1477 4004/8078/1477 3804/7878/1477

f 3804/7878/1477 4004/8078/1477 4003/8077/1477

f 3804/7878/1477 4003/8077/1477 3808/7882/1477

f 4002/8076/1477 3808/7882/1477 4003/8077/1477

f 4002/8076/1477 3809/7883/1477 3808/7882/1477

f 4001/8075/1477 3809/7883/1477 4002/8076/1477

f 4000/8074/1477 3809/7883/1477 4001/8075/1477

v -0.419485 0.207361 0.430711
vt -12.0418 86.904
f 4000/8074/1477 4009/8083/1477 3809/7883/1477

v -0.418079 0.190197 0.435894
vt -12.2533 86.2282
f 4000/8074/1477 4010/8084/1477 4009/8083/1477

v -0.417154 0.168918 0.439306
vt -12.3925 85.3905
f 4000/8074/1477 4011/8085/1477 4010/8084/1477

f 3988/8062/1477 4011/8085/1477 4000/8074/1477

f 4011/8085/1477 3988/8062/1477 3987/8061/1477

f 3804/7878/1477 3808/7882/1477 3807/7881/1477

f 3804/7878/1477 3807/7881/1477 3805/7879/1477

f 3805/7879/1477 3807/7881/1477 3806/7880/1477

f 3833/7907/1477 3996/8070/1477 3995/8069/1477

f 3833/7907/1477 3836/7910/1477 3996/8070/1477

f 3846/7920/1477 3982/8056/1477 3997/8071/1477

f 3846/7920/1477 3847/7921/1477 3982/8056/1477

f 3997/8071/1477 3982/8056/1477 3981/8055/1477

f 3997/8071/1477 3981/8055/1477 3998/8072/1477

f 3998/8072/1477 3981/8055/1477 3980/8054/1477

f 3998/8072/1477 3980/8054/1477 3999/8073/1477

f 3999/8073/1477 3980/8054/1477 3990/8064/1477

usemtl Sree_Shoes_2
f 3853/7927/1478 3854/7928/1478 3983/8057/1478

f 3983/8057/1478 3854/7928/1478 3961/8035/1478

f 3983/8057/1478 3961/8035/1478 3962/8036/1478

f 3983/8057/1478 3962/8036/1478 3984/8058/1478

v -0.401693 0.081147 0.4963
vt -14.7174 81.9349
f 3984/8058/1478 3962/8036/1478 4012/8086/1478

usemtl Sree_Shoes_1
f 3962/8036/1480 3964/8038/1480 4012/8086/1480

f 3962/8036/1480 3963/8037/1480 3964/8038/1480

f 4012/8086/1480 3964/8038/1480 3965/8039/1480

usemtl Sree_Shoes_2
f 3985/8059/1478 4012/8086/1478 3965/8039/1478

f 3984/8058/1478 4012/8086/1478 3985/8059/1478

f 3985/8059/1478 3965/8039/1478 3966/8040/1478

f 3941/8015/1478 3939/8013/1478 3937/8011/1478

usemtl Sree_Shoes_1
f 3884/7958/1480 3932/8006/1480 3885/7959/1480

v -0.407323 0.0498565 0.475544
vt -13.8707 80.703
f 3932/8006/1480 3884/7958/1480 4013/8087/1480

v -0.407402 0.0446552 0.475254
vt -13.8589 80.4982
f 4013/8087/1480 3884/7958/1480 4014/8088/1480

v -0.408829 0.0403047 0.469994
vt -13.6443 80.327
f 4014/8088/1480 3884/7958/1480 4015/8089/1480

f 4015/8089/1480 3884/7958/1480 3883/7957/1480

v -0.410139 0.0366147 0.465164
vt -13.4473 80.1817
f 4015/8089/1480 3883/7957/1480 4016/8090/1480

f 4016/8090/1480 3883/7957/1480 3882/7956/1480

v -0.411738 0.0323057 0.459271
vt -13.2069 80.012
f 4016/8090/1480 3882/7956/1480 4017/8091/1480

f 4017/8091/1480 3882/7956/1480 3881/7955/1480

v -0.412615 0.024728 0.456039
vt -13.075 79.7137
f 4017/8091/1480 3881/7955/1480 4018/8092/1480

v -0.412632 0.0317293 0.455974
vt -13.0724 79.9893
f 4018/8092/1480 3881/7955/1480 4019/8093/1480

v -0.412678 0.0469414 0.455806
vt -13.0655 80.5882
f 4019/8093/1480 3881/7955/1480 4020/8094/1480

v -0.414397 0.0418914 0.449467
vt -12.807 80.3894
f 4020/8094/1480 3881/7955/1480 4021/8095/1480

f 4021/8095/1480 3881/7955/1480 3880/7954/1480

f 3923/7997/1480 4021/8095/1480 3880/7954/1480

v -0.413604 0.0544458 0.452391
vt -12.9262 80.8837
f 4022/8096/1480 4021/8095/1480 3923/7997/1480

v -0.413535 0.0480708 0.452645
vt -12.9366 80.6327
f 4022/8096/1480 4023/8097/1480 4021/8095/1480

v -0.411012 0.0542084 0.461945
vt -13.316 80.8743
f 4022/8096/1480 4024/8098/1480 4023/8097/1480

v -0.410989 0.0591372 0.46203
vt -13.3194 81.0684
f 4025/8099/1480 4024/8098/1480 4022/8096/1480

v -0.409647 0.0554917 0.466979
vt -13.5213 80.9249
f 4025/8099/1480 4026/8100/1480 4024/8098/1480

v -0.408448 0.0539491 0.4714
vt -13.7017 80.8641
f 4025/8099/1480 4027/8101/1480 4026/8100/1480

v -0.408369 0.0604669 0.471691
vt -13.7135 81.1207
f 4028/8102/1480 4027/8101/1480 4025/8099/1480

f 4028/8102/1480 4013/8087/1480 4027/8101/1480

f 4013/8087/1480 4028/8102/1480 3932/8006/1480

usemtl Sree_Shoes_2
vn 0.96512 -1.706e-16 -0.261809
f 3930/8004/1484 3931/8005/1484 3932/8006/1484 4028/8102/1484 4025/8099/1484 4022/8096/1484 3923/7997/1484 3926/8000/1484 3928/8002/1484 

v -0.410734 0.0478015 0.462971
vt -13.3578 80.6221
vn 0.96512 6.64141e-16 -0.261809
v -0.409121 0.0486459 0.468916
vt -13.6003 80.6553
f 4029/8103/1485 4020/8094/1485 4021/8095/1485 4023/8097/1485 4024/8098/1485 4026/8100/1485 4027/8101/1485 4013/8087/1485 4030/8104/1485 

usemtl Sree_Shoes_1
v -0.411186 0.0417309 0.461304
vt -13.2898 80.3831
f 4029/8103/1480 4031/8105/1480 4020/8094/1480

v -0.410148 0.0453546 0.465131
vt -13.4459 80.5258
f 4029/8103/1480 4032/8106/1480 4031/8105/1480

f 4030/8104/1480 4032/8106/1480 4029/8103/1480

v -0.408902 0.0461928 0.469725
vt -13.6333 80.5588
f 4030/8104/1480 4033/8107/1480 4032/8106/1480

f 4030/8104/1480 4014/8088/1480 4033/8107/1480

f 4014/8088/1480 4030/8104/1480 4013/8087/1480

usemtl Sree_Shoes_2
vn 0.96512 5.00927e-16 -0.261809
f 4019/8093/1486 4031/8105/1486 4032/8106/1486 4033/8107/1486 4014/8088/1486 4015/8089/1486 4016/8090/1486 4017/8091/1486 4018/8092/1486 

usemtl Sree_Shoes_1
f 4020/8094/1480 4031/8105/1480 4019/8093/1480

f 3923/7997/1480 3880/7954/1480 3879/7953/1480

f 3923/7997/1480 3879/7953/1480 3878/7952/1480

f 3874/7948/1480 3878/7952/1480 3877/7951/1480

f 3874/7948/1480 3877/7951/1480 3875/7949/1480

f 3876/7950/1480 3875/7949/1480 3877/7951/1480

f 3869/7943/1480 3871/7945/1480 3870/7944/1480

usemtl Sree_Dress_3
v -0.438696 0.396011 0.359893
vt -9.15296 94.3311
vn 0.96512 -3.55366e-16 -0.261809
v -0.43262 0.39296 0.38229
vt -10.0666 94.211
v -0.43506 0.393908 0.373297
vt -9.69976 94.2483
f 4034/8108/1487 3547/7621/1487 3546/7620/1487 3545/7619/1487 3544/7618/1487 3543/7617/1487 3542/7616/1487 3815/7889/1487 3814/7888/1487 4035/8109/1487 4036/8110/1487 

v -0.46086 0.398196 0.278189
vt -5.82002 94.4172
vn 0.96512 -1.22432e-16 -0.261809
v -0.444694 0.394572 0.337783
vt -8.25105 94.2745
f 4037/8111/1488 3555/7629/1488 3554/7628/1488 3553/7627/1488 3552/7626/1488 3551/7625/1488 3550/7624/1488 3549/7623/1488 4038/8112/1488 

v -0.478778 0.488625 0.212136
vt -3.12552 97.9774
vn 0.96512 3.08968e-16 -0.261809
v -0.47296 0.419982 0.233585
vt -4.0005 95.2749
v -0.479839 0.427129 0.208226
vt -2.96601 95.5563
v -0.483684 0.432294 0.194051
vt -2.3878 95.7596
v -0.483684 0.438163 0.194051
vt -2.3878 95.9907
f 4039/8113/1489 3559/7633/1489 3558/7632/1489 3557/7631/1489 4040/8114/1489 4041/8115/1489 4042/8116/1489 4043/8117/1489 

usemtl Sree_Complexion_3
v -0.462487 1.01071 0.27219
vt -5.57529 118.532
vn 0.96512 2.41617e-15 -0.261809
v -0.462771 1.01721 0.271143
vt -5.53259 118.788
v -0.461658 1.0076 0.275245
vt -5.69994 118.409
v -0.459719 1.00039 0.282395
vt -5.9916 118.126
v -0.456243 0.99412 0.295208
vt -6.51426 117.879
v -0.450473 0.974769 0.316478
vt -7.38195 117.117
v -0.43981 0.936168 0.355786
vt -8.98541 115.597
v -0.430692 0.919449 0.3894
vt -10.3566 114.939
v -0.420082 0.899997 0.428511
vt -11.9521 114.173
v -0.413782 0.8831 0.451736
vt -12.8995 113.508
v -0.416563 0.889465 0.441485
vt -12.4813 113.758
v -0.419395 0.895486 0.431043
vt -12.0554 113.996
v -0.422276 0.901159 0.420421
vt -11.6221 114.219
v -0.425204 0.906478 0.40963
vt -11.1819 114.428
v -0.428174 0.911436 0.39868
vt -10.7352 114.623
v -0.44357 0.943315 0.341926
vt -8.42003 115.879
v -0.446263 0.952373 0.331997
vt -8.015 116.235
v -0.457077 0.991521 0.292134
vt -6.38886 117.776
v -0.458571 0.995134 0.286627
vt -6.16422 117.919
v -0.460311 0.998884 0.280213
vt -5.90257 118.066
v -0.461784 1.00504 0.274783
vt -5.68108 118.308
f 4044/8118/1490 4045/8119/1490 4046/8120/1490 4047/8121/1490 4048/8122/1490 4049/8123/1490 4050/8124/1490 4051/8125/1490 4052/8126/1490 3262/7336/1490 3261/7335/1490 4053/8127/1490 4054/8128/1490 4055/8129/1490 4056/8130/1490 4057/8131/1490 4058/8132/1490 3494/7568/1490 3493/7567/1490 3492/7566/1490 3491/7565/1490 3490/7564/1490 4059/8133/1490 4060/8134/1490 4061/8135/1490 4062/8136/1490 4063/8137/1490 4064/8138/1490 

usemtl Sree_Complexion_2
vn 0.96512 -3.05988e-16 -0.261809
v -0.462856 1.03034 0.270829
vt -5.51979 119.305
v -0.462733 1.04588 0.271285
vt -5.53837 119.917
v -0.462138 1.0658 0.273479
vt -5.62786 120.701
v -0.461231 1.08935 0.276823
vt -5.76429 121.628
v -0.45979 1.12525 0.282135
vt -5.98098 123.041
v -0.457286 1.17479 0.291363
vt -6.35742 124.992
v -0.454732 1.2194 0.300777
vt -6.74145 126.748
v -0.452292 1.25361 0.309775
vt -7.10852 128.095
v -0.449627 1.27415 0.319597
vt -7.50919 128.903
v -0.448824 1.27967 0.322558
vt -7.62997 129.121
v -0.45148 1.25166 0.312765
vt -7.23049 128.018
v -0.452614 1.2345 0.308587
vt -7.06003 127.343
v -0.457064 1.12365 0.292184
vt -6.39092 122.978
v -0.457358 1.103 0.2911
vt -6.34669 122.165
v -0.458369 1.06382 0.287372
vt -6.19463 120.623
v -0.457873 1.04557 0.289199
vt -6.26914 119.904
v -0.456844 1.027 0.292994
vt -6.42397 119.173
v -0.453317 1.00817 0.305994
vt -6.95427 118.432
v -0.442345 0.972791 0.346441
vt -8.6042 117.039
v -0.436655 0.955844 0.367417
vt -9.4599 116.372
v -0.434186 0.947416 0.376519
vt -9.83119 116.04
v -0.431893 0.940396 0.384972
vt -10.176 115.764
v -0.428945 0.934414 0.395838
vt -10.6193 115.528
v -0.425601 0.926705 0.408165
vt -11.1221 115.225
v -0.422861 0.919395 0.418267
vt -11.5342 114.937
v -0.420156 0.912234 0.428239
vt -11.941 114.655
v -0.41773 0.905403 0.43718
vt -12.3057 114.386
v -0.415183 0.898587 0.446571
vt -12.6888 114.118
f 3263/7337/1491 3262/7336/1491 4052/8126/1491 4051/8125/1491 4050/8124/1491 4049/8123/1491 4048/8122/1491 4047/8121/1491 4046/8120/1491 4045/8119/1491 4065/8139/1491 4066/8140/1491 4067/8141/1491 4068/8142/1491 4069/8143/1491 4070/8144/1491 4071/8145/1491 4072/8146/1491 4073/8147/1491 4074/8148/1491 4075/8149/1491 4076/8150/1491 4077/8151/1491 4078/8152/1491 4079/8153/1491 4080/8154/1491 4081/8155/1491 4082/8156/1491 4083/8157/1491 4084/8158/1491 4085/8159/1491 4086/8160/1491 4087/8161/1491 4088/8162/1491 4089/8163/1491 4090/8164/1491 4091/8165/1491 4092/8166/1491 3264/7338/1491 

usemtl Sree_Complexion_1
v -0.443771 1.04019 0.341186
vt -8.38985 119.693
vn 0.96512 -4.32409e-16 -0.261809
v -0.446144 1.03586 0.332436
vt -8.0329 119.522
v -0.442687 1.03261 0.345179
vt -8.55276 119.394
v -0.439457 1.02544 0.357089
vt -9.03859 119.112
v -0.437051 1.01843 0.365957
vt -9.40034 118.836
v -0.435228 1.01154 0.372679
vt -9.67453 118.565
v -0.428753 0.987357 0.396546
vt -10.6482 117.612
v -0.417728 0.954565 0.437189
vt -12.3061 116.321
v -0.446117 1.29831 0.332537
vt -8.03703 129.855
v -0.445436 1.30407 0.335046
vt -8.13937 130.081
v -0.444662 1.30858 0.337899
vt -8.25578 130.259
v -0.44348 1.31281 0.342259
vt -8.43363 130.426
v -0.441872 1.31589 0.348184
vt -8.67531 130.547
v -0.440321 1.31759 0.353904
vt -8.90864 130.614
v -0.43884 1.31731 0.359361
vt -9.13127 130.603
v -0.437455 1.31545 0.364468
vt -9.3396 130.53
v -0.43609 1.31105 0.369498
vt -9.54479 130.356
v -0.43448 1.30375 0.375435
vt -9.78697 130.069
v -0.431838 1.28658 0.385176
vt -10.1843 129.393
v -0.430085 1.25465 0.391637
vt -10.4479 128.136
v -0.430089 1.2356 0.391622
vt -10.4473 127.386
v -0.430233 1.20352 0.391091
vt -10.4256 126.123
v -0.432503 1.17342 0.382721
vt -10.0842 124.938
v -0.436061 1.14724 0.369606
vt -9.5492 123.907
v -0.437703 1.13004 0.363552
vt -9.30223 123.23
v -0.43868 1.11318 0.35995
vt -9.15531 122.566
v -0.440962 1.07808 0.351541
vt -8.81226 121.184
v -0.442118 1.06531 0.347278
vt -8.63838 120.681
v -0.443424 1.05369 0.342463
vt -8.44196 120.224
f 4093/8167/1492 4094/8168/1492 4095/8169/1492 4096/8170/1492 4097/8171/1492 4098/8172/1492 4099/8173/1492 4100/8174/1492 3266/7340/1492 3265/7339/1492 3264/7338/1492 4092/8166/1492 4091/8165/1492 4090/8164/1492 4089/8163/1492 4088/8162/1492 4087/8161/1492 4086/8160/1492 4085/8159/1492 4084/8158/1492 4083/8157/1492 4082/8156/1492 4081/8155/1492 4080/8154/1492 4079/8153/1492 4078/8152/1492 4077/8151/1492 4076/8150/1492 4075/8149/1492 4074/8148/1492 4101/8175/1492 4102/8176/1492 4103/8177/1492 4104/8178/1492 4105/8179/1492 4106/8180/1492 4107/8181/1492 4108/8182/1492 4109/8183/1492 4110/8184/1492 4111/8185/1492 4112/8186/1492 4113/8187/1492 4114/8188/1492 4115/8189/1492 4116/8190/1492 4117/8191/1492 4118/8192/1492 4119/8193/1492 4120/8194/1492 4121/8195/1492 

usemtl Sree_Complexion_2
v -0.431098 1.28767 0.387901
vt -10.2955 129.436
vn 0.96512 -6.88752e-16 -0.261809
v -0.444831 1.3092 0.337278
vt -8.23044 130.283
v -0.444756 1.30983 0.337554
vt -8.2417 130.308
v -0.443578 1.31465 0.341897
vt -8.41886 130.498
v -0.442089 1.31876 0.347387
vt -8.6428 130.66
v -0.440412 1.3206 0.353567
vt -8.8949 130.732
v -0.438688 1.32028 0.359922
vt -9.15416 130.72
v -0.43706 1.31809 0.365924
vt -9.399 130.633
v -0.435535 1.31317 0.371545
vt -9.6283 130.44
v -0.433839 1.30548 0.377798
vt -9.88335 130.137
f 4122/8196/1493 3236/7310/1493 3235/7309/1493 3234/7308/1493 3233/7307/1493 3232/7306/1493 3231/7305/1493 3230/7304/1493 3229/7303/1493 3228/7302/1493 3227/7301/1493 3226/7300/1493 3225/7299/1493 3224/7298/1493 3223/7297/1493 3222/7296/1493 3266/7340/1493 4100/8174/1493 4099/8173/1493 4098/8172/1493 4097/8171/1493 4096/8170/1493 4095/8169/1493 4094/8168/1493 4093/8167/1493 4121/8195/1493 4120/8194/1493 4119/8193/1493 4118/8192/1493 4117/8191/1493 4116/8190/1493 4115/8189/1493 4114/8188/1493 4113/8187/1493 4112/8186/1493 4111/8185/1493 4110/8184/1493 4109/8183/1493 4108/8182/1493 4107/8181/1493 4106/8180/1493 4105/8179/1493 4104/8178/1493 4103/8177/1493 4102/8176/1493 4123/8197/1493 4124/8198/1493 4125/8199/1493 4126/8200/1493 4127/8201/1493 4128/8202/1493 4129/8203/1493 4130/8204/1493 4131/8205/1493 

usemtl Sree_Dress_4
vn 0.96512 -1.23465e-15 -0.261809
v -0.429233 1.27258 0.394777
vt -10.576 128.842
v -0.42801 1.24915 0.399286
vt -10.7599 127.919
v -0.427008 1.20682 0.402978
vt -10.9105 126.253
v -0.425999 1.1687 0.406697
vt -11.0623 124.752
v -0.423957 1.14428 0.414227
vt -11.3694 123.791
v -0.422202 1.13259 0.420695
vt -11.6333 123.33
v -0.420824 1.12441 0.425776
vt -11.8405 123.008
v -0.417032 1.11122 0.439753
vt -12.4107 122.489
v -0.411451 1.10435 0.460327
vt -13.25 122.218
v -0.406747 1.10322 0.47767
vt -13.9574 122.174
v -0.401243 1.1032 0.497959
vt -14.7851 122.173
v -0.394038 1.10647 0.524517
vt -15.8685 122.302
v -0.380597 1.15183 0.574067
vt -17.8897 124.088
v -0.379568 1.15407 0.577862
vt -18.0445 124.176
v -0.433824 1.0571 0.377854
vt -9.88565 120.358
v -0.433824 1.06207 0.377854
vt -9.88565 120.554
f 4122/8196/1494 4132/8206/1494 4133/8207/1494 4134/8208/1494 4135/8209/1494 4136/8210/1494 4137/8211/1494 4138/8212/1494 4139/8213/1494 4140/8214/1494 4141/8215/1494 4142/8216/1494 4143/8217/1494 4144/8218/1494 4145/8219/1494 3129/7203/1494 3128/7202/1494 3127/7201/1494 3189/7263/1494 3188/7262/1494 3187/7261/1494 3186/7260/1494 3249/7323/1494 4146/8220/1494 4147/8221/1494 3241/7315/1494 3240/7314/1494 3239/7313/1494 3238/7312/1494 3237/7311/1494 3236/7310/1494 

v -0.438491 1.33217 0.360649
vt -9.1838 131.188
vn 0.96512 1.68369e-15 -0.261809
v -0.434193 1.33484 0.376493
vt -9.83012 131.293
v -0.416267 1.36534 0.442575
vt -12.5258 132.494
v -0.415058 1.36316 0.447031
vt -12.7076 132.408
v -0.413937 1.36076 0.451163
vt -12.8762 132.314
v -0.412893 1.35784 0.455014
vt -13.0332 132.198
v -0.414116 1.36055 0.450503
vt -12.8492 132.305
v -0.416302 1.36442 0.442445
vt -12.5205 132.457
v -0.416716 1.36442 0.44092
vt -12.4583 132.457
v -0.42112 1.35116 0.424685
vt -11.796 131.935
v -0.424047 1.34453 0.413895
vt -11.3559 131.674
v -0.426303 1.33956 0.405579
vt -11.0166 131.479
v -0.428636 1.33664 0.39698
vt -10.6658 131.364
v -0.430477 1.33569 0.39019
vt -10.3889 131.326
v -0.438236 1.3312 0.361591
vt -9.22222 131.15
v -0.439648 1.32706 0.356385
vt -9.00986 130.987
v -0.439648 1.32575 0.356385
vt -9.00986 130.935
v -0.439318 1.32468 0.357599
vt -9.05939 130.893
v -0.438915 1.32451 0.359086
vt -9.12006 130.886
v -0.437055 1.32175 0.365941
vt -9.3997 130.777
v -0.435463 1.31684 0.371811
vt -9.63913 130.584
v -0.43368 1.3091 0.378383
vt -9.90724 130.28
v -0.431451 1.29522 0.386599
vt -10.2424 129.733
v -0.429735 1.28241 0.392928
vt -10.5006 129.229
v -0.444821 1.31034 0.337313
vt -8.23186 130.328
v -0.444148 1.31453 0.339795
vt -8.33309 130.493
v -0.44257 1.32174 0.345612
vt -8.5704 130.777
v -0.441576 1.32484 0.349278
vt -8.71995 130.899
v -0.440868 1.32706 0.351888
vt -8.82643 130.986
v -0.438898 1.33129 0.359148
vt -9.12255 131.153
f 4148/8222/1495 4149/8223/1495 2722/6796/1495 2721/6795/1495 2720/6794/1495 2719/6793/1495 2718/6792/1495 4150/8224/1495 4151/8225/1495 4152/8226/1495 4153/8227/1495 4154/8228/1495 4155/8229/1495 4156/8230/1495 4157/8231/1495 4158/8232/1495 4159/8233/1495 4160/8234/1495 4161/8235/1495 4162/8236/1495 4163/8237/1495 4164/8238/1495 4165/8239/1495 4166/8240/1495 4167/8241/1495 4168/8242/1495 4169/8243/1495 4170/8244/1495 4171/8245/1495 4132/8206/1495 4122/8196/1495 4131/8205/1495 4130/8204/1495 4129/8203/1495 4128/8202/1495 4127/8201/1495 4126/8200/1495 4125/8199/1495 4124/8198/1495 4123/8197/1495 4172/8246/1495 4173/8247/1495 4174/8248/1495 4175/8249/1495 4176/8250/1495 4177/8251/1495 

usemtl Sree_Pearls_2
vn 0.96512 -1.63685e-15 -0.261809
v -0.383826 1.30632 0.562162
vt -17.4041 130.17
v -0.384825 1.30322 0.55848
vt -17.2539 130.048
v -0.386456 1.29935 0.552468
vt -17.0087 129.896
v -0.387641 1.29757 0.548099
vt -16.8304 129.826
v -0.388901 1.29688 0.543454
vt -16.6409 129.798
v -0.391482 1.29753 0.533939
vt -16.2528 129.824
v -0.393385 1.29924 0.526926
vt -15.9667 129.891
v -0.395215 1.30186 0.520181
vt -15.6916 129.994
v -0.396941 1.30535 0.513815
vt -15.4319 130.132
v -0.398537 1.30966 0.507934
vt -15.192 130.302
v -0.399975 1.31472 0.502633
vt -14.9758 130.501
v -0.402137 1.32309 0.494661
vt -14.6506 130.83
v -0.404369 1.33119 0.486436
vt -14.315 131.149
v -0.406667 1.33902 0.477964
vt -13.9694 131.457
v -0.409029 1.34656 0.469256
vt -13.6142 131.754
v -0.411453 1.35381 0.460319
vt -13.2496 132.04
f 2718/6792/1496 2717/6791/1496 2939/7013/1496 2938/7012/1496 2937/7011/1496 2936/7010/1496 2935/7009/1496 2934/7008/1496 2933/7007/1496 2932/7006/1496 2931/7005/1496 2930/7004/1496 2929/7003/1496 2928/7002/1496 2927/7001/1496 2926/7000/1496 2925/6999/1496 2924/6998/1496 2923/6997/1496 2922/6996/1496 2921/6995/1496 4178/8252/1496 4179/8253/1496 4180/8254/1496 4181/8255/1496 4182/8256/1496 4183/8257/1496 4184/8258/1496 4185/8259/1496 4186/8260/1496 4187/8261/1496 4188/8262/1496 4189/8263/1496 4190/8264/1496 4191/8265/1496 4192/8266/1496 4193/8267/1496 4153/8227/1496 4152/8226/1496 4151/8225/1496 4150/8224/1496 

usemtl Sree_Dress_3
vn 0.96512 -1.81047e-15 -0.261809
v -0.380884 1.31884 0.573008
vt -17.8466 130.663
v -0.382327 1.31072 0.567688
vt -17.6295 130.343
v -0.384091 1.30327 0.561187
vt -17.3643 130.05
v -0.385145 1.2999 0.5573
vt -17.2058 129.917
v -0.38683 1.29578 0.55109
vt -16.9524 129.755
v -0.388151 1.29374 0.546222
vt -16.7539 129.675
v -0.389568 1.29293 0.540996
vt -16.5407 129.643
v -0.392215 1.29362 0.531238
vt -16.1426 129.67
v -0.394171 1.29543 0.524028
vt -15.8485 129.741
v -0.396035 1.29818 0.517155
vt -15.5681 129.85
v -0.397795 1.30185 0.510668
vt -15.3035 129.994
v -0.399421 1.30638 0.504675
vt -15.0591 130.172
v -0.400857 1.31158 0.499381
vt -14.8431 130.377
v -0.402926 1.31984 0.491753
vt -14.5319 130.702
v -0.404258 1.32483 0.486844
vt -14.3317 130.899
v -0.406244 1.32905 0.479522
vt -14.033 131.065
v -0.408281 1.33346 0.472015
vt -13.7268 131.239
v -0.411758 1.34185 0.459195
vt -13.2038 131.569
v -0.416258 1.34512 0.442607
vt -12.5271 131.698
v -0.419292 1.33969 0.431423
vt -12.0709 131.484
v -0.426913 1.33187 0.403329
vt -10.9249 131.176
v -0.427964 1.32858 0.399455
vt -10.7668 131.046
v -0.429512 1.32267 0.39375
vt -10.5341 130.814
v -0.430178 1.31682 0.391292
vt -10.4338 130.583
v -0.430704 1.31016 0.389353
vt -10.3547 130.321
v -0.430901 1.30141 0.38863
vt -10.3252 129.977
v -0.430382 1.29117 0.390542
vt -10.4032 129.574
f 4163/8237/1497 4162/8236/1497 4161/8235/1497 4160/8234/1497 4159/8233/1497 4158/8232/1497 4157/8231/1497 4156/8230/1497 4155/8229/1497 4154/8228/1497 4153/8227/1497 4193/8267/1497 4192/8266/1497 4191/8265/1497 4190/8264/1497 4189/8263/1497 4188/8262/1497 4187/8261/1497 4186/8260/1497 4185/8259/1497 4184/8258/1497 4183/8257/1497 4182/8256/1497 4181/8255/1497 4180/8254/1497 4179/8253/1497 4178/8252/1497 2921/6995/1497 2920/6994/1497 4194/8268/1497 4195/8269/1497 4196/8270/1497 4197/8271/1497 4198/8272/1497 4199/8273/1497 4200/8274/1497 4201/8275/1497 4202/8276/1497 4203/8277/1497 4204/8278/1497 4205/8279/1497 4206/8280/1497 4207/8281/1497 4208/8282/1497 4209/8283/1497 4210/8284/1497 4211/8285/1497 4212/8286/1497 4213/8287/1497 4214/8288/1497 4215/8289/1497 4216/8290/1497 4217/8291/1497 4218/8292/1497 4219/8293/1497 4220/8294/1497 4171/8245/1497 4170/8244/1497 4169/8243/1497 4168/8242/1497 4167/8241/1497 4166/8240/1497 4165/8239/1497 4164/8238/1497 

usemtl Sree_Dress_1
vn 0.96512 -7.86649e-16 -0.261809
v -0.355194 1.1773 0.667712
vt -21.7098 125.091
v -0.356412 1.15697 0.663219
vt -21.5265 124.29
v -0.357125 1.14655 0.660592
vt -21.4193 123.88
v -0.358828 1.13593 0.654314
vt -21.1633 123.462
v -0.360229 1.13038 0.649148
vt -20.9525 123.243
v -0.362641 1.12188 0.64026
vt -20.5899 122.909
v -0.364082 1.11746 0.634947
vt -20.3732 122.735
v -0.365952 1.11733 0.628055
vt -20.0921 122.73
v -0.367407 1.11876 0.622688
vt -19.8731 122.786
f 3022/7096/1498 3021/7095/1498 4221/8295/1498 4222/8296/1498 4223/8297/1498 4224/8298/1498 4225/8299/1498 4226/8300/1498 4227/8301/1498 4228/8302/1498 4229/8303/1498 3133/7207/1498 3132/7206/1498 3131/7205/1498 3130/7204/1498 3129/7203/1498 4145/8219/1498 4144/8218/1498 4143/8217/1498 4142/8216/1498 4141/8215/1498 4140/8214/1498 4139/8213/1498 4138/8212/1498 4137/8211/1498 4136/8210/1498 4135/8209/1498 4134/8208/1498 4133/8207/1498 4132/8206/1498 4171/8245/1498 4220/8294/1498 4219/8293/1498 4218/8292/1498 4217/8291/1498 4216/8290/1498 4215/8289/1498 4214/8288/1498 4213/8287/1498 4212/8286/1498 4211/8285/1498 4210/8284/1498 4209/8283/1498 4208/8282/1498 4207/8281/1498 4206/8280/1498 4205/8279/1498 4204/8278/1498 4203/8277/1498 4202/8276/1498 4201/8275/1498 4200/8274/1498 4199/8273/1498 4198/8272/1498 4197/8271/1498 4196/8270/1498 4195/8269/1498 4194/8268/1498 2920/6994/1498 3036/7110/1498 3035/7109/1498 3034/7108/1498 3033/7107/1498 3032/7106/1498 3031/7105/1498 3030/7104/1498 3029/7103/1498 3028/7102/1498 3027/7101/1498 3026/7100/1498 3025/7099/1498 3024/7098/1498 3023/7097/1498 

usemtl Sree_Dress_4
vn 0.96512 -3.83639e-15 -0.261809
v -0.3564 1.1439 0.663264
vt -21.5284 123.776
v -0.357797 1.13309 0.658114
vt -21.3183 123.35
v -0.358667 1.11312 0.654908
vt -21.1875 122.564
v -0.359195 1.10099 0.65296
vt -21.108 122.086
f 3133/7207/1499 4229/8303/1499 4228/8302/1499 4227/8301/1499 4226/8300/1499 4225/8299/1499 4224/8298/1499 4223/8297/1499 4222/8296/1499 4221/8295/1499 3021/7095/1499 3020/7094/1499 3059/7133/1499 3058/7132/1499 3057/7131/1499 3056/7130/1499 4230/8304/1499 4231/8305/1499 4232/8306/1499 4233/8307/1499 3134/7208/1499 

usemtl Sree_Complexion_3
vn 0.96512 -8.4636e-16 -0.261809
v -0.358278 1.0868 0.656343
vt -21.246 121.527
f 4230/8304/1500 3056/7130/1500 3055/7129/1500 3054/7128/1500 3053/7127/1500 3052/7126/1500 3051/7125/1500 3050/7124/1500 3049/7123/1500 3135/7209/1500 4234/8308/1500 4232/8306/1500 4231/8305/1500 

usemtl Sree_Laptop_2
vn 0.96512 7.18084e-16 -0.261809
v -0.400674 0.835218 0.500057
vt -14.8707 111.623
v -0.404654 0.853376 0.485386
vt -14.2722 112.338
v -0.408692 0.861532 0.470497
vt -13.6648 112.659
v -0.412262 0.867715 0.457338
vt -13.128 112.902
v -0.415583 0.879555 0.445094
vt -12.6286 113.368
v -0.42141 0.895125 0.423617
vt -11.7524 113.981
v -0.426432 0.903379 0.405102
vt -10.9972 114.306
v -0.402842 0.799309 0.492065
vt -14.5446 110.209
v -0.401885 0.798357 0.495592
vt -14.6885 110.172
v -0.401029 0.798997 0.498746
vt -14.8172 110.197
v -0.399996 0.801405 0.502556
vt -14.9726 110.292
v -0.398476 0.835892 0.508157
vt -15.2011 111.649
f 3357/7431/1501 3473/7547/1501 4235/8309/1501 4236/8310/1501 4237/8311/1501 4238/8312/1501 4239/8313/1501 4240/8314/1501 4241/8315/1501 4242/8316/1501 4243/8317/1501 4244/8318/1501 4245/8319/1501 3471/7545/1501 3470/7544/1501 3503/7577/1501 3502/7576/1501 3501/7575/1501 3500/7574/1501 3499/7573/1501 3498/7572/1501 3497/7571/1501 3496/7570/1501 3495/7569/1501 3494/7568/1501 4058/8132/1501 4057/8131/1501 4056/8130/1501 4055/8129/1501 4054/8128/1501 4053/8127/1501 3261/7335/1501 3260/7334/1501 3259/7333/1501 3258/7332/1501 3257/7331/1501 3256/7330/1501 3327/7401/1501 3326/7400/1501 4246/8320/1501 3358/7432/1501 

usemtl Sree_Laptop_1
vn 0.96512 -5.78464e-16 -0.261809
f 3472/7546/1502 3471/7545/1502 4245/8319/1502 4244/8318/1502 4243/8317/1502 4242/8316/1502 4241/8315/1502 4240/8314/1502 4239/8313/1502 4238/8312/1502 4237/8311/1502 4236/8310/1502 4235/8309/1502 3473/7547/1502 

usemtl Sree_Nails_4
vn 0.96512 -4.05025e-15 -0.261809
f 4246/8320/1503 3326/7400/1503 3325/7399/1503 3362/7436/1503 3361/7435/1503 3360/7434/1503 3359/7433/1503 3358/7432/1503 

usemtl Sree_Laptop_2
v -0.396093 0.822582 0.516944
vt -15.5595 111.125
vn 0.96512 -9.05078e-16 -0.261809
v -0.394564 0.822816 0.522579
vt -15.7894 111.134
f 4247/8321/1504 3474/7548/1504 3356/7430/1504 3355/7429/1504 3354/7428/1504 4248/8322/1504 

usemtl Sree_Complexion_2
vn 0.96512 4.92626e-17 -0.261809
v -0.394916 0.821839 0.521281
vt -15.7365 111.096
v -0.393144 0.819681 0.527814
vt -16.003 111.011
v -0.392027 0.816524 0.531932
vt -16.171 110.887
v -0.390777 0.811087 0.536539
vt -16.3589 110.673
f 3474/7548/1505 4247/8321/1505 4249/8323/1505 4250/8324/1505 4251/8325/1505 4252/8326/1505 3351/7425/1505 3350/7424/1505 3349/7423/1505 3348/7422/1505 3347/7421/1505 3346/7420/1505 3345/7419/1505 3344/7418/1505 3343/7417/1505 3342/7416/1505 3476/7550/1505 3475/7549/1505 

usemtl Sree_Complexion_3
vn 0.96512 -6.88488e-16 -0.261809
f 3352/7426/1506 3351/7425/1506 4252/8326/1506 4251/8325/1506 4250/8324/1506 4249/8323/1506 4247/8321/1506 4248/8322/1506 3354/7428/1506 3353/7427/1506 

usemtl Sree_Complexion_2
vn 0.96512 -1.60074e-15 -0.261809
f 3363/7437/1507 3325/7399/1507 3324/7398/1507 3323/7397/1507 3322/7396/1507 3321/7395/1507 3320/7394/1507 3319/7393/1507 3318/7392/1507 3317/7391/1507 3316/7390/1507 3375/7449/1507 3374/7448/1507 3373/7447/1507 3372/7446/1507 3371/7445/1507 3370/7444/1507 3369/7443/1507 3368/7442/1507 3367/7441/1507 3366/7440/1507 3365/7439/1507 3364/7438/1507 

usemtl Sree_Complexion_1
vn 0.96512 1.36879e-16 -0.261809
v -0.371955 0.91632 0.605922
vt -19.1892 114.816
v -0.371444 0.91373 0.607808
vt -19.2661 114.714
v -0.369777 0.914623 0.613954
vt -19.5169 114.749
v -0.369112 0.916864 0.616405
vt -19.6168 114.837
v -0.36888 0.919681 0.617259
vt -19.6517 114.948
v -0.368344 0.919089 0.619236
vt -19.7323 114.925
v -0.368201 0.916337 0.619763
vt -19.7538 114.816
v -0.368756 0.911763 0.617717
vt -19.6704 114.636
v -0.370423 0.906212 0.611572
vt -19.4197 114.418
v -0.373895 0.900452 0.598771
vt -18.8975 114.191
v -0.377467 0.896942 0.585605
vt -18.3604 114.053
v -0.389291 0.897511 0.542019
vt -16.5824 114.075
v -0.391094 0.897883 0.53537
vt -16.3112 114.09
v -0.391981 0.895006 0.532101
vt -16.1778 113.977
v -0.392122 0.892151 0.53158
vt -16.1566 113.864
v -0.391981 0.889295 0.532101
vt -16.1778 113.752
v -0.390393 0.88416 0.537954
vt -16.4166 113.55
v -0.387056 0.880356 0.550258
vt -16.9185 113.4
v -0.385966 0.880691 0.554275
vt -17.0824 113.413
v -0.382611 0.876001 0.566641
vt -17.5868 113.228
v -0.381055 0.868912 0.572378
vt -17.8209 112.949
v -0.380045 0.85988 0.576102
vt -17.9728 112.594
v -0.380408 0.852899 0.574765
vt -17.9182 112.319
v -0.382777 0.846631 0.56603
vt -17.5619 112.072
v -0.384628 0.846046 0.559206
vt -17.2835 112.049
v -0.38933 0.857587 0.541872
vt -16.5764 112.503
v -0.391014 0.861718 0.535666
vt -16.3233 112.666
v -0.3931 0.864049 0.527975
vt -16.0095 112.758
v -0.394814 0.864049 0.521657
vt -15.7518 112.758
v -0.395846 0.86289 0.517854
vt -15.5967 112.712
v -0.396215 0.860853 0.516492
vt -15.5411 112.632
v -0.396215 0.859131 0.516492
vt -15.5411 112.564
v -0.396383 0.858667 0.515874
vt -15.5159 112.546
v -0.396383 0.85723 0.515874
vt -15.5159 112.489
v -0.394869 0.852642 0.521454
vt -15.7435 112.309
f 3299/7373/1508 3298/7372/1508 3297/7371/1508 3296/7370/1508 3295/7369/1508 3294/7368/1508 3293/7367/1508 3292/7366/1508 3291/7365/1508 3290/7364/1508 3289/7363/1508 3288/7362/1508 3212/7286/1508 3211/7285/1508 3210/7284/1508 3209/7283/1508 3208/7282/1508 3207/7281/1508 3206/7280/1508 3205/7279/1508 3204/7278/1508 3203/7277/1508 3202/7276/1508 4253/8327/1508 4254/8328/1508 4255/8329/1508 4256/8330/1508 4257/8331/1508 3197/7271/1508 3196/7270/1508 4258/8332/1508 4259/8333/1508 4260/8334/1508 4261/8335/1508 4262/8336/1508 4263/8337/1508 3102/7176/1508 3101/7175/1508 3100/7174/1508 3099/7173/1508 3418/7492/1508 3417/7491/1508 3416/7490/1508 4264/8338/1508 4265/8339/1508 3409/7483/1508 3408/7482/1508 4266/8340/1508 4267/8341/1508 4268/8342/1508 4269/8343/1508 4270/8344/1508 4271/8345/1508 4272/8346/1508 4273/8347/1508 4274/8348/1508 4275/8349/1508 4276/8350/1508 4277/8351/1508 4278/8352/1508 4279/8353/1508 4280/8354/1508 4281/8355/1508 4282/8356/1508 4283/8357/1508 4284/8358/1508 4285/8359/1508 4286/8360/1508 4287/8361/1508 3378/7452/1508 3377/7451/1508 3376/7450/1508 3310/7384/1508 3309/7383/1508 3308/7382/1508 3307/7381/1508 3306/7380/1508 3305/7379/1508 3304/7378/1508 3303/7377/1508 3302/7376/1508 3301/7375/1508 3300/7374/1508 

usemtl Sree_Nails_4
vn 0.96512 5.34755e-15 -0.261809
f 3198/7272/1509 3197/7271/1509 4257/8331/1509 4256/8330/1509 4255/8329/1509 4254/8328/1509 4253/8327/1509 3202/7276/1509 3201/7275/1509 3200/7274/1509 3199/7273/1509 

usemtl Sree_Complexion_2
vn 0.96512 -6.20909e-16 -0.261809
f 3103/7177/1510 3102/7176/1510 4263/8337/1510 4262/8336/1510 4261/8335/1510 4260/8334/1510 4259/8333/1510 4258/8332/1510 3196/7270/1510 3195/7269/1510 3194/7268/1510 3193/7267/1510 3192/7266/1510 3191/7265/1510 3105/7179/1510 3104/7178/1510 

usemtl Sree_Nails_4
vn 0.96512 -1.26426e-15 -0.261809
f 4265/8339/1511 4264/8338/1511 3416/7490/1511 3415/7489/1511 3414/7488/1511 3413/7487/1511 3412/7486/1511 3411/7485/1511 3410/7484/1511 3409/7483/1511 

usemtl Sree_Complexion_2
vn 0.96512 -5.37967e-16 -0.261809
v -0.381694 0.847346 0.570023
vt -17.7248 112.1
v -0.379267 0.848949 0.578969
vt -18.0897 112.163
v -0.378338 0.851786 0.582395
vt -18.2295 112.275
v -0.378338 0.868315 0.582395
vt -18.2295 112.926
v -0.379999 0.875226 0.57627
vt -17.9796 113.198
v -0.383951 0.88131 0.561704
vt -17.3854 113.437
v -0.384958 0.881 0.557989
vt -17.2339 113.425
f 3397/7471/1512 3396/7470/1512 3395/7469/1512 3394/7468/1512 3393/7467/1512 3392/7466/1512 3391/7465/1512 3390/7464/1512 3389/7463/1512 3388/7462/1512 3387/7461/1512 3386/7460/1512 3385/7459/1512 4284/8358/1512 4283/8357/1512 4282/8356/1512 4281/8355/1512 4280/8354/1512 4279/8353/1512 4278/8352/1512 4277/8351/1512 4276/8350/1512 4288/8362/1512 4289/8363/1512 4290/8364/1512 4291/8365/1512 4292/8366/1512 4293/8367/1512 4294/8368/1512 4271/8345/1512 4270/8344/1512 4269/8343/1512 4268/8342/1512 4267/8341/1512 4266/8340/1512 3408/7482/1512 3407/7481/1512 3406/7480/1512 3405/7479/1512 3404/7478/1512 3403/7477/1512 3402/7476/1512 3401/7475/1512 3400/7474/1512 3399/7473/1512 3398/7472/1512 

usemtl Sree_Nails_4
vn 0.96512 1.62957e-15 -0.261809
f 3381/7455/1513 3380/7454/1513 3379/7453/1513 3378/7452/1513 4287/8361/1513 4286/8360/1513 4285/8359/1513 4284/8358/1513 3385/7459/1513 3384/7458/1513 3383/7457/1513 3382/7456/1513 

usemtl Sree_Complexion_2
vn 0.96512 -3.64603e-16 -0.261809
v -0.380388 0.874221 0.574837
vt -17.9212 113.158
v -0.3791 0.865094 0.579587
vt -18.1149 112.799
v -0.3791 0.857244 0.579587
vt -18.1149 112.49
v -0.379755 0.850811 0.577169
vt -18.0163 112.237
f 4271/8345/1514 4294/8368/1514 4295/8369/1514 4296/8370/1514 4297/8371/1514 4298/8372/1514 4288/8362/1514 4276/8350/1514 4275/8349/1514 4274/8348/1514 4273/8347/1514 4272/8346/1514 

usemtl Sree_Complexion_3
vn 0.96512 -2.25816e-16 -0.261809
f 4289/8363/1515 4288/8362/1515 4298/8372/1515 4297/8371/1515 4296/8370/1515 4295/8369/1515 4294/8368/1515 4293/8367/1515 4292/8366/1515 4291/8365/1515 4290/8364/1515 

usemtl Sree_Watch_3
v -0.404642 0.909965 0.48543
vt -14.274 114.566
vn 0.96512 -7.46341e-16 -0.261809
f 4299/8373/1516 3267/7341/1516 3218/7292/1516

v -0.407016 0.914711 0.476677
vt -13.9169 114.752
f 3267/7341/1516 4299/8373/1516 4300/8374/1516

usemtl Sree_Watch_2
vn 0.96512 -3.76588e-16 -0.261809
v -0.404777 0.909133 0.48493
vt -14.2536 114.533
v -0.406886 0.913348 0.477156
vt -13.9365 114.699
v -0.410932 0.888478 0.462239
vt -13.328 113.72
v -0.408916 0.883692 0.469671
vt -13.6311 113.531
v -0.408965 0.883395 0.469493
vt -13.6239 113.52
v -0.411235 0.888784 0.461126
vt -13.2825 113.732
f 4299/8373/1517 4301/8375/1517 4302/8376/1517 4303/8377/1517 4304/8378/1517 4305/8379/1517 4306/8380/1517 4300/8374/1517 

usemtl Sree_Watch_3
f 4299/8373/1516 3277/7351/1516 4301/8375/1516

f 4299/8373/1516 3278/7352/1516 3277/7351/1516

f 3218/7292/1516 3278/7352/1516 4299/8373/1516

f 3217/7291/1516 3278/7352/1516 3218/7292/1516

f 3278/7352/1516 3217/7291/1516 3216/7290/1516

f 4301/8375/1516 3277/7351/1516 4304/8378/1516

f 4304/8378/1516 3277/7351/1516 3276/7350/1516

f 4304/8378/1516 3276/7350/1516 3275/7349/1516

f 3275/7349/1516 3273/7347/1516 4304/8378/1516

f 3273/7347/1516 3275/7349/1516 3274/7348/1516

f 4304/8378/1516 3273/7347/1516 4305/8379/1516

f 4305/8379/1516 3273/7347/1516 4306/8380/1516

f 4306/8380/1516 3273/7347/1516 3272/7346/1516

f 4306/8380/1516 3272/7346/1516 3270/7344/1516

f 3270/7344/1516 3272/7346/1516 3271/7345/1516

f 3269/7343/1516 4306/8380/1516 3270/7344/1516

f 3269/7343/1516 4300/8374/1516 4306/8380/1516

f 3268/7342/1516 4300/8374/1516 3269/7343/1516

f 3267/7341/1516 4300/8374/1516 3268/7342/1516

usemtl Sree_Watch_1
vn 0.96512 -2.18053e-16 -0.261809
f 4301/8375/1518 4304/8378/1518 4303/8377/1518 4302/8376/1518 

usemtl Sree_Laptop_2
vn 0.96512 1.56863e-14 -0.261809
v -0.347695 0.986407 0.695357
vt -22.8375 117.575
v -0.352781 0.968727 0.676607
vt -22.0726 116.879
f 3181/7255/1519 3180/7254/1519 3179/7253/1519 3178/7252/1519 3177/7251/1519 3176/7250/1519 3115/7189/1519 3114/7188/1519 4307/8381/1519 4308/8382/1519 3113/7187/1519 3112/7186/1519 

vn 0.96512 1.66941e-14 -0.261809
f 3115/7189/1520 3176/7250/1520 3175/7249/1520 3174/7248/1520 3173/7247/1520 3136/7210/1520 3122/7196/1520 3121/7195/1520 3120/7194/1520 3119/7193/1520 3118/7192/1520 3117/7191/1520 3116/7190/1520 

usemtl Sree_Laptop_1
vn 0.96512 2.633e-14 -0.261809
f 4308/8382/1521 4307/8381/1521 3114/7188/1521 3113/7187/1521 

usemtl Sree_Dress_4
vn 0.96512 -3.29741e-14 -0.261809
f 3110/7184/1522 3109/7183/1522 3108/7182/1522 3107/7181/1522 3190/7264/1522 

vn 0.96512 -2.98191e-15 -0.261809
v -0.361809 1.33008 0.643327
vt -20.7151 131.106
v -0.359659 1.32399 0.651252
vt -21.0384 130.866
f 3060/7134/1523 3047/7121/1523 3046/7120/1523 3045/7119/1523 3044/7118/1523 3043/7117/1523 3042/7116/1523 3041/7115/1523 3040/7114/1523 3039/7113/1523 4309/8383/1523 4310/8384/1523 3064/7138/1523 3063/7137/1523 3062/7136/1523 3061/7135/1523 

usemtl Sree_Complexion_1
f 2812/6886/1420 2868/6942/1420 2811/6885/1420

f 2812/6886/1420 2860/6934/1420 2868/6942/1420

f 2818/6892/1420 2860/6934/1420 2812/6886/1420

f 2818/6892/1420 2861/6935/1420 2860/6934/1420

f 2818/6892/1420 2862/6936/1420 2861/6935/1420

f 2818/6892/1420 2863/6937/1420 2862/6936/1420

f 2818/6892/1420 2857/6931/1420 2863/6937/1420

f 2863/6937/1420 2857/6931/1420 2864/6938/1420

f 2860/6934/1420 2869/6943/1420 2868/6942/1420

f 2869/6943/1420 2860/6934/1420 2859/6933/1420

f 2749/6823/1420 2809/6883/1420 2750/6824/1420

v -0.400835 1.50008 0.499462
vt -14.8464 137.798
f 2750/6824/1420 2809/6883/1420 4311/8385/1420

usemtl Sree_Hair
vn 0.96512 1.41734e-14 -0.261809
v -0.401867 1.4981 0.495659
vt -14.6913 137.721
v -0.402996 1.50081 0.491495
vt -14.5214 137.827
v -0.406555 1.50387 0.478377
vt -13.9863 137.947
v -0.408842 1.50272 0.469944
vt -13.6423 137.902
v -0.410432 1.49856 0.464083
vt -13.4032 137.739
v -0.410898 1.4992 0.462368
vt -13.3332 137.764
v -0.409031 1.50453 0.46925
vt -13.614 137.974
v -0.406685 1.50607 0.477898
vt -13.9667 138.034
v -0.402221 1.50373 0.494352
vt -14.638 137.942
f 4311/8385/1524 2809/6883/1524 2808/6882/1524 4312/8386/1524 4313/8387/1524 4314/8388/1524 4315/8389/1524 4316/8390/1524 2801/6875/1524 4317/8391/1524 4318/8392/1524 4319/8393/1524 4320/8394/1524 

usemtl Sree_Complexion_3
vn 0.96512 1.85966e-14 -0.261809
f 4312/8386/1525 2808/6882/1525 2807/6881/1525 2806/6880/1525 2805/6879/1525 2804/6878/1525 2803/6877/1525 2802/6876/1525 2801/6875/1525 4316/8390/1525 4315/8389/1525 4314/8388/1525 4313/8387/1525 

usemtl Sree_Complexion_1
f 2753/6827/1420 4317/8391/1420 2801/6875/1420

f 2752/6826/1420 4317/8391/1420 2753/6827/1420

f 2752/6826/1420 4318/8392/1420 4317/8391/1420

f 2752/6826/1420 4319/8393/1420 4318/8392/1420

f 2751/6825/1420 4319/8393/1420 2752/6826/1420

f 2751/6825/1420 4320/8394/1420 4319/8393/1420

f 2750/6824/1420 4320/8394/1420 2751/6825/1420

f 2750/6824/1420 4311/8385/1420 4320/8394/1420

f 2757/6831/1420 2755/6829/1420 2754/6828/1420

f 2755/6829/1420 2757/6831/1420 2756/6830/1420

v -0.416806 1.4376 0.440589
vt -12.4448 135.339
f 2777/6851/1420 2773/6847/1420 4321/8395/1420

f 4321/8395/1420 2773/6847/1420 2772/6846/1420

v -0.416913 1.43678 0.440191
vt -12.4286 135.306
f 4321/8395/1420 2772/6846/1420 4322/8396/1420

v -0.417073 1.4361 0.439603
vt -12.4046 135.279
f 4322/8396/1420 2772/6846/1420 4323/8397/1420

v -0.417274 1.43559 0.438863
vt -12.3744 135.26
f 4323/8397/1420 2772/6846/1420 4324/8398/1420

v -0.417502 1.4353 0.438022
vt -12.3401 135.248
f 4324/8398/1420 2772/6846/1420 4325/8399/1420

f 4325/8399/1420 2772/6846/1420 2771/6845/1420

v -0.417742 1.43525 0.437138
vt -12.304 135.246
f 4325/8399/1420 2771/6845/1420 4326/8400/1420

v -0.417977 1.43544 0.436271
vt -12.2686 135.253
f 4326/8400/1420 2771/6845/1420 4327/8401/1420

v -0.418192 1.43585 0.43548
vt -12.2364 135.27
f 4327/8401/1420 2771/6845/1420 4328/8402/1420

v -0.418371 1.43646 0.434818
vt -12.2094 135.294
f 4328/8402/1420 2771/6845/1420 4329/8403/1420

v -0.418503 1.43722 0.434332
vt -12.1895 135.324
f 4329/8403/1420 2771/6845/1420 4330/8404/1420

v -0.418578 1.4381 0.434053
vt -12.1782 135.358
f 4330/8404/1420 2771/6845/1420 4331/8405/1420

v -0.418592 1.43901 0.434002
vt -12.1761 135.394
f 4331/8405/1420 2771/6845/1420 4332/8406/1420

f 2763/6837/1420 4332/8406/1420 2771/6845/1420

v -0.418544 1.43991 0.434181
vt -12.1834 135.43
f 2763/6837/1420 4333/8407/1420 4332/8406/1420

v -0.418436 1.44073 0.434579
vt -12.1996 135.462
f 2763/6837/1420 4334/8408/1420 4333/8407/1420

v -0.418276 1.44142 0.435168
vt -12.2236 135.489
f 2763/6837/1420 4335/8409/1420 4334/8408/1420

f 2762/6836/1420 4335/8409/1420 2763/6837/1420

v -0.418076 1.44192 0.435908
vt -12.2538 135.509
f 2762/6836/1420 4336/8410/1420 4335/8409/1420

v -0.417847 1.44221 0.436748
vt -12.2881 135.52
f 2762/6836/1420 4337/8411/1420 4336/8410/1420

v -0.417608 1.44226 0.437632
vt -12.3242 135.522
f 2762/6836/1420 4338/8412/1420 4337/8411/1420

v -0.417429 1.44212 0.438292
vt -12.3511 135.517
f 2762/6836/1420 4339/8413/1420 4338/8412/1420

v -0.417372 1.44207 0.438499
vt -12.3596 135.515
f 2762/6836/1420 4340/8414/1420 4339/8413/1420

v -0.417158 1.44166 0.439291
vt -12.3918 135.499
f 2762/6836/1420 4341/8415/1420 4340/8414/1420

v -0.416978 1.44105 0.439952
vt -12.4188 135.475
f 2762/6836/1420 4342/8416/1420 4341/8415/1420

v -0.416846 1.44029 0.440438
vt -12.4387 135.444
f 2762/6836/1420 4343/8417/1420 4342/8416/1420

f 2762/6836/1420 2776/6850/1420 4343/8417/1420

usemtl Sree_Pearls_1
vn 0.96512 -6.42576e-16 -0.261809
v -0.416854 1.43775 0.440409
vt -12.4375 135.344
v -0.416996 1.4371 0.439888
vt -12.4162 135.319
v -0.417173 1.43661 0.439236
vt -12.3896 135.3
v -0.417376 1.43629 0.438488
vt -12.3591 135.287
v -0.417593 1.43616 0.437688
vt -12.3264 135.282
v -0.417812 1.43623 0.436881
vt -12.2935 135.285
v -0.41802 1.43649 0.436113
vt -12.2622 135.295
v -0.418206 1.43694 0.435428
vt -12.2343 135.313
v -0.418358 1.43754 0.434865
vt -12.2113 135.336
v -0.418469 1.43827 0.434455
vt -12.1946 135.365
v -0.418532 1.43907 0.434223
vt -12.1851 135.397
f 2776/6850/1526 2777/6851/1526 4344/8418/1526 4345/8419/1526 4346/8420/1526 4347/8421/1526 4348/8422/1526 4349/8423/1526 4350/8424/1526 4351/8425/1526 4352/8426/1526 4353/8427/1526 4354/8428/1526 4333/8407/1526 4334/8408/1526 4335/8409/1526 4336/8410/1526 4337/8411/1526 4338/8412/1526 4339/8413/1526 4340/8414/1526 4341/8415/1526 4342/8416/1526 4343/8417/1526 

usemtl Sree_Pearls_2
vn 0.96512 -2.27393e-14 -0.261809
f 4332/8406/1527 4333/8407/1527 4354/8428/1527 4353/8427/1527 4352/8426/1527 4351/8425/1527 4350/8424/1527 4349/8423/1527 4348/8422/1527 4347/8421/1527 4346/8420/1527 4345/8419/1527 4344/8418/1527 2777/6851/1527 4321/8395/1527 4322/8396/1527 4323/8397/1527 4324/8398/1527 4325/8399/1527 4326/8400/1527 4327/8401/1527 4328/8402/1527 4329/8403/1527 4330/8404/1527 4331/8405/1527 

usemtl Sree_Complexion_1
f 2763/6837/1420 2771/6845/1420 2770/6844/1420

f 2763/6837/1420 2770/6844/1420 2764/6838/1420

f 2764/6838/1420 2770/6844/1420 2769/6843/1420

f 2764/6838/1420 2769/6843/1420 2765/6839/1420

f 2765/6839/1420 2769/6843/1420 2766/6840/1420

f 2766/6840/1420 2769/6843/1420 2768/6842/1420

f 2766/6840/1420 2768/6842/1420 2767/6841/1420

